,year,playername,team,age,g,gs,attempts,yards,tds,longgain,yardsperatt,yardspergame,fumbles,basesalarycap (10^8),Percenthit (%),caphit (M),cashspent (M)
987,2020,Aaron Jones,GNB,26,5,5,75,389,5,75,5.2,77.8,1,1.982,1.100909182643794,2.182002,2.133
988,2019,Aaron Jones,GNB,25,16,16,236,1084,16,56,4.6,67.8,3,1.882,0.36954675876726895,0.695487,0.645
989,2018,Aaron Jones,GNB,24,12,8,133,728,8,67,5.5,60.7,1,1.772,0.2930976297968397,0.519369,0.468882
990,2017,Aaron Jones,GNB,23,12,4,81,448,4,46,5.5,37.3,0,1.67,0.3086748502994012,0.515487,0.666948
1384,2020,Adrian Peterson,DET,35,6,4,80,314,2,27,3.9,52.3,0,1.982,0.5297679112008072,1.05,1.05
1385,2019,Adrian Peterson,WAS,34,15,15,211,898,5,32,4.3,59.9,3,1.882,0.9458023379383637,1.78,2.53
1386,2018,Adrian Peterson,WAS,33,16,16,251,1042,7,90,4.2,65.1,3,1.772,0.35553047404063204,0.63,1.015
1387,2017,Adrian Peterson,2TM,32,10,7,156,529,2,27,3.4,52.9,3,1.67,0.4226838323353293,0.705882,0.705882
1388,2016,Adrian Peterson,MIN,31,3,3,37,72,0,13,1.9,24.0,1,1.5527,7.728472982546533,12.0,12.0
1389,2015,Adrian Peterson,MIN,30,16,16,327,1485,11,80,4.5,92.8,7,1.4328,10.748185371300947,15.4,13.0
1390,2014,Adrian Peterson,MIN,29,1,1,21,75,0,17,3.6,75.0,0,1.33,9.268023308270676,12.326471,9.926471
1391,2013,Adrian Peterson,MIN,28,14,14,279,1266,10,78,4.5,90.4,5,1.23,11.30081300813008,13.9,11.5
1392,2012,Adrian Peterson,MIN,27,16,16,348,2097,12,82,6.0,131.1,4,1.206,10.534825870646767,12.705,8.0
1393,2011,Adrian Peterson,MIN,26,12,12,208,970,12,54,4.7,80.8,1,1.2,10.5875,12.705,20.25
1395,2009,Adrian Peterson,MIN,24,16,15,314,1383,18,64,4.4,86.4,7,1.23,2.284552845528456,2.81,0.755
1396,2008,Adrian Peterson,MIN,23,16,15,363,1760,10,67,4.8,110.0,9,1.16,2.0905172413793105,2.425,8.145
1397,2007,Adrian Peterson,MIN,22,14,9,238,1341,12,73,5.6,95.8,4,1.09,1.8715596330275233,2.04,6.99
242,2015,Ahmad Bradshaw,IND,29,6,0,31,85,0,23,2.7,14.2,0,1.4328,0.23955541596873253,0.343235,0.487059
243,2014,Ahmad Bradshaw,IND,28,10,1,90,425,2,29,4.7,42.5,3,1.33,0.365678947368421,0.486353,0.702529
244,2013,Ahmad Bradshaw,IND,27,3,2,41,186,2,27,4.5,62.0,0,1.23,1.559959349593496,1.91875,1.471875
245,2012,Ahmad Bradshaw,NYG,26,14,12,221,1015,6,37,4.6,72.5,3,1.206,3.7313432835820883,4.5,3.25
246,2011,Ahmad Bradshaw,NYG,25,12,9,171,659,9,37,3.9,54.9,1,1.2,2.291666666666666,2.75,6.5
248,2009,Ahmad Bradshaw,NYG,23,15,1,163,778,7,38,4.8,51.9,3,1.23,0.38144796747967474,0.469181,0.46
249,2008,Ahmad Bradshaw,NYG,22,15,0,67,355,1,77,5.3,23.7,3,1.16,0.3268801724137931,0.379181,0.37
250,2007,Ahmad Bradshaw,NYG,21,12,0,23,190,1,88,8.3,15.8,2,1.09,0.2698908256880734,0.294181,0.321725
365,2018,Alex Collins,BAL,24,10,10,114,411,7,19,3.6,41.1,3,1.772,0.35553047404063204,0.63,0.63
366,2017,Alex Collins,BAL,23,15,12,212,973,6,50,4.6,64.9,4,1.67,0.3043323353293413,0.508235,0.508235
367,2016,Alex Collins,SEA,22,11,0,31,125,1,26,4.0,11.4,2,1.5527,0.319505377729117,0.496096,0.634384
1170,2020,Alexander Mattison,MIN,22,6,1,54,245,1,25,4.5,40.8,0,1.982,0.44427093844601406,0.880545,0.675
1171,2019,Alexander Mattison,MIN,21,13,0,100,462,1,35,4.6,35.5,1,1.882,0.37223432518597244,0.700545,1.31718
231,2018,Alfred Blue,HOU,27,16,2,150,499,2,17,3.3,31.2,0,1.772,0.40632054176072224,0.72,0.88
232,2017,Alfred Blue,HOU,26,11,0,71,262,1,48,3.7,23.8,0,1.67,0.43082814371257494,0.719483,0.69
233,2016,Alfred Blue,HOU,25,14,2,100,420,1,25,4.2,30.0,2,1.5527,0.40541186320602823,0.629483,0.6
234,2015,Alfred Blue,HOU,24,16,9,183,698,2,41,3.8,43.6,2,1.4328,0.37652359017308773,0.539483,0.51
235,2014,Alfred Blue,HOU,23,16,3,169,528,2,46,3.1,33.0,0,1.33,0.33795714285714284,0.449483,0.537932
1037,2020,Alvin Kamara,NOR,25,6,5,75,364,4,49,4.9,60.7,0,1.982,2.05660595358224,4.076193,15.833
1038,2019,Alvin Kamara,NOR,24,14,9,171,797,5,40,4.7,56.9,4,1.882,0.5582853347502658,1.050693,0.8075
1039,2018,Alvin Kamara,NOR,23,15,13,194,883,14,49,4.6,58.9,1,1.772,0.49559424379232503,0.878193,0.635
1040,2017,Alvin Kamara,NOR,22,16,3,120,728,8,74,6.1,45.5,1,1.67,0.42406766467065865,0.708193,1.437772
0,2020,Ameer Abdullah,MIN,27,6,0,2,7,0,4,3.5,1.2,0,1.982,0.4477800201816347,0.8875,1.0475
1,2019,Ameer Abdullah,MIN,26,16,0,23,115,0,15,5.0,7.2,1,1.882,0.3905419766206164,0.735,0.81
2,2017,Ameer Abdullah,DET,24,14,11,165,552,4,34,3.3,39.4,2,1.67,0.6787359281437126,1.133489,0.81283
3,2016,Ameer Abdullah,DET,23,2,2,18,101,0,24,5.6,50.5,0,1.5527,0.608342886584659,0.944574,0.623915
4,2015,Ameer Abdullah,DET,22,16,9,143,597,2,36,4.2,37.3,5,1.4328,0.5274001954215523,0.755659,1.717636
256,2013,Andre Brown,NYG,27,8,8,139,492,3,23,3.5,61.5,3,1.23,1.6447154471544716,2.023,2.023
257,2012,Andre Brown,NYG,26,10,2,73,385,8,31,5.3,38.5,0,1.206,0.3424054726368159,0.412941,0.412941
492,2017,Andre Ellington,2TM,28,12,2,20,55,1,14,2.8,4.6,0,1.67,0.16378982035928144,0.273529,0.273529
493,2016,Andre Ellington,ARI,27,16,0,34,96,0,13,2.8,6.0,0,1.5527,1.092912990275005,1.696966,1.671
494,2015,Andre Ellington,ARI,26,10,2,45,289,3,63,6.4,28.9,1,1.4328,0.42641401451702965,0.610966,0.585
495,2014,Andre Ellington,ARI,25,12,12,201,660,3,22,3.3,55.0,2,1.33,0.39170375939849633,0.520966,0.495
496,2013,Andre Ellington,ARI,24,15,1,118,652,3,80,5.5,43.5,1,1.23,0.3503788617886179,0.430966,0.508864
1844,2017,Andre Williams,LAC,25,8,0,9,25,0,7,2.8,3.1,0,1.67,0.28721377245508983,0.479647,0.479647
1845,2016,Andre Williams,SDG,24,1,0,18,87,0,14,4.8,87.0,0,1.5527,0.02273072712049977,0.035294,0.035294
1846,2015,Andre Williams,NYG,23,16,0,88,257,1,35,2.9,16.1,0,1.4328,0.4350921273031826,0.6234,0.51
1847,2014,Andre Williams,NYG,22,16,7,217,721,7,50,3.3,45.1,1,1.33,0.4010526315789474,0.5334,0.8736
74,2015,Antonio Andrews,TEN,23,14,10,143,520,3,38,3.6,37.1,1,1.4328,0.35594639865996647,0.51,0.51
488,2020,Austin Ekeler,LAC,25,4,4,49,248,1,13,5.1,62.0,0,1.982,2.5227043390514634,5.0,9.5
489,2019,Austin Ekeler,LAC,24,16,8,132,557,3,35,4.2,34.8,3,1.882,0.3436068012752391,0.646668,0.645
490,2018,Austin Ekeler,LAC,23,14,3,106,554,3,41,5.2,39.6,1,1.772,0.3141455981941309,0.556666,0.555
491,2017,Austin Ekeler,LAC,22,16,0,47,260,2,35,5.5,16.3,2,1.67,0.2794407185628742,0.466666,0.47
1664,2013,Ben Tate,HOU,25,14,7,181,771,4,60,4.3,55.1,5,1.23,0.7310975609756099,0.89925,0.63
1665,2012,Ben Tate,HOU,24,11,0,65,279,2,25,4.3,25.4,1,1.206,0.6295605306799337,0.75925,0.49
1666,2011,Ben Tate,HOU,23,15,2,175,942,4,56,5.4,62.8,4,1.2,0.561875,0.67425,0.405
699,2013,BenJarvus Green-Ellis,CIN,28,16,16,220,756,7,25,3.4,47.3,2,1.23,2.642276422764228,3.25,2.5
700,2012,BenJarvus Green-Ellis,CIN,27,15,15,278,1094,6,48,3.9,72.9,3,1.206,2.487562189054726,3.0,4.25
701,2011,BenJarvus Green-Ellis,NWE,26,16,6,181,667,11,18,3.7,41.7,0,1.2,1.5291666666666668,1.835,1.835
703,2009,BenJarvus Green-Ellis,NWE,24,12,0,26,114,0,29,4.4,9.5,0,1.23,0.3130081300813008,0.385,0.385
704,2008,BenJarvus Green-Ellis,NWE,23,9,3,74,275,5,15,3.7,30.6,0,1.16,0.17951293103448274,0.208235,0.208235
1401,2015,Bernard Pierce,JAX,24,7,0,6,11,0,4,1.8,1.6,0,1.4328,0.46063651591289784,0.66,0.66
1402,2014,Bernard Pierce,BAL,23,13,2,93,366,2,28,3.9,28.2,1,1.33,0.5330721804511278,0.708986,0.57
1403,2013,Bernard Pierce,BAL,22,16,1,152,436,2,28,2.9,27.3,0,1.23,0.503240650406504,0.618986,0.48
1404,2012,Bernard Pierce,BAL,21,16,0,108,532,1,78,4.9,33.3,0,1.206,0.43862852404643454,0.528986,0.945944
1427,2018,Bilal Powell,NYJ,30,7,7,80,343,0,38,4.3,49.0,2,1.772,2.7558318284424375,4.883334,4.0
1428,2017,Bilal Powell,NYJ,29,15,10,178,772,5,75,4.3,51.5,1,1.67,2.774450898203593,4.633333,3.75
1429,2016,Bilal Powell,NYJ,28,16,4,131,722,3,35,5.5,45.1,1,1.5527,1.1163347716880272,1.733333,3.5
1430,2015,Bilal Powell,NYJ,27,11,2,70,313,1,24,4.5,28.5,2,1.4328,1.3958682300390843,2.0,2.0
1431,2014,Bilal Powell,NYJ,26,15,1,33,141,1,15,4.3,9.4,0,1.33,1.1512218045112785,1.531125,1.431
1432,2013,Bilal Powell,NYJ,25,16,11,176,697,1,39,4.0,43.6,1,1.23,0.5326219512195122,0.655125,0.555
1433,2012,Bilal Powell,NYJ,24,14,2,110,437,4,18,4.0,31.2,0,1.206,0.4685945273631841,0.565125,0.465
1434,2011,Bilal Powell,NYJ,23,2,0,13,21,0,6,1.6,10.5,1,1.2,0.3959375,0.475125,0.7755
1526,2015,Bishop Sankey,TEN,23,13,3,47,193,1,16,4.1,14.8,2,1.4328,0.6096608040201005,0.873522,0.594704
1527,2014,Bishop Sankey,TEN,22,16,9,152,569,2,22,3.7,35.6,2,1.33,0.525427067669173,0.698818,1.535272
1528,2019,Bo Scarbrough,DET,23,6,5,89,377,1,30,4.2,62.8,1,1.882,0.10830180658873538,0.203824,0.203824
1437,2016,Bobby Rainey,NYG,29,15,0,17,63,0,14,3.7,4.2,1,1.5527,0.4379468023443035,0.68,0.84
1438,2014,Bobby Rainey,TAM,27,15,5,94,406,1,31,4.3,27.1,3,1.33,0.4285714285714286,0.57,0.57
1439,2013,Bobby Rainey,2TM,26,15,6,150,566,5,80,3.8,37.7,1,1.23,0.22955528455284552,0.282353,0.282353
1529,2020,Boston Scott,PHI,25,7,2,33,113,0,13,3.4,16.1,0,1.982,0.3784056508577195,0.75,0.75
1530,2019,Boston Scott,PHI,24,11,2,61,245,5,25,4.0,22.3,4,1.882,0.21379011689691818,0.402353,0.402353
1349,2017,Branden Oliver,LAC,26,8,0,35,83,0,26,2.4,10.4,0,1.67,0.47904191616766467,0.8,0.8
1350,2015,Branden Oliver,SDG,24,8,1,31,108,0,15,3.5,13.5,0,1.4328,0.2905457844779453,0.416294,0.416294
1351,2014,Branden Oliver,SDG,23,14,7,160,582,3,52,3.6,41.6,0,1.33,0.3157894736842105,0.42,0.42
902,2013,Brandon Jacobs,NYG,31,7,1,58,238,4,37,4.1,34.0,1,1.23,0.39067479674796746,0.48053,0.48053
54,2018,C.J. Anderson,2TM,27,11,3,67,403,2,46,6.0,36.6,0,1.772,0.05244977426636569,0.092941,0.092941
55,2017,C.J. Anderson,DEN,26,16,16,245,1007,3,40,4.1,62.9,1,1.67,1.7964071856287425,3.0,3.0
56,2016,C.J. Anderson,DEN,25,7,7,110,437,4,28,4.0,62.4,0,1.5527,3.8642364912732665,6.0,6.0
57,2015,C.J. Anderson,DEN,24,15,6,152,720,5,48,4.7,48.0,2,1.4328,0.4112004466778336,0.589168,0.585
58,2014,C.J. Anderson,DEN,23,15,7,179,849,8,27,4.7,56.6,1,1.33,0.37531278195488715,0.499166,0.495
59,2013,C.J. Anderson,DEN,22,5,0,7,38,0,11,5.4,7.6,0,1.23,0.33265528455284554,0.409166,0.4175
1592,2015,C.J. Spiller,NOR,28,13,2,36,112,0,11,3.1,8.6,1,1.4328,1.3958682300390843,2.0,5.75
1593,2014,C.J. Spiller,BUF,27,9,5,78,300,0,53,3.8,33.3,3,1.33,4.448621052631578,5.916666,3.74875
1594,2013,C.J. Spiller,BUF,26,15,10,202,933,2,77,4.6,62.2,4,1.23,3.0233739837398375,3.71875,1.550834
1595,2012,C.J. Spiller,BUF,25,16,9,207,1244,6,62,6.0,77.8,3,1.206,2.919430348258706,3.520833,1.352917
1596,2011,C.J. Spiller,BUF,24,16,11,107,561,4,38,5.2,35.1,2,1.2,7.208680000000001,8.650416,9.622919
843,2020,Carlos Hyde,SEA,30,4,0,31,125,2,24,4.0,31.3,0,1.982,1.3874873864783048,2.75,2.75
844,2019,Carlos Hyde,HOU,29,16,14,245,1070,6,58,4.4,66.9,4,1.882,1.0095642933049944,1.9,1.9
845,2018,Carlos Hyde,2TM,28,14,7,172,571,5,22,3.3,40.8,2,1.772,0.6888194130925508,1.220588,1.195588
846,2017,Carlos Hyde,SFO,27,16,16,240,938,8,61,3.9,58.6,2,1.67,0.7014628742514971,1.171443,0.922047
847,2016,Carlos Hyde,SFO,26,13,13,217,988,6,47,4.6,76.0,5,1.5527,0.6466761125780898,1.004094,0.754698
848,2015,Carlos Hyde,SFO,25,7,7,115,470,3,22,4.1,67.1,1,1.4328,0.5839928810720268,0.836745,0.587349
849,2014,Carlos Hyde,SFO,24,14,0,83,333,4,28,4.0,23.8,1,1.33,0.5033052631578948,0.669396,1.417584
479,2020,Chase Edmonds,ARI,24,7,1,29,176,1,32,6.1,25.1,2,1.982,0.4354636730575177,0.863089,0.75
480,2019,Chase Edmonds,ARI,23,13,2,60,303,4,37,5.1,23.3,0,1.882,0.3629590860786397,0.683089,0.57
481,2018,Chase Edmonds,ARI,22,16,0,60,208,2,29,3.5,13.0,1,1.772,0.33470033860045145,0.593089,0.932356
326,2020,Chris Carson,SEA,26,6,6,66,323,3,29,4.9,53.8,1,1.982,1.0844021190716449,2.149285,2.133
327,2019,Chris Carson,SEA,25,15,15,278,1230,7,59,4.4,82.0,7,1.882,0.35137353878852284,0.661285,0.645
328,2018,Chris Carson,SEA,24,14,14,247,1151,9,61,4.7,82.2,3,1.772,0.3223955981941309,0.571285,0.555
329,2017,Chris Carson,SEA,23,4,3,49,208,0,30,4.2,52.0,0,1.67,0.23461916167664673,0.391814,0.440669
860,2018,Chris Ivory,BUF,30,13,1,115,385,1,21,3.3,29.6,1,1.772,1.3931997742663655,2.46875,3.15625
861,2017,Chris Ivory,JAX,29,14,3,112,382,1,34,3.4,27.3,2,1.67,3.592814371257485,6.0,5.0
862,2016,Chris Ivory,JAX,28,11,1,117,439,3,42,3.8,39.9,5,1.5527,2.2541379532427386,3.5,7.5
863,2015,Chris Ivory,NYJ,27,15,14,247,1070,7,58,4.3,71.3,4,1.4328,1.919318816303741,2.75,2.0
864,2014,Chris Ivory,NYJ,26,16,10,198,821,6,71,4.1,51.3,2,1.33,1.3157894736842104,1.75,1.0
865,2013,Chris Ivory,NYJ,25,15,6,182,833,3,69,4.6,55.5,2,1.23,1.2195121951219512,1.5,3.0
866,2012,Chris Ivory,NOR,24,6,2,40,217,2,56,5.4,36.2,0,1.206,0.509592039800995,0.614568,0.6192
867,2011,Chris Ivory,NOR,23,6,2,79,374,1,35,4.7,62.3,0,1.2,0.3156533333333333,0.378784,0.377118
1341,2014,Chris Ogbonnaya,2TM,28,7,0,14,50,1,9,3.6,7.1,0,1.33,0.10084060150375938,0.134118,0.171765
1342,2013,Chris Ogbonnaya,CLE,27,16,7,49,240,0,43,4.9,15.0,2,1.23,0.6300813008130082,0.775,0.775
1419,2009,Clinton Portis,WAS,28,8,8,124,494,1,78,4.0,61.8,1,1.23,5.017140650406503,6.171083,1.245
1420,2008,Clinton Portis,WAS,27,16,16,342,1487,9,31,4.3,92.9,3,1.16,5.19920948275862,6.031083,10.4305
1421,2007,Clinton Portis,WAS,26,16,16,325,1262,11,32,3.9,78.9,6,1.09,3.6392963302752297,3.966833,4.5
1422,2006,Clinton Portis,WAS,25,8,7,127,523,7,38,4.1,65.4,0,1.02,3.1135617647058824,3.175833,3.585
1423,2005,Clinton Portis,WAS,24,16,16,352,1516,11,47,4.3,94.8,3,0.855,2.790447953216374,2.385833,0.455
1424,2004,Clinton Portis,WAS,23,15,15,343,1315,5,64,3.8,87.7,5,0.80582,4.623654165942766,3.725833,13.38
1425,2003,Clinton Portis,DEN,22,13,13,290,1591,14,65,5.5,122.4,3,0.75007,0.8299225405628808,0.6225,0.3
1426,2002,Clinton Portis,DEN,21,16,12,273,1508,15,59,5.5,94.3,5,0.71101,0.7700313638345452,0.5475,1.515
375,2020,Dalvin Cook,MIN,25,5,5,92,489,7,39,5.3,97.8,1,1.982,2.329172048435923,4.616419,16.331361
376,2019,Dalvin Cook,MIN,24,14,14,250,1135,13,75,4.5,81.1,4,1.882,0.9206806588735388,1.732721,1.042574
377,2018,Dalvin Cook,MIN,23,11,10,133,615,2,70,4.6,55.9,2,1.772,0.8148611738148984,1.443934,0.753787
378,2017,Dalvin Cook,MIN,22,4,4,74,354,2,33,4.8,88.5,1,1.67,0.6917047904191618,1.155147,3.225588
1698,2014,Daniel Thomas,MIA,27,12,0,44,168,2,15,3.8,14.0,1,1.33,0.42790827067669174,0.569118,0.569118
1699,2013,Daniel Thomas,MIA,26,15,1,109,406,4,55,3.7,27.1,0,1.23,0.7176032520325204,0.882652,0.669217
1700,2012,Daniel Thomas,MIA,25,12,0,91,325,4,20,3.6,27.1,3,1.206,0.6099038142620232,0.735544,0.522109
1701,2011,Daniel Thomas,MIA,24,13,2,165,581,0,28,3.5,44.7,2,1.2,0.4903625,0.588435,1.22874
757,2020,Darrell Henderson,LAR,23,7,5,87,412,3,40,4.7,58.9,0,1.982,0.48414732593340065,0.95958,0.686916
758,2019,Darrell Henderson,LAR,22,13,0,39,147,0,22,3.8,11.3,0,1.882,0.4078979808714135,0.767664,1.585656
1201,2016,Darren McFadden,DAL,29,3,1,24,87,0,24,3.6,29.0,0,1.5527,1.3846847427062536,2.15,1.34375
1202,2015,Darren McFadden,DAL,28,16,10,239,1089,3,50,4.6,68.1,3,1.4328,0.8026242322724735,1.15,1.55
1203,2014,Darren McFadden,OAK,27,16,12,155,534,2,25,3.4,33.4,1,1.33,1.3157894736842104,1.75,1.75
1204,2013,Darren McFadden,OAK,26,10,7,114,379,5,30,3.3,37.9,1,1.23,7.849661788617886,9.655084,5.82625
1205,2012,Darren McFadden,OAK,25,12,12,216,707,2,64,3.3,58.9,2,1.206,7.843145107794361,9.458833,5.63
1206,2011,Darren McFadden,OAK,24,7,7,113,614,4,70,5.4,87.7,1,1.2,9.0615275,10.873833,7.045
1208,2009,Darren McFadden,OAK,22,12,7,104,357,1,28,3.4,29.8,5,1.23,3.786991869918699,4.658,20.4175
1209,2008,Darren McFadden,OAK,21,13,5,113,499,4,50,4.4,38.4,3,1.16,2.2629310344827585,2.625,2.625
951,2020,David Johnson,HOU,29,7,7,101,392,3,29,3.9,56.0,1,1.982,5.628784056508577,11.15625,11.25
952,2019,David Johnson,ARI,28,13,9,94,345,2,18,3.7,26.5,1,1.882,5.180658873538788,9.75,6.65625
953,2018,David Johnson,ARI,27,16,16,258,940,7,53,3.6,58.8,3,1.772,2.845283860045147,5.041843,13.8825
954,2017,David Johnson,ARI,26,1,1,11,23,0,6,2.1,23.0,2,1.67,0.47894790419161676,0.799843,0.64
955,2016,David Johnson,ARI,25,16,16,293,1239,16,58,4.2,77.4,5,1.5527,0.4565228311972693,0.708843,0.549
956,2015,David Johnson,ARI,24,16,5,125,581,8,47,4.6,36.3,4,1.4328,0.4151612227805695,0.594843,1.074372
1254,2020,David Montgomery,CHI,23,7,7,96,353,1,23,3.7,50.4,0,1.982,0.4771347124117054,0.945681,0.684136
1255,2019,David Montgomery,CHI,22,16,8,242,889,6,55,3.7,55.6,2,1.882,0.40198990435706694,0.756545,1.54118
1861,2016,DeAngelo Williams,PIT,33,9,4,98,343,4,17,3.5,38.1,0,1.5527,1.6519611000193213,2.565,2.0
1862,2015,DeAngelo Williams,PIT,32,16,10,200,907,11,55,4.5,56.7,4,1.4328,1.0015354550530429,1.435,2.0
1863,2014,DeAngelo Williams,CAR,31,6,6,62,219,0,17,3.5,36.5,1,1.33,4.511278195488721,6.0,2.0
1864,2013,DeAngelo Williams,CAR,30,15,15,201,843,3,43,4.2,56.2,3,1.23,4.0650406504065035,5.0,5.0
1865,2012,DeAngelo Williams,CAR,29,16,10,173,737,5,65,4.3,46.1,2,1.206,7.213930348258707,8.7,5.5
1866,2011,DeAngelo Williams,CAR,28,16,14,155,836,7,74,5.4,52.3,0,1.2,5.583333333333333,6.7,19.5
1868,2009,DeAngelo Williams,CAR,26,13,13,216,1117,7,77,5.2,85.9,3,1.23,1.3089430894308944,1.61,0.745
1869,2008,DeAngelo Williams,CAR,25,16,16,273,1515,18,69,5.5,94.7,0,1.16,1.9353448275862069,2.245,1.38
1870,2007,DeAngelo Williams,CAR,24,16,0,144,717,4,75,5.0,44.8,1,1.09,1.1238532110091743,1.225,3.82
1871,2006,DeAngelo Williams,CAR,23,13,2,121,501,1,31,4.1,38.5,1,1.02,0.96078431372549,0.98,0.98
1325,2017,DeMarco Murray,TEN,29,15,15,184,659,6,75,3.6,43.9,1,1.67,4.161676646706587,6.95,6.25
1326,2016,DeMarco Murray,TEN,28,16,16,293,1287,9,75,4.4,80.4,3,1.5527,3.8642364912732665,6.0,6.7
1327,2015,DeMarco Murray,PHI,27,15,8,193,702,6,54,3.6,46.8,2,1.4328,3.4896705750977115,5.0,9.0
1328,2014,DeMarco Murray,DAL,26,16,16,392,1845,13,51,4.7,115.3,6,1.33,1.2004699248120299,1.596625,1.431
1329,2013,DeMarco Murray,DAL,25,14,14,217,1121,9,43,5.2,80.1,3,1.23,0.6592991869918698,0.810938,0.645313
1330,2012,DeMarco Murray,DAL,24,10,10,161,663,4,48,4.1,66.3,3,1.206,0.560349087893864,0.675781,0.510156
1331,2011,DeMarco Murray,DAL,23,13,7,164,897,2,91,5.5,69.0,1,1.2,0.45052083333333326,0.540625,1.0375
1538,2020,Devin Singletary,BUF,23,7,7,79,299,1,18,3.8,42.7,0,1.982,0.4712189707366297,0.933956,0.675
1539,2019,Devin Singletary,BUF,22,12,8,151,775,2,38,5.1,64.6,4,1.882,0.4006142401700319,0.753956,1.530824
237,2020,Devontae Booker,LVR,28,6,0,20,126,0,43,6.3,21.0,1,1.982,0.4477800201816347,0.8875,1.0475
238,2018,Devontae Booker,DEN,26,16,0,34,183,1,26,5.4,11.4,1,1.772,0.4096207674943567,0.725848,0.63
239,2017,Devontae Booker,DEN,25,13,0,79,299,1,26,3.8,23.0,2,1.67,0.3807473053892216,0.635848,0.54
240,2016,Devontae Booker,DEN,24,16,6,174,612,4,18,3.5,38.3,4,1.5527,0.35154762671475487,0.545848,0.833392
1184,2015,Dexter McCluster,TEN,26,11,2,55,247,1,44,4.5,22.5,2,1.4328,2.3380792853154664,3.35,2.35
1185,2014,Dexter McCluster,TEN,25,14,2,40,131,0,16,3.3,9.4,1,1.33,1.5037593984962403,2.0,4.0
1085,2020,Dion Lewis,NYG,30,7,0,16,54,1,19,3.4,7.7,1,1.982,0.7820383451059534,1.55,1.55
1086,2018,Dion Lewis,TEN,28,16,7,155,517,1,36,3.3,32.3,1,1.772,2.4336907449209932,4.3125,6.0
1087,2017,Dion Lewis,NWE,27,16,8,180,896,6,44,5.0,56.0,0,1.67,0.8907185628742514,1.4875,1.4
1088,2016,Dion Lewis,NWE,26,7,5,64,283,0,15,4.4,40.4,1,1.5527,0.7003928640432795,1.0875,1.0
1089,2015,Dion Lewis,NWE,25,7,6,49,234,2,13,4.8,33.4,2,1.4328,0.47003838637632606,0.673471,1.073471
1090,2012,Dion Lewis,PHI,22,9,0,13,69,1,17,5.3,7.7,0,1.206,0.424726368159204,0.51222,0.465
1091,2011,Dion Lewis,PHI,21,15,0,23,102,1,20,4.4,6.8,1,1.2,0.35185000000000005,0.42222,0.56388
264,2015,Donald Brown,SDG,28,10,2,59,229,1,53,3.9,22.9,1,1.4328,1.6011432160804018,2.294118,2.294118
265,2014,Donald Brown,SDG,27,13,3,85,223,0,16,2.6,17.2,1,1.33,1.3784458646616542,1.833333,4.0
266,2013,Donald Brown,IND,26,16,5,102,537,6,51,5.3,33.6,1,1.23,2.2113821138211387,2.72,1.705
267,2012,Donald Brown,IND,25,10,4,108,417,1,19,3.9,41.7,0,1.206,1.5588723051409619,1.88,0.865
268,2011,Donald Brown,IND,24,16,2,134,645,5,80,4.8,40.3,0,1.2,2.7125,3.255,2.24
270,2009,Donald Brown,IND,22,11,1,78,281,3,45,3.6,25.5,1,1.23,0.9512195121951221,1.17,1.97
957,2020,Duke Johnson,HOU,27,5,0,18,54,0,10,3.0,10.8,1,1.982,2.0686175580222,4.1,4.1
958,2019,Duke Johnson,HOU,26,16,2,83,410,2,40,4.9,25.6,1,1.882,1.1689691817215728,2.2,2.2
959,2018,Duke Johnson,CLE,25,16,2,40,201,0,23,5.0,12.6,1,1.772,2.197812076749436,3.894523,5.967
960,2017,Duke Johnson,CLE,24,16,0,82,348,4,19,4.2,21.8,4,1.67,0.4970197604790419,0.830023,0.6525
961,2016,Duke Johnson,CLE,23,16,1,73,358,1,22,4.9,22.4,2,1.5527,0.4717736845494944,0.732523,0.555
962,2015,Duke Johnson,CLE,22,16,7,104,379,0,39,3.6,23.7,1,1.4328,0.42750069793411505,0.612523,1.145092
1065,2017,Eddie Lacy,SEA,27,9,3,69,179,0,19,2.6,19.9,0,1.67,2.133233532934132,3.5625,4.25
1066,2016,Eddie Lacy,GNB,26,5,5,71,360,0,31,5.1,72.0,0,1.5527,0.6951787209377215,1.079404,0.867602
1067,2015,Eddie Lacy,GNB,25,15,12,187,758,3,29,4.1,50.5,4,1.4328,0.6457307370184254,0.925203,0.713401
1068,2014,Eddie Lacy,GNB,24,16,16,246,1139,9,44,4.6,71.2,3,1.33,0.5797015037593986,0.771003,0.559201
1069,2013,Eddie Lacy,GNB,23,15,15,284,1178,11,60,4.1,78.5,1,1.23,0.5014650406504064,0.616802,1.252208
914,2008,Edgerrin James,ARI,30,13,7,133,514,3,35,3.9,39.5,2,1.16,5.818965517241378,6.75,6.75
915,2007,Edgerrin James,ARI,29,16,16,324,1222,7,27,3.8,76.4,5,1.09,6.422018348623854,7.0,7.0
916,2006,Edgerrin James,ARI,28,16,16,337,1159,6,18,3.4,72.4,3,1.02,9.31372549019608,9.5,9.5
917,2005,Edgerrin James,IND,27,15,15,360,1506,13,33,4.2,100.4,2,0.855,10.621052631578948,9.081,9.081
497,2020,Ezekiel Elliott,DAL,25,7,7,113,458,5,24,4.1,65.4,5,1.982,5.49949545913219,10.9,19.8
498,2019,Ezekiel Elliott,DAL,24,16,16,301,1357,12,33,4.5,84.8,3,1.882,3.3685722635494164,6.339653,8.252137
499,2018,Ezekiel Elliott,DAL,23,15,15,304,1434,6,41,4.7,95.6,6,1.772,3.841012415349887,6.806274,2.718758
500,2017,Ezekiel Elliott,DAL,22,10,10,242,983,7,30,4.1,98.3,1,1.67,3.0614982035928144,5.112702,1.025186
501,2016,Ezekiel Elliott,DAL,21,15,15,322,1631,15,60,5.1,108.7,5,1.5527,2.922339151156051,4.537516,16.800064
991,2013,Felix Jones,PIT,26,16,2,48,184,0,14,3.8,11.5,1,1.23,0.4776422764227642,0.5875,0.78
655,2020,Frank Gore,NYJ,37,7,6,86,310,0,14,3.6,44.3,0,1.982,0.3784056508577195,0.75,1.05
656,2019,Frank Gore,BUF,36,16,8,166,599,2,41,3.6,37.4,0,1.882,1.0626992561105209,2.0,2.0
657,2018,Frank Gore,MIA,35,14,14,156,722,0,39,4.6,51.6,1,1.772,0.623589164785553,1.105,1.105
658,2017,Frank Gore,IND,34,16,16,261,961,3,21,3.7,60.1,3,1.67,2.095808383233533,3.5,3.5
659,2016,Frank Gore,IND,33,16,16,263,1025,4,22,3.9,64.1,2,1.5527,2.5761576608488443,4.0,4.0
660,2015,Frank Gore,IND,32,16,16,260,967,6,37,3.7,60.4,4,1.4328,3.1407035175879394,4.5,4.5
661,2014,Frank Gore,SFO,31,16,16,255,1106,4,52,4.3,69.1,2,1.33,4.849624060150376,6.45,6.45
662,2013,Frank Gore,SFO,30,16,16,276,1128,9,51,4.1,70.5,3,1.23,5.2439024390243905,6.45,6.45
663,2012,Frank Gore,SFO,29,16,16,258,1214,8,37,4.7,75.9,3,1.206,4.975124378109453,6.0,5.6
664,2011,Frank Gore,SFO,28,16,15,282,1211,8,55,4.3,75.7,2,1.2,5.944166666666665,7.133,5.0
666,2009,Frank Gore,SFO,26,14,14,229,1120,10,80,4.9,80.0,4,1.23,5.011585365853659,6.16425,4.03125
667,2008,Frank Gore,SFO,25,14,14,240,1036,6,41,4.3,74.0,6,1.16,4.133620689655173,4.795,6.827
668,2007,Frank Gore,SFO,24,15,15,260,1102,5,43,4.2,73.5,4,1.09,2.631040366972477,2.867834,7.035
669,2006,Frank Gore,SFO,23,16,16,312,1695,8,72,5.4,105.9,6,1.02,0.5390519607843138,0.549833,0.35
670,2005,Frank Gore,SFO,22,14,1,127,608,3,72,4.8,43.4,2,0.855,0.5027286549707602,0.429833,0.8295
1662,2013,Frank Summers,BUF,28,15,9,12,46,1,16,3.8,3.1,0,1.23,0.3902439024390244,0.48,0.48
874,2015,Fred Jackson,SEA,34,16,0,26,100,0,16,3.8,6.3,1,1.4328,0.628140703517588,0.9,0.9
875,2014,Fred Jackson,BUF,33,14,9,141,525,2,38,3.7,37.5,5,1.33,2.8947368421052633,3.85,2.7
876,2013,Fred Jackson,BUF,32,16,6,206,890,9,59,4.3,55.6,3,1.23,3.008130081300813,3.7,2.85
877,2012,Fred Jackson,BUF,31,10,8,115,437,3,15,3.8,43.7,5,1.206,3.0514096185737976,3.68,5.405
878,2011,Fred Jackson,BUF,30,10,10,170,934,6,80,5.5,93.4,2,1.2,1.8124999999999998,2.175,1.9
880,2009,Fred Jackson,BUF,28,16,11,237,1062,2,43,4.5,66.4,4,1.23,1.1585365853658536,1.425,2.25
881,2008,Fred Jackson,BUF,27,16,3,130,571,3,32,4.4,35.7,3,1.16,0.3189655172413793,0.37,0.37
882,2007,Fred Jackson,BUF,26,8,1,58,300,0,27,5.2,37.5,0,1.09,0.2614678899082569,0.285,0.285
181,2020,Giovani Bernard,CIN,29,7,1,25,81,1,11,3.2,11.6,0,1.982,2.404977800201816,4.766666,4.1
182,2019,Giovani Bernard,CIN,28,16,2,53,170,0,25,3.2,10.6,2,1.882,2.8250085015940485,5.316666,5.9
183,2018,Giovani Bernard,CIN,27,12,4,56,211,3,23,3.8,17.6,0,1.772,2.39841986455982,4.25,3.45
184,2017,Giovani Bernard,CIN,26,16,2,105,458,2,25,4.4,28.6,0,1.67,2.200598802395209,3.675,3.0
185,2016,Giovani Bernard,CIN,25,10,2,91,337,2,17,3.7,33.7,1,1.5527,2.976439106073292,4.621517,6.321364
186,2015,Giovani Bernard,CIN,24,16,1,154,730,2,28,4.7,45.6,1,1.4328,0.9999504466778336,1.432729,0.882576
187,2014,Giovani Bernard,CIN,23,13,9,168,680,5,89,4.0,52.3,0,1.33,0.8976999999999999,1.193941,0.643788
188,2013,Giovani Bernard,CIN,22,16,0,170,695,5,35,4.1,43.4,2,1.23,0.7765471544715449,0.955153,2.605612
379,2018,Isaiah Crowell,NYJ,25,13,6,143,685,6,77,4.8,52.7,0,1.772,1.1286681715575622,2.0,4.0
380,2017,Isaiah Crowell,CLE,24,16,16,206,853,2,59,4.1,53.3,1,1.67,1.644311377245509,2.746,2.746
381,2016,Isaiah Crowell,CLE,23,16,16,198,952,7,85,4.8,59.5,2,1.5527,0.38857087653764405,0.603334,0.6
382,2015,Isaiah Crowell,CLE,22,16,9,185,706,4,54,3.8,44.1,0,1.4328,0.35827261306532665,0.513333,0.51
383,2014,Isaiah Crowell,CLE,21,16,4,148,607,8,35,4.1,37.9,3,1.33,0.3182954887218045,0.423333,0.43
337,2017,Jamaal Charles,DEN,31,14,0,69,296,1,19,4.3,21.1,2,1.67,1.1695359281437125,1.953125,2.5
338,2016,Jamaal Charles,KAN,30,3,0,12,40,1,17,3.3,13.3,0,1.5527,3.4214593933148705,5.3125,5.1875
339,2015,Jamaal Charles,KAN,29,5,5,71,364,4,34,5.1,72.8,2,1.4328,5.563117671691793,7.970835,6.0125
340,2014,Jamaal Charles,KAN,28,15,15,206,1033,9,63,5.0,68.9,5,1.33,7.243107518796993,9.633333,8.3
341,2013,Jamaal Charles,KAN,27,15,15,259,1287,12,46,5.0,85.8,4,1.23,3.5230349593495935,4.333333,3.0
342,2012,Jamaal Charles,KAN,26,16,15,285,1509,5,91,5.3,94.3,5,1.206,4.007738805970148,4.833333,3.5
343,2011,Jamaal Charles,KAN,25,2,1,12,83,0,24,6.9,41.5,1,1.2,4.111110833333333,4.933333,3.6
345,2009,Jamaal Charles,KAN,23,15,10,190,1120,7,76,5.9,74.7,4,1.23,0.47560975609756106,0.585,0.385
346,2008,Jamaal Charles,KAN,22,16,2,67,357,0,30,5.3,22.3,2,1.16,0.4267241379310345,0.495,0.895
1875,2020,Jamaal Williams,GNB,25,6,2,52,219,1,25,4.2,36.5,0,1.982,1.147577194752775,2.274498,2.133
1876,2019,Jamaal Williams,GNB,24,14,2,107,460,1,45,4.3,32.9,0,1.882,0.4179054197662062,0.786498,0.645
1877,2018,Jamaal Williams,GNB,23,16,8,121,464,3,20,3.8,29.0,0,1.772,0.39305756207674936,0.696498,0.555
1878,2017,Jamaal Williams,GNB,22,16,7,153,556,4,25,3.6,34.8,0,1.67,0.3631724550898204,0.606498,1.030992
371,2020,James Conner,PIT,25,6,5,95,451,4,59,4.7,75.2,1,1.982,0.5053340060544904,1.001572,0.825
372,2019,James Conner,PIT,24,10,10,116,464,4,25,4.0,46.4,1,1.882,0.44876301806588736,0.844572,0.668
373,2018,James Conner,PIT,23,13,12,215,973,12,30,4.5,74.8,4,1.772,0.42583069977426646,0.754572,0.578
374,2017,James Conner,PIT,22,14,0,32,144,0,23,4.5,10.3,0,1.67,0.3841748502994012,0.641572,1.171288
1506,2020,James Robinson,JAX,22,7,7,107,481,4,39,4.5,68.7,2,1.982,0.3086104944500505,0.611666,0.615
19,2018,Jay Ajayi,PHI,25,4,3,45,184,3,20,4.1,46.0,1,1.772,1.0761851015801354,1.907,1.907
20,2017,Jay Ajayi,2TM,24,14,8,208,873,1,71,4.2,62.4,3,1.67,0.194962874251497,0.325588,0.325588
21,2016,Jay Ajayi,MIA,23,15,12,260,1272,8,62,4.9,84.8,4,1.5527,0.3736736008243704,0.580203,0.525
22,2015,Jay Ajayi,MIA,22,9,0,49,187,1,24,3.8,20.8,0,1.4328,0.3037018425460637,0.435144,0.614518
1898,2020,Jeff Wilson,SFO,25,6,1,38,163,4,17,4.3,27.2,0,1.982,0.3784056508577195,0.75,0.75
1899,2019,Jeff Wilson,SFO,24,10,0,27,105,4,25,3.9,10.5,0,1.882,0.2850536663124336,0.536471,0.536471
1900,2018,Jeff Wilson,SFO,23,6,2,66,266,0,18,4.0,44.3,3,1.772,0.09560496613995487,0.169412,0.169412
793,2017,Jeremy Hill,CIN,25,7,7,37,116,0,13,3.1,16.6,1,1.67,0.7151664670658682,1.194328,0.931855
794,2016,Jeremy Hill,CIN,24,15,13,222,839,9,74,3.8,55.9,0,1.5527,0.6593095897468925,1.02371,0.761237
795,2015,Jeremy Hill,CIN,23,16,15,223,794,11,38,3.6,49.6,3,1.4328,0.5954013121161361,0.853091,0.590618
796,2014,Jeremy Hill,CIN,22,16,8,222,1124,9,85,5.1,70.3,5,1.33,0.5131375939849624,0.682473,1.469892
1251,2020,Joe Mixon,CIN,24,6,6,119,428,3,34,3.6,71.3,1,1.982,1.9429556004036328,3.850938,11.325
1252,2019,Joe Mixon,CIN,23,16,15,278,1137,5,41,4.1,71.1,0,1.882,0.7898023379383634,1.486408,0.96047
1253,2017,Joe Mixon,CIN,21,14,7,178,626,4,25,3.5,44.7,3,1.67,0.5933760479041915,0.990938,2.568752
134,2015,Joique Bell,DET,29,13,5,90,311,4,36,3.5,23.9,1,1.4328,2.4427694025683975,3.5,2.5
135,2014,Joique Bell,DET,28,15,6,223,860,7,57,3.9,57.3,5,1.33,1.729323308270677,2.3,4.3
136,2013,Joique Bell,DET,27,16,4,166,650,8,20,3.9,40.6,4,1.23,0.5121951219512195,0.63,0.63
137,2012,Joique Bell,DET,26,16,0,82,414,3,67,5.0,25.9,2,1.206,0.44776119402985076,0.54,0.54
474,2014,Jonathan Dwyer,ARI,25,2,0,16,51,1,20,3.2,25.5,0,1.33,0.4774436090225564,0.635,0.795
475,2013,Jonathan Dwyer,PIT,24,15,0,49,197,0,30,4.0,13.1,0,1.23,0.4820658536585366,0.592941,0.592941
1646,2018,Jonathan Stewart,NYG,31,3,0,6,17,0,5,2.8,5.7,0,1.772,2.2150112866817158,3.925,3.125
1647,2017,Jonathan Stewart,CAR,30,15,10,198,680,6,60,3.4,45.3,3,1.67,3.6976047904191613,6.175,4.21875
1648,2016,Jonathan Stewart,CAR,29,13,13,218,824,9,47,3.8,63.4,3,1.5527,6.150576415276615,9.55,5.75
1649,2015,Jonathan Stewart,CAR,28,13,13,242,989,6,44,4.1,76.1,3,1.4328,5.7928531546622,8.3,4.5
1650,2014,Jonathan Stewart,CAR,27,13,8,175,809,3,69,4.6,62.2,3,1.33,3.4473684210526314,4.585,8.285
1651,2013,Jonathan Stewart,CAR,26,6,1,48,180,0,16,3.8,30.0,1,1.23,2.451219512195122,3.015,3.215
1652,2012,Jonathan Stewart,CAR,25,9,6,93,336,1,21,3.6,37.3,2,1.206,3.640479270315091,4.390418,9.81125
1653,2011,Jonathan Stewart,CAR,24,16,3,142,761,4,32,5.4,47.6,1,1.2,1.928471666666667,2.314166,1.31
1655,2009,Jonathan Stewart,CAR,22,16,3,221,1133,10,67,5.1,70.8,3,1.23,2.36280487804878,2.90625,6.29375
1656,2008,Jonathan Stewart,CAR,21,16,0,184,836,10,41,4.5,52.3,2,1.16,1.2887931034482758,1.495,1.895
1690,2020,Jonathan Taylor,IND,21,6,5,89,367,3,21,4.1,61.2,0,1.982,0.7182048435923309,1.423482,3.863928
831,2020,Jordan Howard,MIA,26,4,2,18,14,3,4,0.8,3.5,1,1.982,2.39656912209889,4.75,4.75
832,2018,Jordan Howard,CHI,24,16,15,250,935,9,42,3.7,58.4,2,1.772,0.3905225733634311,0.692006,0.63
833,2017,Jordan Howard,CHI,23,16,16,276,1122,9,53,4.1,70.1,1,1.67,0.36048263473053893,0.602006,0.54
834,2016,Jordan Howard,CHI,22,15,13,252,1313,6,69,5.2,87.5,2,1.5527,0.3297520448251433,0.512006,0.698024
9,2020,Josh Adams,NYJ,24,2,0,3,8,1,6,2.7,4.0,0,1.982,0.10809031281533805,0.214235,0.214235
10,2019,Josh Adams,NYJ,23,3,0,8,12,0,10,1.5,4.0,0,1.882,0.14252656748140274,0.268235,0.268235
11,2018,Josh Adams,PHI,22,14,5,120,511,3,29,4.3,36.5,1,1.772,0.23901185101580136,0.423529,0.423529
911,2020,Josh Jacobs,LVR,22,6,6,116,394,5,16,3.4,65.7,1,1.982,1.3683834510595358,2.712136,1.037427
912,2019,Josh Jacobs,OAK,21,13,13,242,1150,7,51,4.8,88.5,1,1.882,1.152874070138151,2.169709,7.193836
545,2016,Justin Forsett,3TM,31,9,6,87,291,1,64,3.3,32.3,2,1.5527,0.13411154762671473,0.208235,0.208235
546,2015,Justin Forsett,BAL,30,10,10,151,641,2,33,4.2,64.1,0,1.4328,1.1166945840312676,1.6,3.0
547,2014,Justin Forsett,BAL,29,16,14,235,1266,8,52,5.4,79.1,2,1.33,0.4285714285714286,0.57,0.73
548,2013,Justin Forsett,JAX,28,9,0,6,31,0,10,5.2,3.4,1,1.23,0.853658536585366,1.05,1.15
549,2012,Justin Forsett,HOU,27,16,0,63,374,1,81,5.9,23.4,0,1.206,0.4601990049751244,0.555,0.715
550,2011,Justin Forsett,SEA,26,16,0,46,145,1,22,3.2,9.1,0,1.2,0.5,0.6,0.6
552,2009,Justin Forsett,SEA,24,16,2,114,619,4,35,5.4,38.7,4,1.23,0.3130081300813008,0.385,0.385
887,2020,Justin Jackson,LAC,25,4,2,28,96,0,36,3.4,24.0,0,1.982,0.3784056508577195,0.75,0.75
888,2019,Justin Jackson,LAC,24,7,0,29,200,0,40,6.9,28.6,0,1.882,0.3028692879914984,0.57,0.57
889,2018,Justin Jackson,LAC,23,13,1,50,206,2,20,4.1,15.8,0,1.772,0.22307787810383747,0.395294,0.395294
85,2020,Kalen Ballage,NYJ,25,3,0,3,13,0,5,4.3,4.3,0,1.982,0.05509586276488394,0.1092,0.1092
86,2019,Kalen Ballage,MIA,24,12,6,74,135,3,8,1.8,11.3,0,1.882,0.35900531349628045,0.675648,0.528353
87,2018,Kalen Ballage,MIA,23,12,0,36,191,1,75,5.3,15.9,1,1.772,0.3540039503386005,0.627295,1.06918
835,2020,Kareem Hunt,CLE,25,7,3,101,463,3,33,4.6,66.1,1,1.982,2.022704339051463,4.009,4.009
836,2019,Kareem Hunt,CLE,24,8,3,43,179,2,16,4.2,22.4,1,1.882,0.3567853347502657,0.67147,0.596471
837,2018,Kareem Hunt,KAN,23,11,11,181,824,7,45,4.6,74.9,0,1.772,0.0,0.0,0.0
838,2017,Kareem Hunt,KAN,22,16,16,272,1327,8,69,4.9,82.9,1,1.67,0.39460359281437135,0.658988,1.240952
434,2020,Kenyan Drake,ARI,26,7,5,119,512,4,69,4.3,73.1,0,1.982,4.280020181634712,8.483,8.483
435,2019,Kenyan Drake,2TM,25,14,10,170,817,8,80,4.8,58.4,2,1.882,0.5696381509032944,1.072059,1.072059
436,2018,Kenyan Drake,MIA,24,16,7,120,535,4,54,4.5,33.4,2,1.772,0.513721783295711,0.910315,0.705
437,2017,Kenyan Drake,MIA,23,16,6,133,644,3,66,4.8,40.3,2,1.67,0.4792305389221557,0.800315,0.595
438,2016,Kenyan Drake,MIA,22,16,1,33,179,2,45,5.4,11.2,1,1.5527,0.42204868937979,0.655315,1.27126
966,2020,Kerryon Johnson,DET,23,6,2,25,80,1,9,3.2,13.3,0,1.982,0.8949223007063573,1.773736,1.071246
967,2019,Kerryon Johnson,DET,22,8,7,113,403,3,20,3.6,50.4,1,1.882,0.785394792773645,1.478113,0.775623
968,2018,Kerryon Johnson,DET,21,10,7,118,641,3,71,5.4,64.1,1,1.772,0.6673194130925508,1.18249,3.28996
1567,2012,Kevin Smith,DET,26,12,2,37,134,1,19,3.6,11.2,0,1.206,0.44776119402985076,0.54,0.0
1568,2011,Kevin Smith,DET,25,7,4,72,356,4,43,4.9,50.9,1,1.2,0.17647333333333332,0.211768,0.211768
1570,2009,Kevin Smith,DET,23,13,13,217,747,4,31,3.4,57.5,3,1.23,0.489130081300813,0.60163,0.385
1571,2008,Kevin Smith,DET,22,16,12,238,976,8,50,4.1,61.0,2,1.16,0.44106034482758616,0.51163,0.944891
1275,2014,Knowshon Moreno,MIA,27,3,0,31,148,1,15,4.8,49.3,0,1.33,2.2556390977443606,3.0,2.75625
1276,2013,Knowshon Moreno,DEN,26,16,15,241,1038,10,31,4.3,64.9,2,1.23,2.71860162601626,3.34388,1.7
1277,2012,Knowshon Moreno,DEN,25,8,6,138,525,4,20,3.8,65.6,1,1.206,2.0248756218905473,2.442,0.855
1278,2011,Knowshon Moreno,DEN,24,7,2,37,179,0,24,4.8,25.6,1,1.2,2.155833333333333,2.587,1.0
1280,2009,Knowshon Moreno,DEN,22,16,9,247,947,7,36,3.8,59.2,4,1.23,1.4243902439024392,1.752,5.08
1733,2011,LaDainian Tomlinson,NYJ,32,14,1,75,280,1,20,3.7,20.0,0,1.2,2.1875,2.625,2.625
1735,2009,LaDainian Tomlinson,SDG,30,14,14,223,730,12,36,3.3,52.1,2,1.23,6.131438211382114,7.541669,6.725
1736,2008,LaDainian Tomlinson,SDG,29,16,16,292,1110,11,45,3.8,69.4,1,1.16,6.738505172413793,7.816666,5.75
1737,2007,LaDainian Tomlinson,SDG,28,16,16,315,1474,15,49,4.7,92.1,0,1.09,6.48317981651376,7.066666,5.0
1738,2006,LaDainian Tomlinson,SDG,27,16,16,348,1815,28,85,5.2,113.4,2,1.02,6.192809803921569,6.316666,4.25
1739,2005,LaDainian Tomlinson,SDG,26,16,16,339,1462,18,62,4.3,91.4,3,0.855,9.434697076023392,8.066666,5.0
1740,2004,LaDainian Tomlinson,SDG,25,15,15,339,1335,17,42,3.9,89.0,6,0.80582,8.273145367451788,6.666666,16.0
1741,2003,LaDainian Tomlinson,SDG,24,16,16,313,1645,13,73,5.3,102.8,2,0.75007,3.9996267015078586,3.0,1.5
1742,2002,LaDainian Tomlinson,SDG,23,16,16,372,1683,14,76,4.5,105.2,3,0.71101,4.5709624337210455,3.25,1.75
1743,2001,LaDainian Tomlinson,SDG,22,16,16,339,1236,10,54,3.6,77.3,8,0.67405,2.967138936280691,2.0,7.0
1633,2013,LaRod Stephens-Howling,PIT,26,1,0,6,19,0,5,3.2,19.0,0,1.23,0.5040650406504066,0.62,0.78
1244,2018,Lamar Miller,HOU,27,14,14,210,973,5,97,4.6,69.5,1,1.772,3.8092550790067716,6.75,5.703125
1245,2017,Lamar Miller,HOU,26,16,13,238,888,3,21,3.7,55.5,1,1.67,3.892215568862276,6.5,5.5
1246,2016,Lamar Miller,HOU,25,14,14,268,1073,5,45,4.0,76.6,2,1.5527,3.5422167836671603,5.5,8.5
1247,2015,Lamar Miller,MIA,24,16,16,194,872,8,85,4.5,54.5,1,1.4328,1.1610134003350085,1.6635,1.542
1248,2014,Lamar Miller,MIA,23,16,16,216,1099,8,97,5.1,68.7,3,1.33,0.5199248120300752,0.6915,0.57
1249,2013,Lamar Miller,MIA,22,16,15,177,709,2,49,4.0,44.3,1,1.23,0.48902439024390243,0.6015,0.48
1250,2012,Lamar Miller,MIA,21,13,1,51,250,1,28,4.9,19.2,0,1.206,0.42412935323383083,0.5115,0.876
1332,2020,Latavius Murray,NOR,30,6,2,63,265,2,25,4.2,44.2,0,1.982,2.0433905146316853,4.05,3.2
1333,2019,Latavius Murray,NOR,29,16,8,146,637,5,30,4.4,39.8,0,1.882,0.9829968119022316,1.85,4.4
1334,2018,Latavius Murray,MIN,28,16,6,140,578,6,38,4.1,36.1,0,1.772,2.9345372460496613,5.2,4.0
1335,2017,Latavius Murray,MIN,27,16,11,216,842,8,46,3.9,52.6,1,1.67,1.7702095808383234,2.95625,4.25
1336,2016,Latavius Murray,OAK,26,14,12,195,788,12,42,4.0,56.3,2,1.5527,0.4518258517421265,0.70155,0.675
1337,2015,Latavius Murray,OAK,25,16,16,266,1066,6,54,4.0,66.6,4,1.4328,0.426821608040201,0.61155,0.585
1338,2014,Latavius Murray,OAK,24,15,3,82,424,2,90,5.2,28.3,1,1.33,0.3357518796992481,0.44655,0.42
138,2020,Le'Veon Bell,2TM,28,3,2,25,113,0,16,4.5,37.7,0,1.982,0.356146316851665,0.705882,0.705882
139,2019,Le'Veon Bell,NYJ,27,15,15,245,789,3,19,3.2,52.6,1,1.882,4.765541976620616,8.96875,14.46875
140,2017,Le'Veon Bell,PIT,25,15,15,321,1291,9,27,4.0,86.1,3,1.67,7.25748502994012,12.12,12.12
141,2016,Le'Veon Bell,PIT,24,12,12,261,1268,7,44,4.9,105.7,4,1.5527,0.7279873768274618,1.130346,0.796271
142,2015,Le'Veon Bell,PIT,23,6,6,113,556,3,42,4.9,92.7,0,1.4328,0.720325237297599,1.032082,0.687882
143,2014,Le'Veon Bell,PIT,22,16,16,290,1361,8,81,4.7,85.1,0,1.33,0.7041353383458647,0.9365,0.5923
144,2013,Le'Veon Bell,PIT,21,13,13,244,860,8,43,3.5,66.2,1,1.23,0.6091056910569106,0.7492,1.7818
222,2018,LeGarrette Blount,DET,32,16,8,154,418,5,27,2.7,26.1,2,1.772,1.1286681715575622,2.0,2.0
223,2017,LeGarrette Blount,PHI,31,16,11,173,766,2,68,4.4,47.9,1,1.67,0.748502994011976,1.25,1.25
224,2016,LeGarrette Blount,NWE,30,16,8,299,1161,18,44,3.9,72.6,2,1.5527,0.6601404005925161,1.025,1.0
225,2015,LeGarrette Blount,NWE,29,12,6,165,703,6,38,4.3,58.6,1,1.4328,0.66714265773311,0.955882,1.130882
226,2014,LeGarrette Blount,2TM,28,16,1,125,547,5,50,4.4,34.2,1,1.33,0.19371954887218046,0.257647,0.257647
227,2013,LeGarrette Blount,NWE,27,16,7,153,772,7,47,5.0,48.3,3,1.23,0.5528455284552847,0.68,0.78
228,2012,LeGarrette Blount,TAM,26,13,0,41,151,2,35,3.7,11.6,0,1.206,0.44776119402985076,0.54,0.54
229,2011,LeGarrette Blount,TAM,25,14,14,184,781,5,54,4.2,55.8,5,1.2,0.375,0.45,0.45
1188,2020,LeSean McCoy,TAM,32,5,0,6,-1,0,3,-0.2,-0.2,0,1.982,0.3784056508577195,0.75,1.05
1189,2018,LeSean McCoy,BUF,30,14,13,161,514,3,28,3.2,36.7,0,1.772,5.05079006772009,8.95,6.325
1190,2017,LeSean McCoy,BUF,29,16,16,287,1138,6,48,4.0,71.1,3,1.67,6.212574850299402,10.375,6.25
1191,2016,LeSean McCoy,BUF,28,15,15,234,1267,13,75,5.4,84.5,3,1.5527,4.943002511753719,7.675,5.05
1192,2015,LeSean McCoy,BUF,27,12,12,203,895,3,48,4.4,74.6,2,1.4328,3.838637632607482,5.5,16.0
1193,2014,LeSean McCoy,PHI,26,16,16,312,1319,5,53,4.2,82.4,4,1.33,7.293233082706768,9.7,8.0
1194,2013,LeSean McCoy,PHI,25,16,16,314,1607,9,57,5.1,100.4,1,1.23,4.024390243902438,4.95,3.25
1195,2012,LeSean McCoy,PHI,24,12,12,200,840,2,34,4.2,70.0,4,1.206,2.203592868988392,2.657533,9.115
1196,2011,LeSean McCoy,PHI,23,15,15,273,1309,17,60,4.8,87.3,1,1.2,0.7229416666666667,0.86753,0.525
1198,2009,LeSean McCoy,PHI,21,16,4,155,637,4,66,4.1,39.8,2,1.23,0.5305121951219511,0.65253,1.680123
1779,2014,Leon Washington,TEN,32,16,0,13,57,0,16,4.4,3.6,3,1.33,0.4774436090225564,0.635,0.92
850,2020,Mark Ingram,BAL,31,6,6,50,225,2,30,4.5,37.5,0,1.982,2.690884460141272,5.333333,4.0
851,2019,Mark Ingram,BAL,30,15,15,202,1018,10,53,5.0,67.9,2,1.882,1.771165249734325,3.333333,6.0
852,2018,Mark Ingram,NOR,29,12,6,138,645,6,38,4.7,53.8,3,1.772,2.9931286681715576,5.303824,3.558824
853,2017,Mark Ingram,NOR,28,16,12,230,1124,12,72,4.9,70.3,3,1.67,3.2005988023952097,5.345,3.7
854,2016,Mark Ingram,NOR,27,16,14,205,1043,6,75,5.1,65.2,2,1.5527,1.6165389321826498,2.51,3.1
855,2015,Mark Ingram,NOR,26,12,10,166,769,6,70,4.6,64.1,2,1.4328,1.3958682300390843,2.0,4.7
856,2014,Mark Ingram,NOR,25,13,9,226,964,9,31,4.3,74.2,3,1.33,1.7743421052631583,2.359875,1.386375
857,2013,Mark Ingram,NOR,24,11,3,78,386,1,34,4.9,35.1,1,1.23,1.6445121951219512,2.02275,1.04925
858,2012,Mark Ingram,NOR,23,16,5,156,602,5,31,3.9,37.6,0,1.206,1.3976990049751243,1.685625,0.712125
859,2011,Mark Ingram,NOR,22,10,4,122,474,5,35,3.9,47.4,1,1.2,1.12375,1.3485,4.269
1129,2020,Marlon Mack,IND,24,1,1,4,26,0,18,6.5,26.0,0,1.982,1.1291180625630677,2.237912,2.133
1130,2019,Marlon Mack,IND,23,14,12,247,1091,8,63,4.4,77.9,0,1.882,0.3984654622741764,0.749912,0.645
1131,2018,Marlon Mack,IND,22,12,10,195,908,9,49,4.7,75.7,2,1.772,0.37241083521444696,0.659912,0.555
1132,2017,Marlon Mack,IND,21,14,0,93,358,3,35,3.8,25.6,1,1.67,0.34126467065868266,0.569912,0.884648
79,2016,Matt Asiata,MIN,29,16,6,121,402,6,29,3.3,25.1,1,1.5527,0.5409931087782572,0.84,0.84
80,2015,Matt Asiata,MIN,28,16,0,29,112,0,19,3.9,7.0,0,1.4328,0.5583472920156336,0.8,0.8
81,2014,Matt Asiata,MIN,27,15,9,164,570,9,19,3.5,38.0,1,1.33,0.4285714285714286,0.57,0.57
82,2013,Matt Asiata,MIN,26,11,1,44,166,3,39,3.8,15.1,1,1.23,0.3902439024390244,0.48,0.48
251,2020,Matt Breida,MIA,25,6,0,33,115,0,12,3.5,19.2,1,1.982,1.6442986881937436,3.259,3.259
252,2019,Matt Breida,SFO,24,13,5,123,623,1,83,5.1,47.9,2,1.882,0.3436068012752391,0.646668,0.645
253,2018,Matt Breida,SFO,23,14,13,153,814,3,66,5.3,58.1,1,1.772,0.3082697516930023,0.546254,0.544588
254,2017,Matt Breida,SFO,22,16,0,105,465,2,33,4.4,29.1,1,1.67,0.2794407185628742,0.466666,0.47
1009,2017,Matt Jones,IND,24,5,0,5,14,0,5,2.8,2.8,0,1.67,0.08862275449101796,0.148,0.148
1010,2016,Matt Jones,WAS,23,7,7,99,460,3,57,4.6,65.7,3,1.5527,0.44364912732659245,0.688854,0.539
1011,2015,Matt Jones,WAS,22,13,0,144,490,3,39,3.4,37.7,5,1.4328,0.40818955890563935,0.584854,1.034416
439,2014,Maurice Jones-Drew,OAK,29,12,1,43,96,0,13,2.2,8.0,1,1.33,1.879699248120301,2.5,2.5
440,2013,Maurice Jones-Drew,JAX,28,15,15,234,803,5,48,3.4,53.5,1,1.23,5.5284552845528445,6.8,4.95
441,2012,Maurice Jones-Drew,JAX,27,6,5,86,414,1,59,4.8,69.0,2,1.206,5.306799336650083,6.4,4.45
442,2011,Maurice Jones-Drew,JAX,26,16,16,343,1606,8,56,4.7,100.4,6,1.2,5.0,6.0,4.2
444,2009,Maurice Jones-Drew,JAX,24,16,16,312,1391,15,80,4.5,86.9,2,1.23,5.032520325203252,6.19,13.15
445,2008,Maurice Jones-Drew,JAX,23,16,3,197,824,12,46,4.2,51.5,6,1.16,0.5905172413793103,0.685,0.445
446,2007,Maurice Jones-Drew,JAX,22,15,0,167,768,9,57,4.6,51.2,2,1.09,0.5504587155963303,0.6,0.78
447,2006,Maurice Jones-Drew,JAX,21,16,1,166,941,13,74,5.7,58.8,1,1.02,0.49019607843137253,0.5,1.03
649,2020,Melvin Gordon,DEN,27,5,4,82,349,4,43,4.3,69.8,3,1.982,3.5317860746720484,7.0,9.0
650,2019,Melvin Gordon,LAC,26,12,11,162,612,8,24,3.8,51.0,4,1.882,2.452647183846971,4.615882,4.615882
651,2018,Melvin Gordon,LAC,25,12,12,175,885,10,34,5.1,73.8,1,1.772,1.9158713318284424,3.394924,1.889967
652,2017,Melvin Gordon,LAC,24,16,16,284,1105,8,87,3.9,69.1,1,1.67,1.7424760479041914,2.909935,1.404978
653,2016,Melvin Gordon,SDG,23,13,11,254,997,10,48,3.9,76.7,2,1.5527,1.5617608037611899,2.424946,0.919989
654,2015,Melvin Gordon,SDG,22,14,12,184,641,0,27,3.5,45.8,6,1.4328,1.353962171970966,1.939957,6.454828
298,2013,Michael Bush,CHI,29,15,0,63,197,3,40,3.1,13.1,0,1.23,2.8861788617886184,3.55,2.55
299,2012,Michael Bush,CHI,28,13,1,114,411,5,20,3.6,31.6,1,1.206,1.658374792703151,2.0,5.0
300,2011,Michael Bush,OAK,27,16,9,256,977,7,44,3.8,61.1,1,1.2,2.1758333333333333,2.611,2.611
302,2009,Michael Bush,OAK,25,16,7,123,589,3,60,4.8,36.8,2,1.23,0.4755894308943089,0.584975,0.46
303,2008,Michael Bush,OAK,24,15,0,95,421,3,67,4.4,28.1,1,1.16,0.36204741379310346,0.419975,0.295
1074,2012,Mikel Leshoure,DET,22,14,14,215,798,9,16,3.7,57.0,3,1.206,0.39501907131011604,0.476393,0.476393
620,2020,Myles Gaskin,MIA,23,6,4,82,340,1,21,4.1,56.7,0,1.982,0.35155247225025227,0.696777,0.675
621,2019,Myles Gaskin,MIA,22,7,0,36,133,1,27,3.7,19.0,0,1.882,0.270932518597237,0.509895,0.575226
352,2020,Nick Chubb,CLE,25,4,4,57,335,4,29,5.9,83.8,1,1.982,1.0159288597376386,2.013571,1.15119
353,2019,Nick Chubb,CLE,24,16,16,298,1494,8,88,5.0,93.4,3,1.882,0.8915919234856535,1.677976,0.815595
354,2018,Nick Chubb,CLE,23,16,9,192,996,8,92,5.2,62.3,0,1.772,0.757551354401806,1.342381,4.791905
384,2017,Orleans Darkwa,NYG,25,15,11,171,751,5,75,4.4,50.1,1,1.67,0.62125748502994,1.0375,1.1
385,2016,Orleans Darkwa,NYG,24,10,2,30,111,2,17,3.7,11.1,0,1.5527,0.3864236491273266,0.6,0.6
386,2015,Orleans Darkwa,NYG,23,16,0,36,153,1,17,4.3,9.6,0,1.4328,0.35594639865996647,0.51,0.51
387,2014,Orleans Darkwa,2TM,22,11,0,9,23,1,12,2.6,2.1,0,1.33,0.1300308270676692,0.172941,0.172941
97,2020,Peyton Barber,WAS,26,7,1,38,81,2,11,2.1,11.6,0,1.982,0.6861755802219979,1.36,1.66
98,2019,Peyton Barber,TAM,25,16,7,154,470,6,17,3.1,29.4,1,1.882,1.1291179596174281,2.125,2.125
99,2018,Peyton Barber,TAM,24,16,16,234,871,5,28,3.7,54.4,1,1.772,0.35553047404063204,0.63,0.63
100,2017,Peyton Barber,TAM,23,16,4,108,423,3,34,3.9,26.4,2,1.67,0.3233532934131737,0.54,0.54
101,2016,Peyton Barber,TAM,22,15,1,55,223,1,44,4.1,14.9,0,1.5527,0.2898177368454949,0.45,0.45
797,2014,Peyton Hillis,NYG,28,9,0,26,115,0,16,4.4,12.8,0,1.33,0.6428571428571429,0.855,0.855
798,2013,Peyton Hillis,NYG,27,7,1,73,247,2,27,3.4,35.3,2,1.23,0.2919658536585366,0.359118,0.359118
1101,2020,Phillip Lindsay,DEN,26,3,3,39,204,0,20,5.2,68.0,0,1.982,0.38092835519677093,0.755,0.75
1102,2019,Phillip Lindsay,DEN,25,16,16,224,1011,7,40,4.5,63.2,0,1.882,0.30552603613177465,0.575,0.57
1103,2018,Phillip Lindsay,DEN,24,15,8,192,1037,9,65,5.4,69.1,0,1.772,0.2698182844243792,0.478118,0.488118
1702,2015,Pierre Thomas,2TM,31,5,0,15,64,0,11,4.3,12.8,0,1.4328,0.09606853713009493,0.137647,0.204706
1703,2014,Pierre Thomas,NOR,30,11,3,45,222,2,27,4.9,20.2,0,1.33,1.180451127819549,1.57,2.4
1704,2013,Pierre Thomas,NOR,29,16,9,147,549,2,18,3.7,34.3,2,1.23,2.0325203252032518,2.5,2.5
1705,2012,Pierre Thomas,NOR,28,15,4,105,473,1,48,4.5,31.5,0,1.206,1.8739635157545609,2.26,2.26
1706,2011,Pierre Thomas,NOR,27,16,7,110,562,5,33,5.1,35.1,2,1.2,3.2375000000000003,3.885,3.385
1708,2009,Pierre Thomas,NOR,25,14,6,147,793,6,34,5.4,56.6,2,1.23,0.375339837398374,0.461668,0.46
1709,2008,Pierre Thomas,NOR,24,15,5,129,625,9,42,4.8,41.7,1,1.16,0.320401724137931,0.371666,0.37
1710,2007,Pierre Thomas,NOR,23,12,1,52,252,1,24,4.8,21.0,0,1.09,0.26299633027522934,0.286666,0.29
1314,2020,Raheem Mostert,SFO,28,4,4,51,303,1,80,5.9,75.8,0,1.982,1.6818027245206861,3.333333,3.125
1315,2019,Raheem Mostert,SFO,27,16,0,137,772,8,41,5.6,48.3,2,1.882,1.0538432518597236,1.983333,2.65
1316,2018,Raheem Mostert,SFO,26,9,0,34,261,1,52,7.7,29.0,1,1.772,0.3978555304740407,0.705,0.705
1317,2017,Raheem Mostert,SFO,25,11,0,6,30,0,16,5.0,2.7,1,1.67,0.3265233532934132,0.545294,0.545294
924,2016,Rashad Jennings,NYG,31,13,12,181,593,3,25,3.3,45.6,1,1.5527,1.8113608552843437,2.8125,2.25
925,2015,Rashad Jennings,NYG,30,16,16,195,863,3,38,4.4,53.9,2,1.4328,1.9629396984924625,2.8125,2.25
926,2014,Rashad Jennings,NYG,29,11,9,167,639,4,18,3.8,58.1,1,1.33,0.9868421052631579,1.3125,3.0
927,2013,Rashad Jennings,OAK,28,15,8,163,733,6,80,4.5,48.9,0,1.23,0.5121951219512195,0.63,0.63
928,2012,Rashad Jennings,JAX,27,10,6,101,283,2,21,2.8,28.3,3,1.206,0.47646268656716423,0.574614,0.565
930,2009,Rashad Jennings,JAX,24,15,0,39,202,1,28,5.2,13.5,0,1.23,0.2598471544715447,0.319612,0.34845
1232,2013,Rashard Mendenhall,ARI,26,15,15,217,687,8,28,3.2,45.8,4,1.23,2.0325203252032518,2.5,2.5
1233,2012,Rashard Mendenhall,PIT,25,6,4,51,182,0,20,3.6,30.3,3,1.206,2.8493565505804312,3.436324,2.333824
1234,2011,Rashard Mendenhall,PIT,24,15,15,228,928,9,68,4.1,61.9,1,1.2,1.56875,1.8825,0.78
1236,2009,Rashard Mendenhall,PIT,22,16,12,242,1108,7,60,4.6,69.3,3,1.23,2.4491869918699187,3.0125,6.32
1237,2008,Rashard Mendenhall,PIT,21,4,1,19,58,0,12,3.1,14.5,0,1.16,1.0258620689655171,1.19,1.19
1472,2013,Ray Rice,BAL,26,15,15,214,660,4,47,3.1,44.0,2,1.23,4.674796747967481,5.75,8.0
1473,2012,Ray Rice,BAL,25,16,16,257,1143,9,46,4.4,71.4,1,1.206,4.1459369817578775,5.0,17.0
1474,2011,Ray Rice,BAL,24,16,16,291,1364,12,70,4.7,85.3,2,1.2,0.7312500000000001,0.8775,0.6
1476,2009,Ray Rice,BAL,22,16,15,254,1339,7,59,5.3,83.7,3,1.23,0.5386178861788617,0.6625,0.385
1477,2008,Ray Rice,BAL,21,13,4,107,454,0,60,4.2,34.9,1,1.16,0.7900862068965517,0.9165,1.405
304,2016,Reggie Bush,BUF,31,13,0,12,-3,1,5,-0.3,-0.2,1,1.5527,0.9660591228183165,1.5,1.5
305,2015,Reggie Bush,SFO,30,5,1,8,28,0,9,3.5,5.6,0,1.4328,1.6794039642657732,2.40625,2.29375
306,2014,Reggie Bush,DET,29,11,9,76,297,2,26,3.9,27.0,1,1.33,2.213621804511278,2.944117,3.5
307,2013,Reggie Bush,DET,28,14,14,223,1006,4,39,4.5,71.9,5,1.23,1.6260162601626018,2.0,5.0
308,2012,Reggie Bush,MIA,27,16,16,227,986,6,65,4.3,61.6,4,1.206,4.975124378109453,6.0,4.75
309,2011,Reggie Bush,MIA,26,15,15,216,1086,6,76,5.0,72.4,4,1.2,3.125,3.75,5.0
311,2009,Reggie Bush,NOR,24,14,8,70,390,5,55,5.6,27.9,4,1.23,8.605691056910569,10.585,7.085
312,2008,Reggie Bush,NOR,23,10,9,106,404,2,43,3.8,40.4,3,1.16,4.3534482758620685,5.05,5.55
313,2007,Reggie Bush,NOR,22,12,10,157,581,4,22,3.7,48.4,8,1.09,3.3715596330275233,3.675,13.375
314,2006,Reggie Bush,NOR,21,16,8,155,565,6,18,3.6,35.3,2,1.02,2.6470588235294117,2.7,6.5
1012,2020,Ronald Jones II,TAM,23,7,7,110,506,4,37,4.6,72.3,0,1.982,0.973111503531786,1.928707,1.122902
1013,2019,Ronald Jones II,TAM,22,16,9,172,724,6,49,4.2,45.3,3,1.882,0.8540148777895856,1.607256,0.801451
1014,2018,Ronald Jones II,TAM,21,9,0,23,44,1,9,1.9,4.9,0,1.772,0.7256235891647854,1.285805,3.70322
275,2014,Ronnie Brown,2TM,33,10,0,20,63,0,11,3.2,6.3,0,1.33,0.3025210526315789,0.402353,0.603529
276,2013,Ronnie Brown,SDG,32,16,0,45,157,1,13,3.5,9.8,0,1.23,0.853658536585366,1.05,1.05
277,2012,Ronnie Brown,SDG,31,14,1,46,220,0,21,4.8,15.7,0,1.206,0.8291873963515755,1.0,1.0
804,2016,Ronnie Hillman,2TM,25,8,1,41,131,0,17,3.2,16.4,0,1.5527,0.1727539125394474,0.268235,0.268235
805,2015,Ronnie Hillman,DEN,24,16,10,207,863,7,72,4.2,53.9,3,1.4328,0.6579480737018426,0.942708,0.77
806,2014,Ronnie Hillman,DEN,23,8,4,106,434,3,37,4.1,54.3,1,1.33,0.6072992481203008,0.807708,0.635
807,2013,Ronnie Hillman,DEN,22,10,0,55,218,1,19,4.0,21.8,2,1.23,0.5591121951219512,0.687708,0.515
808,2012,Ronnie Hillman,DEN,21,14,0,85,330,1,31,3.9,23.6,2,1.206,0.46659038142620224,0.562708,1.080832
753,2015,Roy Helu,OAK,27,9,0,17,39,0,12,2.3,4.3,0,1.4328,1.4656616415410388,2.1,2.1
754,2014,Roy Helu,WAS,26,14,0,40,216,1,18,5.4,15.4,2,1.33,1.164333082706767,1.548563,1.431
755,2013,Roy Helu,WAS,25,16,0,62,274,4,24,4.4,17.1,2,1.23,0.5467991869918699,0.672563,0.555
756,2011,Roy Helu,WAS,23,15,5,151,640,2,28,4.2,42.7,2,1.2,0.41046916666666666,0.492563,0.845252
588,2020,Royce Freeman,DEN,24,6,0,20,68,0,13,3.4,11.3,0,1.982,0.545537336024218,1.081255,0.832
589,2019,Royce Freeman,DEN,23,16,0,132,496,3,26,3.8,31.0,0,1.882,0.483663655685441,0.910255,0.661
590,2018,Royce Freeman,DEN,22,14,8,130,521,5,24,4.0,37.2,1,1.772,0.411543453724605,0.729255,1.47702
681,2012,Ryan Grant,2TM,30,5,1,32,132,2,18,4.1,26.4,1,1.206,0.14632669983416252,0.17647,0.17647
682,2011,Ryan Grant,GNB,29,15,14,134,559,2,47,4.2,37.3,2,1.2,3.75,4.5,4.5
684,2009,Ryan Grant,GNB,27,16,16,282,1253,11,62,4.4,78.3,1,1.23,3.455284552845528,4.25,4.25
685,2008,Ryan Grant,GNB,26,16,14,312,1203,4,57,3.9,75.2,4,1.16,3.6767241379310347,4.265,4.265
686,2007,Ryan Grant,GNB,25,15,7,188,956,8,66,5.1,63.7,1,1.09,0.28440366972477066,0.31,0.31
1163,2016,Ryan Mathews,PHI,29,13,8,155,661,8,30,4.3,50.8,3,1.5527,2.5761576608488443,4.0,3.0
1164,2015,Ryan Mathews,PHI,28,13,6,106,539,6,63,5.1,41.5,3,1.4328,1.3958682300390843,2.0,4.0
1165,2014,Ryan Mathews,SDG,27,6,6,74,330,3,32,4.5,55.0,1,1.33,2.715789473684211,3.612,1.97825
1166,2013,Ryan Mathews,SDG,26,16,14,285,1255,6,51,4.4,78.4,2,1.23,2.30020325203252,2.82925,1.1955
1167,2012,Ryan Mathews,SDG,25,12,9,184,707,1,31,3.8,58.9,2,1.206,1.9456882255389718,2.3465,0.71275
1168,2011,Ryan Mathews,SDG,24,14,14,222,1091,6,39,4.9,77.9,5,1.2,1.7364583333333332,2.08375,11.3025
1369,2020,Samaje Perine,CIN,25,7,0,2,3,0,3,1.5,0.4,0,1.982,0.4162462159434914,0.825,0.825
1370,2019,Samaje Perine,2TM,24,7,0,5,16,0,9,3.2,2.3,0,1.882,0.020159936238044632,0.037941,0.037941
1371,2018,Samaje Perine,WAS,23,5,0,8,32,0,11,4.0,6.4,0,1.772,0.40629063205417615,0.719947,0.555
1372,2017,Samaje Perine,WAS,22,16,8,175,603,1,30,3.4,37.7,2,1.67,0.37721377245508975,0.629947,1.124788
112,2020,Saquon Barkley,NYG,23,2,2,19,34,0,18,1.8,17.0,0,1.982,4.337870332996973,8.597659,3.405886
113,2019,Saquon Barkley,NYG,22,13,13,217,1003,6,68,4.6,77.2,1,1.882,3.7671179596174285,7.089716,1.897943
114,2018,Saquon Barkley,NYG,21,16,16,261,1307,11,78,5.0,81.7,0,1.772,3.2007748306997734,5.671773,21.247092
1756,2017,Shane Vereen,NYG,28,16,0,45,164,0,17,3.6,10.3,0,1.67,2.644711377245509,4.416668,3.45
1757,2016,Shane Vereen,NYG,27,5,1,33,158,1,25,4.8,31.6,2,1.5527,3.1665266954337605,4.916666,3.75
1758,2015,Shane Vereen,NYG,26,16,0,61,260,0,39,4.3,16.3,1,1.4328,1.756467057509771,2.516666,4.85
1759,2014,Shane Vereen,NWE,25,16,6,96,391,2,19,4.1,24.4,0,1.33,0.8280263157894737,1.101275,0.846975
1760,2013,Shane Vereen,NWE,24,8,1,44,208,1,21,4.7,26.0,1,1.23,0.7674390243902439,0.94395,0.68965
1761,2012,Shane Vereen,NWE,23,13,1,62,251,3,16,4.0,19.3,1,1.206,0.6522595356550581,0.786625,0.532325
1762,2011,Shane Vereen,NWE,22,5,0,15,57,1,19,3.8,11.4,0,1.2,0.5244166666666666,0.6293,1.3922
709,2014,Shonn Greene,TEN,29,13,5,94,392,2,52,4.2,30.2,1,1.33,2.4310774436090226,3.233333,2.4
710,2013,Shonn Greene,TEN,28,11,0,77,295,4,29,3.8,26.8,0,1.23,2.100270731707317,2.583333,4.25
711,2012,Shonn Greene,NYJ,27,16,14,276,1063,8,36,3.9,66.4,4,1.206,0.6975538971807628,0.84125,0.615
712,2011,Shonn Greene,NYJ,26,16,15,253,1054,6,31,4.2,65.9,1,1.2,0.6260416666666667,0.75125,0.525
714,2009,Shonn Greene,NYJ,24,14,0,108,540,2,33,5.0,38.6,3,1.23,0.4359756097560976,0.53625,1.215
1238,2020,Sony Michel,NWE,25,3,3,26,173,1,48,6.7,57.7,0,1.982,1.3246528758829463,2.625462,1.355154
1239,2019,Sony Michel,NWE,24,16,14,247,912,7,26,3.7,57.0,2,1.882,1.1625318809776832,2.187885,0.917577
1240,2018,Sony Michel,NWE,23,13,8,209,931,6,34,4.5,71.6,1,1.772,0.9877584650112866,1.750308,5.561232
1769,2019,Spencer Ware,KAN,28,3,1,17,51,0,6,3.0,17.0,1,1.882,0.10064399574920296,0.189412,0.189412
1770,2018,Spencer Ware,KAN,27,13,2,51,246,2,34,4.8,18.9,0,1.772,0.6254706546275395,1.108334,1.75
1771,2016,Spencer Ware,KAN,25,14,14,214,921,3,46,4.3,65.8,4,1.5527,0.6172042248985639,0.958333,1.625
1772,2015,Spencer Ware,KAN,24,11,2,72,403,6,52,5.6,36.6,0,1.4328,0.25125628140703515,0.36,0.36
743,2013,Stanley Havili,IND,26,13,8,7,7,0,4,1.0,0.5,0,1.23,0.3902439024390244,0.48,0.48
1487,2018,Stevan Ridley,PIT,29,10,0,29,80,1,12,2.8,8.0,2,1.772,0.35553047404063204,0.63,0.79
1488,2017,Stevan Ridley,PIT,28,2,1,26,108,1,21,4.2,54.0,0,1.67,0.043325149700598795,0.072353,0.091176
1489,2015,Stevan Ridley,NYJ,26,8,1,36,90,0,13,2.5,11.3,0,1.4328,0.7655464824120604,1.096875,1.016875
1490,2014,Stevan Ridley,NWE,25,6,5,94,340,2,43,3.6,56.7,0,1.33,0.706578947368421,0.93975,0.77775
1491,2013,Stevan Ridley,NWE,24,14,6,178,773,7,29,4.3,55.2,4,1.23,0.6548780487804878,0.8055,0.6435
1492,2012,Stevan Ridley,NWE,23,16,12,290,1263,12,41,4.4,78.9,4,1.206,0.556592039800995,0.67125,0.50925
1493,2011,Stevan Ridley,NWE,22,16,2,87,441,1,33,5.1,27.6,1,1.2,0.4475,0.537,1.023
890,2015,Steven Jackson,NWE,32,2,1,21,50,1,7,2.4,25.0,0,1.4328,0.04803461753210497,0.068824,0.114118
891,2014,Steven Jackson,ATL,31,15,15,190,707,6,55,3.7,47.1,0,1.33,3.132831578947368,4.166666,3.0
892,2013,Steven Jackson,ATL,30,12,12,157,543,6,50,3.5,45.3,0,1.23,2.3712731707317074,2.916666,5.25
893,2012,Steven Jackson,STL,29,16,16,258,1045,4,46,4.1,65.3,0,1.206,7.3790762852404645,8.899166,7.0
894,2011,Steven Jackson,STL,28,15,15,260,1145,5,47,4.4,76.3,2,1.2,7.582638333333333,9.099166,7.2
896,2009,Steven Jackson,STL,26,15,15,324,1416,4,58,4.4,94.4,2,1.23,6.0155821138211385,7.399166,5.5
897,2008,Steven Jackson,STL,25,12,11,253,1042,7,56,4.1,86.8,5,1.16,2.628591379310345,3.049166,12.0
898,2007,Steven Jackson,STL,24,12,12,237,1002,5,54,4.2,83.5,5,1.09,1.1123853211009176,1.2125,0.6675
899,2006,Steven Jackson,STL,23,16,16,346,1528,13,59,4.4,95.5,4,1.02,1.718137254901961,1.7525,0.5025
900,2005,Steven Jackson,STL,22,15,15,254,1046,8,51,4.1,69.7,3,0.855,1.8567251461988301,1.5875,2.2875
901,2004,Steven Jackson,STL,21,14,3,134,673,4,48,5.0,48.1,1,0.80582,1.3278399642600085,1.07,2.71
1901,2020,T.J. Yeldon,BUF,27,3,0,10,70,0,34,7.0,23.3,1,1.982,0.958627648839556,1.9,1.65
1902,2019,T.J. Yeldon,BUF,26,6,0,17,63,0,12,3.7,10.5,1,1.882,0.6907545164718385,1.3,1.55
1903,2018,T.J. Yeldon,JAX,25,14,5,104,414,1,20,4.0,29.6,1,1.772,1.061882618510158,1.881656,1.241424
1904,2017,T.J. Yeldon,JAX,24,10,0,49,253,2,58,5.2,25.3,2,1.67,0.965777245508982,1.612848,0.972616
1905,2016,T.J. Yeldon,JAX,23,15,13,130,465,1,16,3.6,31.0,2,1.5527,0.86561473562182,1.34404,0.703808
1906,2015,T.J. Yeldon,JAX,22,12,12,182,740,2,45,4.1,61.7,0,1.4328,0.7504410943606923,1.075232,2.995928
355,2020,Tarik Cohen,CHI,25,3,0,14,74,0,17,5.3,24.7,0,1.982,1.5344545913218968,3.041289,8.133
356,2019,Tarik Cohen,CHI,24,16,11,64,213,0,19,3.3,13.3,3,1.882,0.42682731137088215,0.803289,0.645
357,2018,Tarik Cohen,CHI,23,16,7,99,444,3,32,4.5,27.8,7,1.772,0.402533295711061,0.713289,0.555
358,2017,Tarik Cohen,CHI,22,16,4,87,370,2,46,4.3,23.1,3,1.67,0.3732269461077844,0.623289,1.098156
359,2020,Tevin Coleman,SFO,27,2,0,18,30,0,10,1.7,15.0,0,1.982,2.4564833501513625,4.86875,4.9
360,2019,Tevin Coleman,SFO,26,14,11,137,544,6,48,4.0,38.9,0,1.882,1.912858660998937,3.6,3.56875
361,2018,Tevin Coleman,ATL,25,16,14,167,800,4,65,4.8,50.0,2,1.772,0.5518843115124153,0.977939,0.791628
362,2017,Tevin Coleman,ATL,24,15,3,156,628,5,52,4.0,41.9,1,1.67,0.5187491017964072,0.866311,0.68
363,2016,Tevin Coleman,ATL,23,13,0,118,520,8,55,4.4,40.0,1,1.5527,0.485483995620532,0.753811,0.5675
364,2015,Tevin Coleman,ATL,22,12,3,87,392,1,46,4.5,32.7,3,1.4328,0.4336341429369068,0.621311,1.180244
1481,2018,Theo Riddick,DET,27,14,3,40,171,0,19,4.3,12.2,0,1.772,2.3349322799097063,4.1375,3.1625
1482,2017,Theo Riddick,DET,26,16,5,84,286,3,21,3.4,17.9,1,1.67,1.437125748502994,2.4,1.475
1483,2016,Theo Riddick,DET,25,10,8,92,357,1,42,3.9,35.7,0,1.5527,1.1497713660075994,1.78525,4.65
1484,2015,Theo Riddick,DET,24,16,1,43,133,0,16,3.1,8.3,1,1.4328,0.42416945840312675,0.60775,0.585
1485,2014,Theo Riddick,DET,23,14,2,20,51,0,9,2.6,3.6,0,1.33,0.3892857142857143,0.51775,0.495
1486,2013,Theo Riddick,DET,22,14,0,9,25,1,7,2.8,1.8,0,1.23,0.34776422764227644,0.42775,0.496
1443,2017,Thomas Rawls,SEA,24,12,3,58,157,0,23,2.7,13.1,1,1.67,0.37125748502994016,0.62,0.615
1444,2016,Thomas Rawls,SEA,23,9,7,109,349,3,45,3.2,38.8,0,1.5527,0.34134089006247176,0.53,0.525
1445,2015,Thomas Rawls,SEA,22,13,7,147,830,4,69,5.6,63.8,1,1.4328,0.29268076493579015,0.419353,0.429353
782,2016,Tim Hightower,NOR,30,16,1,133,548,4,30,4.1,34.3,0,1.5527,0.5409931087782572,0.84,0.84
783,2015,Tim Hightower,NOR,29,8,3,96,375,4,26,3.9,46.9,0,1.4328,0.21615438302624232,0.309706,0.394412
719,2020,Todd Gurley,ATL,26,7,7,122,485,7,35,4.0,69.3,2,1.982,2.7749747729566088,5.5,5.5
720,2019,Todd Gurley,LAR,25,15,15,223,857,12,25,3.8,57.1,3,1.882,4.888416578108396,9.2,5.0
721,2018,Todd Gurley,LAR,24,14,14,256,1251,17,36,4.9,89.4,1,1.772,4.0791794582392775,7.228306,21.95
722,2017,Todd Gurley,LAR,23,15,15,279,1305,13,57,4.7,87.0,5,1.67,2.257459880239521,3.769958,1.691652
723,2016,Todd Gurley,LAR,22,16,16,278,885,6,24,3.2,55.3,2,1.5527,2.0233348360919687,3.141632,1.063326
724,2015,Todd Gurley,STL,21,13,12,229,1106,10,71,4.8,85.1,3,1.4328,1.7541219988833054,2.513306,8.748224
1416,2020,Tony Pollard,DAL,23,7,1,31,109,1,13,3.5,15.6,0,1.982,0.42511705348133205,0.842582,0.675
1417,2019,Tony Pollard,DAL,22,15,0,86,455,2,44,5.3,30.3,1,1.882,0.35206269925611045,0.662582,1.165328
1161,2015,Tre Mason,STL,22,13,3,75,207,1,15,2.8,15.9,3,1.4328,0.48116275823562255,0.68941,0.530035
1162,2014,Tre Mason,STL,21,12,9,179,765,4,89,4.3,63.8,2,1.33,0.4356203007518797,0.579375,1.0575
1258,2018,Ty Montgomery,2TM,25,13,0,41,188,1,16,4.6,14.5,2,1.772,0.21406546275395036,0.379324,0.379324
1259,2017,Ty Montgomery,GNB,24,8,5,71,273,3,37,3.8,34.1,0,1.67,0.47223712574850296,0.788636,0.637
1260,2016,Ty Montgomery,GNB,23,15,6,77,457,3,61,5.9,30.5,2,1.5527,0.446567913956334,0.693386,0.54175
88,2013,Vick Ballard,IND,23,1,1,13,63,0,12,4.8,63.0,0,1.23,0.28418861788617894,0.349552,0.313412
89,2012,Vick Ballard,IND,22,16,12,211,814,2,26,3.9,50.9,3,1.206,0.3533499170812603,0.42614,0.53456
1073,2013,Vonta Leach,BAL,32,16,7,11,23,0,6,2.1,1.4,1,1.23,1.1951219512195121,1.47,2.0
601,2020,Wayne Gallman,NYG,26,6,1,25,110,1,26,4.4,18.3,0,1.982,0.46917860746720486,0.929912,0.825
602,2019,Wayne Gallman,NYG,25,10,2,29,110,2,22,3.8,11.0,1,1.882,0.3984654622741764,0.749912,0.645
603,2018,Wayne Gallman,NYG,24,15,1,51,176,1,9,3.5,11.7,2,1.772,0.37241083521444696,0.659912,0.555
604,2017,Wayne Gallman,NYG,23,13,1,111,476,0,24,4.3,36.6,3,1.67,0.34126467065868266,0.569912,0.884648
1544,2019,Wendell Smallwood,WAS,25,15,0,22,81,0,17,3.7,5.4,0,1.882,0.3825717321997874,0.72,0.72
1545,2018,Wendell Smallwood,PHI,24,16,6,87,364,3,15,4.2,22.8,2,1.772,0.3900366817155757,0.691145,0.63
1546,2017,Wendell Smallwood,PHI,23,8,3,47,174,1,26,3.7,21.8,0,1.67,0.35996706586826344,0.601145,0.54
1547,2016,Wendell Smallwood,PHI,22,13,3,77,312,1,19,4.1,24.0,1,1.5527,0.3291975268886456,0.511145,0.69458
1210,2013,Willis McGahee,CLE,32,12,6,138,377,2,16,2.7,31.4,1,1.23,0.39813495934959353,0.489706,0.829412
1611,2015,Zac Stacy,NYJ,24,8,0,31,89,1,18,2.9,11.1,0,1.4328,0.4082914572864322,0.585,0.585
1612,2014,Zac Stacy,STL,23,13,5,76,293,1,16,3.9,22.5,2,1.33,0.4053571428571429,0.539125,0.495
1613,2013,Zac Stacy,STL,22,14,12,250,973,7,40,3.9,69.5,1,1.23,0.3651422764227642,0.449125,0.5815
