,Unnamed: 0,Unnamed: 0.1,year,playername,team,age,draft_yr,draft_pos,attempts,yards_run,tds_run,longgain_run,yardsperatt,yardspergame_run,basesalarycap (10^8),Percenthit (%),caphit (M),cashspent (M),g,gs,tgt,rec,catchpercent,yards_rec,yardsperrec,tds_rec,firstdowns,longgain_rec,yardspertarget,recpergame,yardspergame_rec,fumbles,team_adjusted_line_yards,team_running_back_yards,team_stuffed_rate
0,0,0,2020,Aaron Jones,GNB,26,2017,182,75,389,5,75,5.2,77.8,1.982,1.100909183,2.182002,2.133,9,9,45,33,73.30%,261,7.9,2,12,30,5.8,3.7,29.0,2,5.0,3.0,1.0
4,4,4,2020,Adrian Peterson,DET,35,2007,7,80,314,2,27,3.9,52.3,1.982,0.529767911,1.05,1.05,11,8,16,11,68.80%,78,7.1,0,3,18,4.9,1.0,7.1,0,19.0,22.0,18.0
5,5,5,2019,Adrian Peterson,WAS,34,2007,7,211,898,5,32,4.3,59.9,1.882,0.945802338,1.78,2.53,15,15,23,17,73.90%,142,8.4,0,7,22,6.2,1.1,9.5,3,18.0,15.0,17.0
6,6,6,2018,Adrian Peterson,WAS,33,2007,7,251,1042,7,90,4.2,65.1,1.7719999999999998,0.355530474,0.63,1.015,16,16,26,20,76.90%,208,10.4,1,9,52,8.0,1.3,13.0,3,26.0,23.0,28.0
7,8,8,2016,Adrian Peterson,MIN,31,2007,7,37,72,0,13,1.9,24.0,1.5527,7.728472983,12.0,12.0,3,3,6,3,50.00%,8,2.7,0,0,7,1.3,1.0,2.7,1,30.0,32.0,26.0
8,9,9,2015,Adrian Peterson,MIN,30,2007,7,327,1485,11,80,4.5,92.8,1.4328,10.74818537,15.4,13.0,16,16,36,30,83.30%,222,7.4,0,9,49,6.2,1.9,13.9,7,10.0,4.0,12.0
9,10,10,2014,Adrian Peterson,MIN,29,2007,7,21,75,0,17,3.6,75.0,1.33,9.268023308,12.326471000000002,9.926471000000001,1,1,3,2,66.70%,18,9.0,0,1,9,6.0,2.0,18.0,0,13.0,15.0,2.0
10,11,11,2013,Adrian Peterson,MIN,28,2007,7,279,1266,10,78,4.5,90.4,1.23,11.30081301,13.9,11.5,14,14,40,29,72.50%,171,5.9,1,11,22,4.3,2.1,12.2,5,10.0,2.0,20.0
11,12,12,2012,Adrian Peterson,MIN,27,2007,7,348,2097,12,82,6.0,131.1,1.206,10.53482587,12.705,8.0,16,16,51,40,78.40%,217,5.4,1,11,20,4.3,2.5,13.6,4,10.0,1.0,29.0
12,13,13,2011,Adrian Peterson,MIN,26,2007,7,208,970,12,54,4.7,80.8,1.2,10.5875,12.705,20.25,12,12,24,18,75.00%,139,7.7,1,5,22,5.8,1.5,11.6,1,18.0,4.0,28.0
16,17,17,2015,Ahmad Bradshaw,IND,29,2007,250,31,85,0,23,2.7,14.2,1.4328,0.23955541600000002,0.343235,0.487059,6,0,14,10,71.40%,64,6.4,3,5,10,4.6,1.7,10.7,0,27.0,31.0,24.0
17,18,18,2014,Ahmad Bradshaw,IND,28,2007,250,90,425,2,29,4.7,42.5,1.33,0.36567894700000003,0.486353,0.702529,10,1,47,38,80.90%,300,7.9,6,20,22,6.4,3.8,30.0,3,16.0,23.0,15.0
18,19,19,2013,Ahmad Bradshaw,IND,27,2007,250,41,186,2,27,4.5,62.0,1.23,1.55995935,1.91875,1.471875,3,2,8,7,87.50%,42,6.0,0,3,14,5.3,2.3,14.0,0,15.0,20.0,10.0
19,20,20,2012,Ahmad Bradshaw,NYG,26,2007,250,221,1015,6,37,4.6,72.5,1.206,3.731343284,4.5,3.25,14,12,31,23,74.20%,245,10.7,0,7,59,7.9,1.6,17.5,3,2.0,5.0,18.0
20,21,21,2011,Ahmad Bradshaw,NYG,25,2007,250,171,659,9,37,3.9,54.9,1.2,2.291666667,2.75,6.5,12,9,44,34,77.30%,267,7.9,2,12,26,6.1,2.8,22.3,1,29.0,31.0,15.0
29,30,30,2018,Alfred Blue,HOU,27,2014,181,150,499,2,17,3.3,31.2,1.7719999999999998,0.406320542,0.72,0.88,16,2,27,20,74.10%,154,7.7,0,4,28,5.7,1.3,9.6,0,27.0,27.0,21.0
30,31,31,2017,Alfred Blue,HOU,26,2014,181,71,262,1,48,3.7,23.8,1.67,0.43082814399999997,0.719483,0.69,11,0,9,7,77.80%,54,7.7,0,4,14,6.0,0.6,4.9,0,20.0,24.0,18.0
34,35,35,2020,Alvin Kamara,NOR,25,2017,67,75,364,4,49,4.9,60.7,1.982,2.056605954,4.076193,15.833,11,6,83,68,81.90%,646,9.5,4,29,52,7.8,6.2,58.7,1,4.0,8.0,2.0
38,39,39,2020,Ameer Abdullah,MIN,27,2015,54,2,7,0,4,3.5,1.2,1.982,0.44778002,0.8875,1.0475,11,0,2,2,100.00%,23,11.5,1,1,22,11.5,0.2,2.1,0,1.0,5.0,6.0
39,40,40,2019,Ameer Abdullah,MIN,26,2015,54,23,115,0,15,5.0,7.2,1.882,0.39054197700000004,0.735,0.81,16,0,21,15,71.40%,88,5.9,1,5,16,4.2,0.9,5.5,1,7.0,7.0,5.0
43,44,44,2013,Andre Brown,NYG,27,2009,129,139,492,3,23,3.5,61.5,1.23,1.6447154469999998,2.023,2.023,8,8,29,20,69.00%,103,5.2,0,3,14,3.6,2.5,12.9,3,30.0,30.0,31.0
44,45,45,2012,Andre Brown,NYG,26,2009,129,73,385,8,31,5.3,38.5,1.206,0.34240547299999996,0.412941,0.412941,10,2,17,12,70.60%,86,7.2,0,2,17,5.1,1.2,8.6,0,2.0,5.0,18.0
45,47,47,2016,Andre Ellington,ARI,27,2013,187,34,96,0,13,2.8,6.0,1.5527,1.09291299,1.696966,1.671,16,0,19,12,63.20%,85,7.1,0,5,16,4.5,0.8,5.3,0,7.0,14.0,20.0
51,53,53,2020,Austin Ekeler,LAC,25,2017,-1,49,248,1,13,5.1,62.0,1.982,2.522704339,5.0,9.5,5,5,33,28,84.80%,229,8.2,0,10,28,6.9,5.6,45.8,0,29.0,28.0,27.0
58,60,60,2013,BenJarvus Green-Ellis,CIN,28,2008,-1,220,756,7,25,3.4,47.3,1.23,2.642276423,3.25,2.5,16,16,8,4,50.00%,22,5.5,0,1,10,2.8,0.3,1.4,2,11.0,27.0,9.0
59,61,61,2012,BenJarvus Green-Ellis,CIN,27,2008,-1,278,1094,6,48,3.9,72.9,1.206,2.487562189,3.0,4.25,15,15,30,22,73.30%,104,4.7,0,4,13,3.5,1.5,6.9,3,11.0,16.0,9.0
60,62,62,2011,BenJarvus Green-Ellis,NWE,26,2008,-1,181,667,11,18,3.7,41.7,1.2,1.529166667,1.835,1.835,16,6,13,9,69.20%,159,17.7,0,7,53,12.2,0.6,9.9,0,2.0,21.0,7.0
63,65,65,2015,Bernard Pierce,JAX,24,2012,84,6,11,0,4,1.8,1.6,1.4328,0.460636516,0.66,0.66,7,0,5,3,60.00%,7,2.3,0,0,6,1.4,0.4,1.0,0,16.0,25.0,21.0
67,69,69,2018,Bilal Powell,NYJ,30,2011,126,80,343,0,38,4.3,49.0,1.7719999999999998,2.7558318280000003,4.883334,4.0,7,7,18,11,61.10%,110,10.0,1,3,28,6.1,1.6,15.7,2,32.0,26.0,32.0
68,70,70,2017,Bilal Powell,NYJ,29,2011,126,178,772,5,75,4.3,51.5,1.67,2.774450898,4.633333,3.75,15,10,33,23,69.70%,170,7.4,0,9,31,5.2,1.5,11.3,1,29.0,21.0,29.0
69,71,71,2016,Bilal Powell,NYJ,28,2011,126,131,722,3,35,5.5,45.1,1.5527,1.116334772,1.7333330000000002,3.5,16,4,74,58,78.40%,388,6.7,2,21,22,5.2,3.6,24.3,1,12.0,15.0,7.0
70,72,72,2015,Bilal Powell,NYJ,27,2011,126,70,313,1,24,4.5,28.5,1.4328,1.39586823,2.0,2.0,11,2,63,47,74.60%,388,8.3,2,21,25,6.2,4.3,35.3,2,26.0,15.0,26.0
71,73,73,2014,Bilal Powell,NYJ,26,2011,126,33,141,1,15,4.3,9.4,1.33,1.151221805,1.531125,1.431,15,1,15,11,73.30%,92,8.4,0,5,20,6.1,0.7,6.1,0,20.0,13.0,8.0
76,78,78,2016,Bobby Rainey,NYG,29,2013,-1,17,63,0,14,3.7,4.2,1.5527,0.437946802,0.68,0.84,15,0,25,20,80.00%,153,7.7,0,7,24,6.1,1.3,10.2,1,24.0,28.0,9.0
80,83,83,2017,Branden Oliver,LAC,26,2013,-1,35,83,0,26,2.4,10.4,1.67,0.479041916,0.8,0.8,8,0,11,6,54.50%,26,4.3,0,2,11,2.4,0.8,3.3,0,26.0,23.0,26.0
84,88,88,2017,C.J. Anderson,DEN,26,2013,-1,245,1007,3,40,4.1,62.9,1.67,1.796407186,3.0,3.0,16,16,40,28,70.00%,224,8.0,1,7,25,5.6,1.8,14.0,1,9.0,17.0,7.0
85,89,89,2016,C.J. Anderson,DEN,25,2013,-1,110,437,4,28,4.0,62.4,1.5527,3.864236491,6.0,6.0,7,7,24,16,66.70%,128,8.0,1,6,25,5.3,2.3,18.3,0,18.0,27.0,21.0
88,92,92,2015,C.J. Spiller,NOR,28,2010,9,36,112,0,11,3.1,8.6,1.4328,1.39586823,2.0,5.75,13,2,44,34,77.30%,239,7.0,2,13,80,5.4,2.6,18.4,1,13.0,18.0,14.0
89,93,93,2014,C.J. Spiller,BUF,27,2010,9,78,300,0,53,3.8,33.3,1.33,4.448621053,5.916666,3.74875,9,5,22,19,86.40%,125,6.6,1,7,25,5.7,2.1,13.9,3,26.0,24.0,7.0
90,94,94,2013,C.J. Spiller,BUF,26,2010,9,202,933,2,77,4.6,62.2,1.23,3.0233739839999996,3.71875,1.550834,15,10,41,33,80.50%,185,5.6,0,7,27,4.5,2.2,12.3,4,16.0,8.0,11.0
93,97,97,2020,Carlos Hyde,SEA,30,2014,57,31,125,2,24,4.0,31.3,1.982,1.3874873859999999,2.75,2.75,6,1,13,10,76.90%,57,5.7,0,3,11,4.4,1.7,9.5,0,10.0,15.0,17.0
94,98,98,2019,Carlos Hyde,HOU,29,2014,57,245,1070,6,58,4.4,66.9,1.882,1.009564293,1.9,1.9,16,14,16,10,62.50%,42,4.2,0,2,14,2.6,0.6,2.6,4,21.0,12.0,11.0
95,100,100,2017,Carlos Hyde,SFO,27,2014,57,240,938,8,61,3.9,58.6,1.67,0.7014628740000001,1.171443,0.922047,16,16,88,59,67.00%,350,5.9,0,18,18,4.0,3.7,21.9,2,10.0,12.0,25.0
102,107,107,2020,Chris Carson,SEA,26,2017,249,66,323,3,29,4.9,53.8,1.982,1.0844021190000002,2.149285,2.133,7,7,27,24,88.90%,165,6.9,3,9,19,6.1,3.4,23.6,1,10.0,15.0,17.0
106,111,111,2018,Chris Ivory,BUF,30,2012,-1,115,385,1,21,3.3,29.6,1.7719999999999998,1.3931997740000002,2.46875,3.15625,13,1,21,13,61.90%,205,15.8,0,7,55,9.8,1.0,15.8,1,30.0,31.0,23.0
107,112,112,2017,Chris Ivory,JAX,29,2012,-1,112,382,1,34,3.4,27.3,1.67,3.5928143710000002,6.0,5.0,14,3,28,21,75.00%,175,8.3,1,8,29,6.3,1.5,12.5,2,13.0,9.0,10.0
108,113,113,2016,Chris Ivory,JAX,28,2012,-1,117,439,3,42,3.8,39.9,1.5527,2.2541379530000003,3.5,7.5,11,1,28,20,71.40%,186,9.3,0,10,37,6.6,1.8,16.9,5,27.0,26.0,18.0
109,114,114,2015,Chris Ivory,NYJ,27,2012,-1,247,1070,7,58,4.3,71.3,1.4328,1.9193188159999999,2.75,2.0,15,14,37,30,81.10%,217,7.2,1,10,36,5.9,2.0,14.5,4,26.0,15.0,26.0
113,118,118,2013,Chris Ogbonnaya,CLE,27,2009,211,49,240,0,43,4.9,15.0,1.23,0.630081301,0.775,0.775,16,7,74,48,64.90%,343,7.1,2,15,17,4.6,3.0,21.4,2,18.0,29.0,18.0
116,121,121,2007,Clinton Portis,WAS,26,2002,51,325,1262,11,32,3.9,78.9,1.09,3.63929633,3.9668330000000003,4.5,16,16,60,47,78.30%,389,8.3,0,19,54,6.5,2.9,24.3,6,16.0,29.0,15.0
117,122,122,2006,Clinton Portis,WAS,25,2002,51,127,523,7,38,4.1,65.4,1.02,3.113561765,3.1758330000000004,3.585,8,7,26,17,65.40%,170,10.0,0,4,74,6.5,2.1,21.3,0,14.0,8.0,21.0
118,123,123,2005,Clinton Portis,WAS,24,2002,51,352,1516,11,47,4.3,94.8,0.855,2.790447953,2.3858330000000003,0.455,16,16,41,30,73.20%,216,7.2,0,13,23,5.3,1.9,13.5,3,5.0,8.0,2.0
122,127,127,2020,Dalvin Cook,MIN,25,2017,41,92,489,7,39,5.3,97.8,1.982,2.329172048,4.6164190000000005,16.331360999999998,10,10,34,29,85.30%,255,8.8,1,12,50,7.5,2.9,25.5,4,1.0,5.0,6.0
126,131,131,2014,Daniel Thomas,MIA,27,2011,62,44,168,2,15,3.8,14.0,1.33,0.427908271,0.569118,0.569118,12,0,19,13,68.40%,121,9.3,0,8,25,6.4,1.1,10.1,1,9.0,3.0,12.0
132,137,137,2016,Darren McFadden,DAL,29,2008,4,24,87,0,24,3.6,29.0,1.5527,1.3846847430000002,2.15,1.34375,3,1,5,3,60.00%,17,5.7,0,1,11,3.4,1.0,5.7,0,4.0,4.0,5.0
133,138,138,2015,Darren McFadden,DAL,28,2008,4,239,1089,3,50,4.6,68.1,1.4328,0.802624232,1.15,1.55,16,10,53,40,75.50%,328,8.2,0,12,21,6.2,2.5,20.5,3,6.0,5.0,4.0
134,139,139,2014,Darren McFadden,OAK,27,2008,4,155,534,2,25,3.4,33.4,1.33,1.315789474,1.75,1.75,16,12,56,36,64.30%,212,5.9,0,8,23,3.8,2.3,13.3,1,28.0,26.0,21.0
135,140,140,2013,Darren McFadden,OAK,26,2008,4,114,379,5,30,3.3,37.9,1.23,7.849661789,9.655084,5.82625,10,7,25,17,68.00%,108,6.4,0,4,16,4.3,1.7,10.8,1,26.0,16.0,6.0
136,141,141,2012,Darren McFadden,OAK,25,2008,4,216,707,2,64,3.3,58.9,1.206,7.843145108,9.458833,5.63,12,12,63,42,66.70%,258,6.1,1,12,20,4.1,3.5,21.5,2,29.0,22.0,24.0
137,142,142,2011,Darren McFadden,OAK,24,2008,4,113,614,4,70,5.4,87.7,1.2,9.061527499999999,10.873833,7.045,7,7,23,19,82.60%,154,8.1,1,7,26,6.7,2.7,22.0,1,14.0,9.0,3.0
140,145,145,2020,David Johnson,HOU,29,2015,86,101,392,3,29,3.9,56.0,1.982,5.628784057000001,11.15625,11.25,8,8,25,16,64.00%,161,10.1,1,10,20,6.4,2.0,20.1,1,27.0,25.0,8.0
141,146,146,2019,David Johnson,ARI,28,2015,86,94,345,2,18,3.7,26.5,1.882,5.180658874,9.75,6.65625,13,9,47,36,76.60%,370,10.3,4,17,31,7.9,2.8,28.5,1,22.0,8.0,8.0
142,147,147,2018,David Johnson,ARI,27,2015,86,258,940,7,53,3.6,58.8,1.7719999999999998,2.84528386,5.041843,13.8825,16,16,76,50,65.80%,446,8.9,3,22,40,5.9,3.1,27.9,3,25.0,29.0,6.0
148,153,153,2016,DeAngelo Williams,PIT,33,2006,27,98,343,4,17,3.5,38.1,1.5527,1.6519611,2.565,2.0,9,4,27,18,66.70%,118,6.6,2,6,20,4.4,2.0,13.1,0,3.0,10.0,4.0
149,154,154,2015,DeAngelo Williams,PIT,32,2006,27,200,907,11,55,4.5,56.7,1.4328,1.001535455,1.435,2.0,16,10,47,40,85.10%,367,9.2,0,15,34,7.8,2.5,22.9,4,8.0,6.0,10.0
150,155,155,2014,DeAngelo Williams,CAR,31,2006,27,62,219,0,17,3.5,36.5,1.33,4.511278195,6.0,2.0,6,6,6,5,83.30%,44,8.8,0,2,30,7.3,0.8,7.3,1,27.0,22.0,17.0
151,156,156,2013,DeAngelo Williams,CAR,30,2006,27,201,843,3,43,4.2,56.2,1.23,4.06504065,5.0,5.0,15,15,36,26,72.20%,333,12.8,1,10,72,9.3,1.7,22.2,3,14.0,24.0,14.0
152,157,157,2012,DeAngelo Williams,CAR,29,2006,27,173,737,5,65,4.3,46.1,1.206,7.213930348,8.7,5.5,16,10,20,13,65.00%,187,14.4,2,5,53,9.4,0.8,11.7,2,30.0,24.0,26.0
153,158,158,2011,DeAngelo Williams,CAR,28,2006,27,155,836,7,74,5.4,52.3,1.2,5.583333333,6.7,19.5,16,14,25,16,64.00%,135,8.4,0,6,32,5.4,1.0,8.4,0,5.0,1.0,6.0
154,159,159,2009,DeAngelo Williams,CAR,26,2006,27,216,1117,7,77,5.2,85.9,1.23,1.308943089,1.61,0.745,13,13,41,29,70.70%,252,8.7,0,14,30,6.1,2.2,19.4,3,18.0,4.0,27.0
158,163,163,2017,DeMarco Murray,TEN,29,2011,71,184,659,6,75,3.6,43.9,1.67,4.161676647,6.95,6.25,15,15,47,39,83.00%,266,6.8,1,11,18,5.7,2.6,17.7,1,23.0,19.0,24.0
159,164,164,2016,DeMarco Murray,TEN,28,2011,71,293,1287,9,75,4.4,80.4,1.5527,3.864236491,6.0,6.7,16,16,67,53,79.10%,377,7.1,3,20,35,5.6,3.3,23.6,3,5.0,11.0,13.0
160,165,165,2015,DeMarco Murray,PHI,27,2011,71,193,702,6,54,3.6,46.8,1.4328,3.489670575,5.0,9.0,15,8,55,44,80.00%,322,7.3,1,13,44,5.9,2.9,21.5,2,30.0,13.0,18.0
161,166,166,2014,DeMarco Murray,DAL,26,2011,71,392,1845,13,51,4.7,115.3,1.33,1.200469925,1.596625,1.431,16,16,64,57,89.10%,416,7.3,0,17,34,6.5,3.6,26.0,6,1.0,1.0,11.0
167,172,172,2020,Devontae Booker,LVR,28,2016,136,20,126,0,43,6.3,21.0,1.982,0.44778002,0.8875,1.0475,11,0,14,11,78.60%,64,5.8,0,1,17,4.6,1.0,5.8,1,18.0,20.0,19.0
171,176,176,2015,Dexter McCluster,TEN,26,2010,36,55,247,1,44,4.5,22.5,1.4328,2.338079285,3.35,2.35,11,2,41,31,75.60%,260,8.4,1,12,35,6.3,2.8,23.6,2,20.0,29.0,20.0
172,177,177,2014,Dexter McCluster,TEN,25,2010,36,40,131,0,16,3.3,9.4,1.33,1.5037593980000001,2.0,4.0,14,2,36,26,72.20%,197,7.6,1,10,25,5.5,1.9,14.1,1,17.0,25.0,4.0
173,178,178,2020,Dion Lewis,NYG,30,2011,149,16,54,1,19,3.4,7.7,1.982,0.782038345,1.55,1.55,11,0,27,17,63.00%,113,6.6,1,8,17,4.2,1.5,10.3,1,21.0,24.0,14.0
174,179,179,2018,Dion Lewis,TEN,28,2011,149,155,517,1,36,3.3,32.3,1.7719999999999998,2.433690745,4.3125,6.0,16,7,67,59,88.10%,400,6.8,1,13,37,6.0,3.7,25.0,1,17.0,20.0,17.0
175,180,180,2017,Dion Lewis,NWE,27,2011,149,180,896,6,44,5.0,56.0,1.67,0.890718563,1.4875,1.4,16,8,35,32,91.40%,214,6.7,3,11,20,6.1,2.0,13.4,0,1.0,5.0,3.0
176,181,181,2016,Dion Lewis,NWE,26,2011,149,64,283,0,15,4.4,40.4,1.5527,0.7003928640000001,1.0875,1.0,7,5,24,17,70.80%,94,5.5,0,4,16,3.9,2.4,13.4,1,9.0,18.0,16.0
177,182,182,2015,Dion Lewis,NWE,25,2011,149,49,234,2,13,4.8,33.4,1.4328,0.47003838600000003,0.673471,1.0734709999999998,7,6,50,36,72.00%,388,10.8,2,17,40,7.8,5.1,55.4,2,2.0,23.0,1.0
179,184,184,2015,Donald Brown,SDG,28,2009,27,59,229,1,53,3.9,22.9,1.4328,1.6011432159999999,2.294118,2.294118,10,2,13,8,61.50%,88,11.0,0,2,31,6.8,0.8,8.8,1,31.0,30.0,15.0
180,185,185,2014,Donald Brown,SDG,27,2009,27,85,223,0,16,2.6,17.2,1.33,1.378445865,1.833333,4.0,13,3,41,29,70.70%,211,7.3,0,7,24,5.1,2.2,16.2,1,31.0,31.0,28.0
181,186,186,2013,Donald Brown,IND,26,2009,27,102,537,6,51,5.3,33.6,1.23,2.211382114,2.72,1.705,16,5,35,27,77.10%,214,7.9,2,10,33,6.1,1.7,13.4,1,15.0,20.0,10.0
182,187,187,2012,Donald Brown,IND,25,2009,27,108,417,1,19,3.9,41.7,1.206,1.558872305,1.88,0.865,10,4,13,9,69.20%,93,10.3,0,2,39,7.2,0.9,9.3,0,26.0,27.0,30.0
185,190,190,2020,Duke Johnson,HOU,27,2015,77,18,54,0,10,3.0,10.8,1.982,2.068617558,4.1,4.1,9,3,27,20,74.10%,172,8.6,1,6,33,6.4,2.2,19.1,2,27.0,25.0,8.0
186,191,191,2019,Duke Johnson,HOU,26,2015,77,83,410,2,40,4.9,25.6,1.882,1.168969182,2.2,2.2,16,2,62,44,71.00%,410,9.3,3,18,21,6.6,2.8,25.6,1,21.0,12.0,11.0
187,192,192,2018,Duke Johnson,CLE,25,2015,77,40,201,0,23,5.0,12.6,1.7719999999999998,2.197812077,3.8945230000000004,5.9670000000000005,16,2,62,47,75.80%,429,9.1,3,25,32,6.9,2.9,26.8,1,18.0,11.0,29.0
191,196,196,2017,Eddie Lacy,SEA,27,2013,61,69,179,0,19,2.6,19.9,1.67,2.1332335330000003,3.5625,4.25,9,3,6,6,100.00%,47,7.8,0,2,14,7.8,0.7,5.2,0,31.0,32.0,32.0
192,197,197,2016,Eddie Lacy,GNB,26,2013,61,71,360,0,31,5.1,72.0,1.5527,0.6951787209999999,1.079404,0.8676020000000001,5,5,7,4,57.10%,28,7.0,0,1,17,4.0,0.8,5.6,0,19.0,12.0,17.0
196,201,201,2008,Edgerrin James,ARI,30,1999,4,133,514,3,35,3.9,39.5,1.16,5.8189655170000005,6.75,6.75,13,7,18,12,66.70%,85,7.1,0,4,16,4.7,0.9,6.5,2,30.0,30.0,26.0
197,202,202,2007,Edgerrin James,ARI,29,1999,4,324,1222,7,27,3.8,76.4,1.09,6.422018349,7.0,7.0,16,16,39,24,61.50%,204,8.5,0,9,26,5.2,1.5,12.8,5,9.0,30.0,2.0
198,203,203,2006,Edgerrin James,ARI,28,1999,4,337,1159,6,18,3.4,72.4,1.02,9.31372549,9.5,9.5,16,16,61,38,62.30%,217,5.7,0,10,14,3.6,2.4,13.6,3,24.0,31.0,28.0
199,204,204,2005,Edgerrin James,IND,27,1999,4,360,1506,13,33,4.2,100.4,0.855,10.62105263,9.081,9.081,15,15,50,44,88.00%,337,7.7,1,22,20,6.7,2.9,22.5,2,1.0,17.0,5.0
200,205,205,2020,Ezekiel Elliott,DAL,25,2016,4,113,458,5,24,4.1,65.4,1.982,5.499495458999999,10.9,19.8,11,11,54,39,72.20%,256,6.6,2,15,19,4.7,3.5,23.3,6,12.0,21.0,23.0
201,206,206,2019,Ezekiel Elliott,DAL,24,2016,4,301,1357,12,33,4.5,84.8,1.882,3.368572264,6.339653,8.252137,16,16,71,54,76.10%,420,7.8,2,21,27,5.9,3.4,26.3,3,2.0,6.0,1.0
205,210,210,2013,Felix Jones,PIT,26,2008,22,48,184,0,14,3.8,11.5,1.23,0.47764227600000003,0.5875,0.78,16,2,13,9,69.20%,63,7.0,0,2,15,4.8,0.6,3.9,1,22.0,28.0,24.0
206,211,211,2020,Frank Gore,NYJ,37,2005,65,86,310,0,14,3.6,44.3,1.982,0.378405651,0.75,1.05,11,10,16,13,81.30%,70,5.4,0,0,9,4.4,1.2,6.4,0,16.0,30.0,10.0
207,212,212,2019,Frank Gore,BUF,36,2005,65,166,599,2,41,3.6,37.4,1.882,1.062699256,2.0,2.0,16,8,16,13,81.30%,100,7.7,0,5,18,6.3,0.8,6.3,0,15.0,17.0,28.0
208,213,213,2018,Frank Gore,MIA,35,2005,65,156,722,0,39,4.6,51.6,1.7719999999999998,0.623589165,1.105,1.105,14,14,16,12,75.00%,124,10.3,1,8,24,7.8,0.9,8.9,1,14.0,5.0,15.0
209,214,214,2017,Frank Gore,IND,34,2005,65,261,961,3,21,3.7,60.1,1.67,2.095808383,3.5,3.5,16,16,38,29,76.30%,245,8.4,1,9,26,6.4,1.8,15.3,3,18.0,27.0,16.0
210,215,215,2016,Frank Gore,IND,33,2005,65,263,1025,4,22,3.9,64.1,1.5527,2.576157661,4.0,4.0,16,16,47,38,80.90%,277,7.3,4,14,49,5.9,2.4,17.3,2,2.0,24.0,1.0
211,216,216,2015,Frank Gore,IND,32,2005,65,260,967,6,37,3.7,60.4,1.4328,3.140703518,4.5,4.5,16,16,58,34,58.60%,267,7.9,1,11,34,4.6,2.1,16.7,4,27.0,31.0,24.0
212,217,217,2014,Frank Gore,SFO,31,2005,65,255,1106,4,52,4.3,69.1,1.33,4.84962406,6.45,6.45,16,16,19,11,57.90%,111,10.1,1,2,55,5.8,0.7,6.9,2,10.0,14.0,19.0
213,218,218,2013,Frank Gore,SFO,30,2005,65,276,1128,9,51,4.1,70.5,1.23,5.243902439,6.45,6.45,16,16,27,16,59.30%,141,8.8,0,5,29,5.2,1.0,8.8,3,29.0,17.0,29.0
214,219,219,2012,Frank Gore,SFO,29,2005,65,258,1214,8,37,4.7,75.9,1.206,4.975124378,6.0,5.6,16,16,36,28,77.80%,234,8.4,1,10,26,6.5,1.8,14.6,3,1.0,6.0,7.0
215,220,220,2011,Frank Gore,SFO,28,2005,65,282,1211,8,55,4.3,75.7,1.2,5.944166667,7.132999999999999,5.0,16,15,31,17,54.80%,114,6.7,0,4,13,3.7,1.1,7.1,2,21.0,22.0,22.0
216,221,221,2009,Frank Gore,SFO,26,2005,65,229,1120,10,80,4.9,80.0,1.23,5.011585366,6.16425,4.03125,14,14,75,52,69.30%,406,7.8,3,14,48,5.4,3.7,29.0,4,32.0,19.0,31.0
217,222,222,2008,Frank Gore,SFO,25,2005,65,240,1036,6,41,4.3,74.0,1.16,4.13362069,4.795,6.827000000000001,14,14,66,43,65.20%,373,8.7,2,13,26,5.7,3.1,26.6,6,7.0,25.0,11.0
221,226,226,2013,Frank Summers,BUF,28,2009,169,12,46,1,16,3.8,3.1,1.23,0.39024390200000003,0.48,0.48,15,9,8,7,87.50%,79,11.3,1,5,34,9.9,0.5,5.3,0,16.0,8.0,11.0
222,227,227,2015,Fred Jackson,SEA,34,2003,-1,26,100,0,16,3.8,6.3,1.4328,0.628140704,0.9,0.9,16,0,41,32,78.00%,257,8.0,2,12,26,6.3,2.0,16.1,1,4.0,7.0,5.0
223,228,228,2014,Fred Jackson,BUF,33,2003,-1,141,525,2,38,3.7,37.5,1.33,2.894736842,3.85,2.7,14,9,90,66,73.30%,501,7.6,1,26,34,5.6,4.7,35.8,5,26.0,24.0,7.0
224,229,229,2013,Fred Jackson,BUF,32,2003,-1,206,890,9,59,4.3,55.6,1.23,3.0081300810000005,3.7,2.85,16,6,65,47,72.30%,387,8.2,1,17,37,6.0,2.9,24.2,3,16.0,8.0,11.0
225,230,230,2012,Fred Jackson,BUF,31,2003,-1,115,437,3,15,3.8,43.7,1.206,3.0514096189999997,3.68,5.405,10,8,42,34,81.00%,217,6.4,1,10,34,5.2,3.4,21.7,5,7.0,2.0,8.0
226,231,231,2011,Fred Jackson,BUF,30,2003,-1,170,934,6,80,5.5,93.4,1.2,1.8125,2.175,1.9,10,10,50,39,78.00%,442,11.3,0,15,49,8.8,3.9,44.2,2,12.0,2.0,14.0
227,232,232,2009,Fred Jackson,BUF,28,2003,-1,237,1062,2,43,4.5,66.4,1.23,1.158536585,1.425,2.25,16,11,61,46,75.40%,371,8.1,2,22,21,6.1,2.9,23.2,4,12.0,14.0,5.0
228,233,233,2008,Fred Jackson,BUF,27,2003,-1,130,571,3,32,4.4,35.7,1.16,0.318965517,0.37,0.37,16,3,45,37,82.20%,317,8.6,0,12,65,7.0,2.3,19.8,3,14.0,14.0,16.0
229,234,234,2007,Fred Jackson,BUF,26,2003,-1,58,300,0,27,5.2,37.5,1.09,0.26146789,0.285,0.285,8,1,30,22,73.30%,190,8.6,0,8,54,6.3,2.8,23.8,0,24.0,22.0,18.0
230,235,235,2020,Giovani Bernard,CIN,29,2013,37,25,81,1,11,3.2,11.6,1.982,2.4049777999999997,4.766666000000001,4.1,11,5,44,34,77.30%,261,7.7,2,12,42,5.9,3.1,23.7,0,31.0,27.0,26.0
231,236,236,2019,Giovani Bernard,CIN,28,2013,37,53,170,0,25,3.2,10.6,1.882,2.8250085019999998,5.316666000000001,5.9,16,2,43,30,69.80%,234,7.8,0,7,35,5.4,1.9,14.6,2,26.0,23.0,29.0
232,237,237,2018,Giovani Bernard,CIN,27,2013,37,56,211,3,23,3.8,17.6,1.7719999999999998,2.398419865,4.25,3.45,12,4,48,35,72.90%,218,6.2,0,8,26,4.5,2.9,18.2,0,22.0,12.0,20.0
233,238,238,2017,Giovani Bernard,CIN,26,2013,37,105,458,2,25,4.4,28.6,1.67,2.200598802,3.675,3.0,16,2,60,43,71.70%,389,9.0,2,17,61,6.5,2.7,24.3,0,24.0,25.0,9.0
234,239,239,2016,Giovani Bernard,CIN,25,2013,37,91,337,2,17,3.7,33.7,1.5527,2.9764391060000004,4.621517,6.321364,10,2,51,39,76.50%,336,8.6,1,16,32,6.6,3.9,33.6,1,14.0,21.0,15.0
238,243,243,2018,Isaiah Crowell,NYJ,25,2014,-1,143,685,6,77,4.8,52.7,1.7719999999999998,1.128668172,2.0,4.0,13,6,28,21,75.00%,152,7.2,0,7,21,5.4,1.6,11.7,0,32.0,26.0,32.0
239,244,244,2017,Isaiah Crowell,CLE,24,2014,-1,206,853,2,59,4.1,53.3,1.67,1.644311377,2.7460000000000004,2.7460000000000004,16,16,42,28,66.70%,182,6.5,0,9,38,4.3,1.8,11.4,1,14.0,10.0,11.0
243,248,248,2017,Jamaal Charles,DEN,31,2008,73,69,296,1,19,4.3,21.1,1.67,1.169535928,1.953125,2.5,14,0,28,23,82.10%,129,5.6,0,6,20,4.6,1.6,9.2,2,9.0,17.0,7.0
244,249,249,2016,Jamaal Charles,KAN,30,2008,73,12,40,1,17,3.3,13.3,1.5527,3.421459393,5.3125,5.1875,3,0,3,2,66.70%,14,7.0,0,1,16,4.7,0.7,4.7,0,17.0,22.0,10.0
245,250,250,2015,Jamaal Charles,KAN,29,2008,73,71,364,4,34,5.1,72.8,1.4328,5.563117672000001,7.970835000000001,6.0125,5,5,29,21,72.40%,177,8.4,1,10,26,6.1,4.2,35.4,2,5.0,8.0,6.0
246,251,251,2014,Jamaal Charles,KAN,28,2008,73,206,1033,9,63,5.0,68.9,1.33,7.243107519,9.633333,8.3,15,15,59,40,67.80%,291,7.3,5,16,30,4.9,2.7,19.4,5,7.0,7.0,5.0
247,252,252,2013,Jamaal Charles,KAN,27,2008,73,259,1287,12,46,5.0,85.8,1.23,3.523034959,4.3333330000000005,3.0,15,15,104,70,67.30%,693,9.9,7,32,71,6.7,4.7,46.2,4,2.0,5.0,7.0
248,253,253,2012,Jamaal Charles,KAN,26,2008,73,285,1509,5,91,5.3,94.3,1.206,4.007738806,4.8333330000000005,3.5,16,15,49,35,71.40%,236,6.7,1,11,22,4.8,2.2,14.8,5,19.0,3.0,19.0
249,254,254,2011,Jamaal Charles,KAN,25,2008,73,12,83,0,24,6.9,41.5,1.2,4.111110833,4.933333,3.6,2,1,6,5,83.30%,9,1.8,1,2,9,1.5,2.5,4.5,1,28.0,27.0,21.0
252,257,257,2020,Jamaal Williams,GNB,25,2017,134,52,219,1,25,4.2,36.5,1.982,1.147577195,2.274498,2.133,10,3,31,27,87.10%,212,7.9,1,10,29,6.8,2.7,21.2,0,5.0,3.0,1.0
260,265,265,2018,Jay Ajayi,PHI,25,2015,149,45,184,3,20,4.1,46.0,1.7719999999999998,1.076185102,1.9069999999999998,1.9069999999999998,4,3,6,5,83.30%,20,4.0,0,1,12,3.3,1.3,5.0,1,19.0,24.0,26.0
266,272,272,2017,Jeremy Hill,CIN,25,2014,55,37,116,0,13,3.1,16.6,1.67,0.7151664670000001,1.194328,0.9318549999999999,7,7,4,4,100.00%,16,4.0,0,1,10,4.0,0.6,2.3,1,24.0,25.0,9.0
270,276,276,2020,Joe Mixon,CIN,24,2017,48,119,428,3,34,3.6,71.3,1.982,1.9429556000000001,3.8509379999999998,11.325,6,6,26,21,80.80%,138,6.6,1,5,19,5.3,3.5,23.0,1,31.0,27.0,26.0
273,279,279,2015,Joique Bell,DET,29,2010,-1,90,311,4,36,3.5,23.9,1.4328,2.4427694030000002,3.5,2.5,13,5,27,22,81.50%,286,13.0,0,10,39,10.6,1.7,22.0,1,22.0,27.0,29.0
274,280,280,2014,Joique Bell,DET,28,2010,-1,223,860,7,57,3.9,57.3,1.33,1.7293233080000001,2.3,4.3,15,6,53,34,64.20%,322,9.5,1,14,28,6.1,2.3,21.5,5,21.0,28.0,30.0
275,281,281,2013,Joique Bell,DET,27,2010,-1,166,650,8,20,3.9,40.6,1.23,0.5121951220000001,0.63,0.63,16,4,69,53,76.80%,547,10.3,0,23,37,7.9,3.3,34.2,4,13.0,12.0,12.0
277,283,283,2014,Jonathan Dwyer,ARI,25,2010,188,16,51,1,20,3.2,25.5,1.33,0.477443609,0.635,0.795,2,0,3,2,66.70%,8,4.0,0,0,5,2.7,1.0,4.0,0,24.0,32.0,14.0
278,284,284,2013,Jonathan Dwyer,PIT,24,2010,188,49,197,0,30,4.0,13.1,1.23,0.48206585399999996,0.5929409999999999,0.5929409999999999,15,0,11,8,72.70%,64,8.0,0,3,23,5.8,0.5,4.3,0,22.0,28.0,24.0
279,285,285,2017,Jonathan Stewart,CAR,30,2008,13,198,680,6,60,3.4,45.3,1.67,3.69760479,6.175,4.21875,15,10,15,8,53.30%,52,6.5,1,2,21,3.5,0.5,3.5,3,25.0,28.0,12.0
280,286,286,2016,Jonathan Stewart,CAR,29,2008,13,218,824,9,47,3.8,63.4,1.5527,6.150576415,9.55,5.75,13,13,21,8,38.10%,60,7.5,0,1,25,2.9,0.6,4.6,3,25.0,23.0,24.0
281,287,287,2015,Jonathan Stewart,CAR,28,2008,13,242,989,6,44,4.1,76.1,1.4328,5.792853155,8.3,4.5,13,13,21,16,76.20%,99,6.2,1,5,15,4.7,1.2,7.6,3,12.0,12.0,8.0
282,288,288,2014,Jonathan Stewart,CAR,27,2008,13,175,809,3,69,4.6,62.2,1.33,3.447368421,4.585,8.285,13,8,31,25,80.60%,181,7.2,1,7,22,5.8,1.9,13.9,3,27.0,22.0,17.0
283,289,289,2013,Jonathan Stewart,CAR,26,2008,13,48,180,0,16,3.8,30.0,1.23,2.4512195119999998,3.015,3.215,6,1,7,7,100.00%,44,6.3,0,3,16,6.3,1.2,7.3,1,14.0,24.0,14.0
284,290,290,2012,Jonathan Stewart,CAR,25,2008,13,93,336,1,21,3.6,37.3,1.206,3.64047927,4.390418,9.81125,9,6,23,17,73.90%,157,9.2,1,5,30,6.8,1.9,17.4,2,30.0,24.0,26.0
285,291,291,2011,Jonathan Stewart,CAR,24,2008,13,142,761,4,32,5.4,47.6,1.2,1.928471667,2.314166,1.31,16,3,61,47,77.00%,413,8.8,1,18,26,6.8,2.9,25.8,1,5.0,1.0,6.0
296,303,303,2015,Justin Forsett,BAL,30,2008,233,151,641,2,33,4.2,64.1,1.4328,1.116694584,1.6,3.0,10,10,41,31,75.60%,153,4.9,0,4,32,3.7,3.1,15.3,0,14.0,21.0,25.0
297,304,304,2014,Justin Forsett,BAL,29,2008,233,235,1266,8,52,5.4,79.1,1.33,0.428571429,0.57,0.73,16,14,59,44,74.60%,263,6.0,0,10,26,4.5,2.8,16.4,2,3.0,2.0,23.0
298,305,305,2013,Justin Forsett,JAX,28,2008,233,6,31,0,10,5.2,3.4,1.23,0.853658537,1.05,1.15,9,0,16,15,93.80%,82,5.5,0,5,14,5.1,1.7,9.1,1,31.0,31.0,30.0
299,306,306,2012,Justin Forsett,HOU,27,2008,233,63,374,1,81,5.9,23.4,1.206,0.460199005,0.555,0.715,16,0,5,3,60.00%,38,12.7,0,2,18,7.6,0.2,2.4,0,9.0,12.0,23.0
300,307,307,2011,Justin Forsett,SEA,26,2008,233,46,145,1,22,3.2,9.1,1.2,0.5,0.6,0.6,16,0,34,23,67.60%,128,5.6,0,6,18,3.8,1.4,8.0,0,19.0,25.0,10.0
304,311,311,2020,Kareem Hunt,CLE,25,2017,86,101,463,3,33,4.6,66.1,1.982,2.022704339,4.0089999999999995,4.0089999999999995,11,4,32,22,68.80%,151,6.9,4,11,13,4.7,2.0,13.7,1,6.0,4.0,24.0
308,315,315,2020,Kenyan Drake,ARI,26,2016,73,119,512,4,69,4.3,73.1,1.982,4.2800201819999995,8.482999999999999,8.482999999999999,10,8,20,15,75.00%,84,5.6,0,3,18,4.2,1.5,8.4,1,30.0,19.0,25.0
315,323,323,2012,Kevin Smith,DET,26,2008,64,37,134,1,19,3.6,11.2,1.206,0.447761194,0.54,0.0,12,2,16,10,62.50%,79,7.9,1,6,13,4.9,0.8,6.6,0,15.0,20.0,5.0
316,324,324,2011,Kevin Smith,DET,25,2008,64,72,356,4,43,4.9,50.9,1.2,0.176473333,0.21176799999999998,0.21176799999999998,7,4,28,22,78.60%,179,8.1,3,9,28,6.4,3.1,25.6,1,31.0,18.0,24.0
319,327,327,2013,Knowshon Moreno,DEN,26,2009,12,241,1038,10,31,4.3,64.9,1.23,2.7186016260000003,3.3438800000000004,1.7,16,15,74,60,81.10%,548,9.1,3,30,35,7.4,3.8,34.3,2,8.0,9.0,3.0
320,328,328,2012,Knowshon Moreno,DEN,25,2009,12,138,525,4,20,3.8,65.6,1.206,2.0248756219999997,2.4419999999999997,0.855,8,6,26,21,80.80%,167,8.0,0,11,26,6.4,2.6,20.9,1,12.0,19.0,20.0
323,331,331,2011,LaDainian Tomlinson,NYJ,32,2001,5,75,280,1,20,3.7,20.0,1.2,2.1875,2.625,2.625,14,1,61,42,68.90%,449,10.7,2,12,74,7.4,3.0,32.1,0,8.0,28.0,4.0
324,332,332,2009,LaDainian Tomlinson,SDG,30,2001,5,223,730,12,36,3.3,52.1,1.23,6.131438211,7.541669000000001,6.725,14,14,30,20,66.70%,154,7.7,0,8,36,5.1,1.4,11.0,2,19.0,32.0,9.0
325,333,333,2008,LaDainian Tomlinson,SDG,29,2001,5,292,1110,11,45,3.8,69.4,1.16,6.738505172000001,7.816666000000001,5.75,16,16,77,52,67.50%,426,8.2,1,18,32,5.5,3.3,26.6,1,21.0,21.0,6.0
326,334,334,2007,LaDainian Tomlinson,SDG,28,2001,5,315,1474,15,49,4.7,92.1,1.09,6.483179817000001,7.066666000000001,5.0,16,16,86,60,69.80%,475,7.9,3,20,36,5.5,3.8,29.7,0,25.0,6.0,26.0
327,335,335,2006,LaDainian Tomlinson,SDG,27,2001,5,348,1815,28,85,5.2,113.4,1.02,6.1928098039999995,6.316666000000001,4.25,16,16,80,56,70.00%,508,9.1,3,23,51,6.4,3.5,31.8,2,1.0,1.0,1.0
328,336,336,2005,LaDainian Tomlinson,SDG,26,2001,5,339,1462,18,62,4.3,91.4,0.855,9.434697076,8.066666,5.0,16,16,77,51,66.20%,370,7.3,2,15,41,4.8,3.2,23.1,3,9.0,5.0,4.0
329,337,337,2004,LaDainian Tomlinson,SDG,25,2001,5,339,1335,17,42,3.9,89.0,0.80582,8.273145367,6.666666,16.0,15,15,66,53,80.30%,441,8.3,1,16,74,6.7,3.5,29.4,6,16.0,16.0,17.0
333,341,341,2013,LaRod Stephens-Howling,PIT,26,2009,240,6,19,0,5,3.2,19.0,1.23,0.504065041,0.62,0.78,1,0,3,2,66.70%,11,5.5,0,0,7,3.7,2.0,11.0,0,22.0,28.0,24.0
334,342,342,2018,Lamar Miller,HOU,27,2012,97,210,973,5,97,4.6,69.5,1.7719999999999998,3.8092550789999997,6.75,5.703125,14,14,35,25,71.40%,163,6.5,1,10,16,4.7,1.8,11.6,1,27.0,27.0,21.0
335,343,343,2017,Lamar Miller,HOU,26,2012,97,238,888,3,21,3.7,55.5,1.67,3.8922155689999998,6.5,5.5,16,13,45,36,80.00%,327,9.1,3,18,32,7.3,2.3,20.4,1,20.0,24.0,18.0
336,344,344,2016,Lamar Miller,HOU,25,2012,97,268,1073,5,45,4.0,76.6,1.5527,3.542216784,5.5,8.5,14,14,39,31,79.50%,188,6.1,1,9,16,4.8,2.2,13.4,2,15.0,16.0,6.0
337,345,345,2015,Lamar Miller,MIA,24,2012,97,194,872,8,85,4.5,54.5,1.4328,1.1610133999999999,1.6635,1.5419999999999998,16,16,57,47,82.50%,397,8.4,2,15,54,7.0,2.9,24.8,1,28.0,10.0,30.0
341,349,349,2020,Latavius Murray,NOR,30,2013,181,63,265,2,25,4.2,44.2,1.982,2.043390515,4.05,3.2,11,6,17,15,88.20%,132,8.8,0,5,25,7.8,1.4,12.0,1,4.0,8.0,2.0
342,350,350,2019,Latavius Murray,NOR,29,2013,181,146,637,5,30,4.4,39.8,1.882,0.982996812,1.85,4.4,16,8,43,34,79.10%,235,6.9,1,9,30,5.5,2.1,14.7,0,1.0,11.0,4.0
343,351,351,2018,Latavius Murray,MIN,28,2013,181,140,578,6,38,4.1,36.1,1.7719999999999998,2.934537246,5.2,4.0,16,6,26,22,84.60%,141,6.4,0,7,16,5.4,1.4,8.8,0,23.0,19.0,25.0
344,352,352,2017,Latavius Murray,MIN,27,2013,181,216,842,8,46,3.9,52.6,1.67,1.770209581,2.95625,4.25,16,11,17,15,88.20%,103,6.9,0,4,28,6.1,0.9,6.4,1,19.0,20.0,19.0
345,353,353,2016,Latavius Murray,OAK,26,2013,181,195,788,12,42,4.0,56.3,1.5527,0.45182585200000003,0.70155,0.675,14,12,43,33,76.70%,264,8.0,0,11,39,6.1,2.4,18.9,2,11.0,6.0,8.0
348,357,357,2019,Le'Veon Bell,NYJ,27,2013,48,245,789,3,19,3.2,52.6,1.882,4.765541977,8.96875,14.46875,15,15,78,66,84.60%,461,7.0,1,20,23,5.9,4.4,30.7,1,31.0,31.0,25.0
349,358,358,2017,Le'Veon Bell,PIT,25,2013,48,321,1291,9,27,4.0,86.1,1.67,7.25748503,12.12,12.12,15,15,106,85,80.20%,655,7.7,2,32,42,6.2,5.7,43.7,3,7.0,16.0,5.0
350,359,359,2016,Le'Veon Bell,PIT,24,2013,48,261,1268,7,44,4.9,105.7,1.5527,0.727987377,1.1303459999999999,0.796271,12,12,94,75,79.80%,616,8.2,2,32,32,6.6,6.3,51.3,4,3.0,10.0,4.0
354,363,363,2018,LeGarrette Blount,DET,32,2010,-1,154,418,5,27,2.7,26.1,1.7719999999999998,1.128668172,2.0,2.0,16,8,15,10,66.70%,67,6.7,0,4,23,4.5,0.6,4.2,2,20.0,25.0,27.0
355,364,364,2017,LeGarrette Blount,PHI,31,2010,-1,173,766,2,68,4.4,47.9,1.67,0.7485029940000001,1.25,1.25,16,11,8,8,100.00%,50,6.3,1,3,20,6.3,0.5,3.1,1,22.0,4.0,21.0
356,365,365,2016,LeGarrette Blount,NWE,30,2010,-1,299,1161,18,44,3.9,72.6,1.5527,0.660140401,1.025,1.0,16,8,8,7,87.50%,38,5.4,0,1,16,4.8,0.4,2.4,2,9.0,18.0,16.0
357,366,366,2015,LeGarrette Blount,NWE,29,2010,-1,165,703,6,38,4.3,58.6,1.4328,0.6671426579999999,0.955882,1.130882,12,6,7,6,85.70%,43,7.2,1,3,14,6.1,0.5,3.6,1,2.0,23.0,1.0
358,368,368,2013,LeGarrette Blount,NWE,27,2010,-1,153,772,7,47,5.0,48.3,1.23,0.552845528,0.68,0.78,16,7,5,2,40.00%,38,19.0,0,1,32,7.6,0.1,2.4,3,1.0,3.0,4.0
361,371,371,2020,LeSean McCoy,TAM,32,2009,53,6,-1,0,3,-0.2,-0.2,1.982,0.378405651,0.75,1.05,7,0,14,10,71.40%,61,6.1,0,3,15,4.4,1.4,8.7,0,9.0,10.0,4.0
362,372,372,2018,LeSean McCoy,BUF,30,2009,53,161,514,3,28,3.2,36.7,1.7719999999999998,5.050790068,8.95,6.325,14,13,46,34,73.90%,238,7.0,0,10,24,5.2,2.4,17.0,0,30.0,31.0,23.0
363,373,373,2017,LeSean McCoy,BUF,29,2009,53,287,1138,6,48,4.0,71.1,1.67,6.21257485,10.375,6.25,16,16,77,59,76.60%,448,7.6,2,23,39,5.8,3.7,28.0,3,27.0,22.0,27.0
364,374,374,2016,LeSean McCoy,BUF,28,2009,53,234,1267,13,75,5.4,84.5,1.5527,4.943002512,7.675,5.05,15,15,57,50,87.70%,356,7.1,1,17,41,6.2,3.3,23.7,3,16.0,1.0,22.0
365,375,375,2015,LeSean McCoy,BUF,27,2009,53,203,895,3,48,4.4,74.6,1.4328,3.8386376330000003,5.5,16.0,12,12,50,32,64.00%,292,9.1,2,12,22,5.8,2.7,24.3,2,23.0,2.0,17.0
366,376,376,2014,LeSean McCoy,PHI,26,2009,53,312,1319,5,53,4.2,82.4,1.33,7.293233083,9.7,8.0,16,16,37,28,75.70%,155,5.5,0,10,18,4.2,1.8,9.7,4,29.0,11.0,26.0
367,377,377,2013,LeSean McCoy,PHI,25,2009,53,314,1607,9,57,5.1,100.4,1.23,4.024390244,4.95,3.25,16,16,64,52,81.30%,539,10.4,2,24,70,8.4,3.3,33.7,1,25.0,1.0,21.0
368,378,378,2012,LeSean McCoy,PHI,24,2009,53,200,840,2,34,4.2,70.0,1.206,2.203592869,2.6575330000000004,9.115,12,12,67,54,80.60%,373,6.9,3,20,36,5.6,4.5,31.1,4,28.0,10.0,31.0
371,381,381,2014,Leon Washington,TEN,32,2006,117,13,57,0,16,4.4,3.6,1.33,0.477443609,0.635,0.92,16,0,31,22,71.00%,159,7.2,2,8,25,5.1,1.4,9.9,3,17.0,25.0,4.0
372,382,382,2020,Mark Ingram,BAL,31,2011,28,50,225,2,30,4.5,37.5,1.982,2.69088446,5.3333330000000005,4.0,8,7,7,5,71.40%,49,9.8,0,2,18,7.0,0.6,6.1,0,8.0,1.0,5.0
373,383,383,2019,Mark Ingram,BAL,30,2011,28,202,1018,10,53,5.0,67.9,1.882,1.77116525,3.333333,6.0,15,15,29,26,89.70%,247,9.5,5,16,25,8.5,1.7,16.5,2,3.0,1.0,2.0
374,384,384,2018,Mark Ingram,NOR,29,2011,28,138,645,6,38,4.7,53.8,1.7719999999999998,2.993128668,5.303824,3.558824,12,6,27,21,77.80%,170,8.1,1,5,28,6.3,1.8,14.2,3,2.0,13.0,1.0
375,385,385,2017,Mark Ingram,NOR,28,2011,28,230,1124,12,72,4.9,70.3,1.67,3.200598802,5.345,3.7,16,12,71,58,81.70%,416,7.2,0,19,54,5.9,3.6,26.0,3,2.0,1.0,1.0
376,386,386,2016,Mark Ingram,NOR,27,2011,28,205,1043,6,75,5.1,65.2,1.5527,1.6165389319999999,2.51,3.1,16,14,58,46,79.30%,319,6.9,4,18,22,5.5,2.9,19.9,2,1.0,9.0,2.0
377,387,387,2015,Mark Ingram,NOR,26,2011,28,166,769,6,70,4.6,64.1,1.4328,1.39586823,2.0,4.7,12,10,60,50,83.30%,405,8.1,0,22,59,6.8,4.2,33.8,2,13.0,18.0,14.0
378,388,388,2014,Mark Ingram,NOR,25,2011,28,226,964,9,31,4.3,74.2,1.33,1.774342105,2.359875,1.386375,13,9,36,29,80.60%,145,5.0,0,5,14,4.0,2.2,11.2,3,2.0,10.0,13.0
382,392,392,2020,Marlon Mack,IND,24,2017,143,4,26,0,18,6.5,26.0,1.982,1.129118063,2.2379119999999997,2.133,1,1,3,3,100.00%,30,10.0,0,1,19,10.0,3.0,30.0,0,20.0,9.0,22.0
386,396,396,2016,Matt Asiata,MIN,29,2012,-1,121,402,6,29,3.3,25.1,1.5527,0.540993109,0.84,0.84,16,6,38,32,84.20%,263,8.2,0,9,31,6.9,2.0,16.4,1,30.0,32.0,26.0
387,397,397,2015,Matt Asiata,MIN,28,2012,-1,29,112,0,19,3.9,7.0,1.4328,0.558347292,0.8,0.8,16,0,22,19,86.40%,132,6.9,0,5,22,6.0,1.2,8.3,0,10.0,4.0,12.0
390,400,400,2020,Matt Breida,MIA,25,2017,-1,33,115,0,12,3.5,19.2,1.982,1.6442986880000001,3.259,3.259,9,1,10,9,90.00%,96,10.7,0,5,31,9.6,1.0,10.7,2,24.0,26.0,21.0
396,406,406,2014,Maurice Jones-Drew,OAK,29,2006,60,43,96,0,13,2.2,8.0,1.33,1.879699248,2.5,2.5,12,1,16,11,68.80%,71,6.5,0,3,12,4.4,0.9,5.9,1,28.0,26.0,21.0
397,407,407,2013,Maurice Jones-Drew,JAX,28,2006,60,234,803,5,48,3.4,53.5,1.23,5.528455285,6.8,4.95,15,15,60,43,71.70%,314,7.3,0,13,17,5.2,2.9,20.9,1,31.0,31.0,30.0
398,408,408,2012,Maurice Jones-Drew,JAX,27,2006,60,86,414,1,59,4.8,69.0,1.206,5.306799337,6.4,4.45,6,5,18,14,77.80%,86,6.1,1,3,13,4.8,2.3,14.3,2,17.0,23.0,15.0
399,409,409,2011,Maurice Jones-Drew,JAX,26,2006,60,343,1606,8,56,4.7,100.4,1.2,5.0,6.0,4.2,16,16,64,43,67.20%,374,8.7,3,18,48,5.8,2.7,23.4,6,13.0,16.0,8.0
400,410,410,2009,Maurice Jones-Drew,JAX,24,2006,60,312,1391,15,80,4.5,86.9,1.23,5.032520325,6.19,13.15,16,16,71,53,74.60%,374,7.1,1,16,19,5.3,3.3,23.4,2,11.0,7.0,13.0
404,414,414,2020,Melvin Gordon,DEN,27,2015,15,82,349,4,43,4.3,69.8,1.982,3.531786075,7.0,9.0,10,7,29,20,69.00%,87,4.4,1,3,16,3.0,2.0,8.7,4,28.0,12.0,32.0
405,415,415,2019,Melvin Gordon,LAC,26,2015,15,162,612,8,24,3.8,51.0,1.882,2.452647184,4.615882,4.615882,12,11,55,42,76.40%,296,7.0,1,11,25,5.4,3.5,24.7,4,13.0,22.0,21.0
406,416,416,2018,Melvin Gordon,LAC,25,2015,15,175,885,10,34,5.1,73.8,1.7719999999999998,1.9158713319999998,3.3949239999999996,1.8899669999999997,12,12,66,50,75.80%,490,9.8,4,22,66,7.4,4.2,40.8,1,5.0,2.0,16.0
410,420,420,2013,Michael Bush,CHI,29,2007,100,63,197,3,40,3.1,13.1,1.23,2.886178862,3.55,2.55,15,0,8,4,50.00%,48,12.0,1,2,17,6.0,0.3,3.2,0,20.0,10.0,26.0
411,421,421,2012,Michael Bush,CHI,28,2007,100,114,411,5,20,3.6,31.6,1.206,1.6583747930000001,2.0,5.0,13,1,11,9,81.80%,83,9.2,0,6,18,7.5,0.7,6.4,1,16.0,18.0,25.0
412,422,422,2011,Michael Bush,OAK,27,2007,100,256,977,7,44,3.8,61.1,1.2,2.175833333,2.611,2.611,16,9,47,37,78.70%,418,11.3,1,14,55,8.9,2.3,26.1,1,14.0,9.0,3.0
415,425,425,2012,Mikel Leshoure,DET,22,2004,57,215,798,9,16,3.7,57.0,1.206,0.395019071,0.476393,0.476393,14,14,49,34,69.40%,214,6.3,0,12,15,4.4,2.4,15.3,3,15.0,20.0,5.0
421,431,431,2017,Orleans Darkwa,NYG,25,2014,-1,171,751,5,75,4.4,50.1,1.67,0.621257485,1.0375,1.1,15,11,28,19,67.90%,116,6.1,0,7,13,4.1,1.3,7.7,1,15.0,18.0,6.0
424,435,435,2020,Peyton Barber,WAS,26,2016,-1,38,81,2,11,2.1,11.6,1.982,0.68617558,1.36,1.66,11,2,3,2,66.70%,11,5.5,0,1,7,3.7,0.2,1.0,0,17.0,23.0,11.0
425,436,436,2019,Peyton Barber,TAM,25,2016,-1,154,470,6,17,3.1,29.4,1.882,1.12911796,2.125,2.125,16,7,24,16,66.70%,115,7.2,1,4,16,4.8,1.0,7.2,1,23.0,29.0,30.0
429,440,440,2014,Peyton Hillis,NYG,28,2008,227,26,115,0,16,4.4,12.8,1.33,0.642857143,0.855,0.855,9,0,16,10,62.50%,87,8.7,0,2,26,5.4,1.1,9.7,0,22.0,30.0,18.0
430,441,441,2013,Peyton Hillis,NYG,27,2008,227,73,247,2,27,3.4,35.3,1.23,0.29196585399999997,0.359118,0.359118,7,1,21,13,61.90%,96,7.4,0,5,16,4.6,1.9,13.7,2,30.0,30.0,31.0
434,446,446,2014,Pierre Thomas,NOR,30,2007,-1,45,222,2,27,4.9,20.2,1.33,1.180451128,1.57,2.4,11,3,55,45,81.80%,378,8.4,1,19,39,6.9,4.1,34.4,0,2.0,10.0,13.0
435,447,447,2013,Pierre Thomas,NOR,29,2007,-1,147,549,2,18,3.7,34.3,1.23,2.032520325,2.5,2.5,16,9,84,77,91.70%,513,6.7,3,21,29,6.1,4.8,32.1,2,7.0,15.0,23.0
436,448,448,2012,Pierre Thomas,NOR,28,2007,-1,105,473,1,48,4.5,31.5,1.206,1.8739635159999999,2.26,2.26,15,4,53,39,73.60%,354,9.1,1,20,36,6.7,2.6,23.6,0,18.0,11.0,14.0
437,449,449,2011,Pierre Thomas,NOR,27,2007,-1,110,562,5,33,5.1,35.1,1.2,3.2375,3.885,3.385,16,7,59,50,84.70%,425,8.5,1,18,57,7.2,3.1,26.6,2,1.0,3.0,1.0
441,453,453,2020,Raheem Mostert,SFO,28,2015,-1,51,303,1,80,5.9,75.8,1.982,1.681802725,3.333333,3.125,5,5,14,13,92.90%,150,11.5,1,5,76,10.7,2.6,30.0,1,22.0,17.0,31.0
442,454,454,2019,Raheem Mostert,SFO,27,2015,-1,137,772,8,41,5.6,48.3,1.882,1.053843252,1.9833330000000002,2.65,16,0,22,14,63.60%,180,12.9,2,6,39,8.2,0.9,11.3,2,8.0,5.0,20.0
443,455,455,2018,Raheem Mostert,SFO,26,2015,-1,34,261,1,52,7.7,29.0,1.7719999999999998,0.39785553,0.705,0.705,9,0,7,6,85.70%,25,4.2,0,1,23,3.6,0.7,2.8,1,10.0,4.0,18.0
444,456,456,2016,Rashad Jennings,NYG,31,2009,250,181,593,3,25,3.3,45.6,1.5527,1.811360855,2.8125,2.25,13,12,42,35,83.30%,201,5.7,1,8,24,4.8,2.7,15.5,1,24.0,28.0,9.0
445,457,457,2015,Rashad Jennings,NYG,30,2009,250,195,863,3,38,4.4,53.9,1.4328,1.962939698,2.8125,2.25,16,16,40,29,72.50%,296,10.2,1,8,51,7.4,1.8,18.5,2,11.0,16.0,11.0
446,458,458,2014,Rashad Jennings,NYG,29,2009,250,167,639,4,18,3.8,58.1,1.33,0.986842105,1.3125,3.0,11,9,41,30,73.20%,226,7.5,0,8,27,5.5,2.7,20.5,1,22.0,30.0,18.0
447,459,459,2013,Rashad Jennings,OAK,28,2009,250,163,733,6,80,4.5,48.9,1.23,0.5121951220000001,0.63,0.63,15,8,48,36,75.00%,292,8.1,0,12,24,6.1,2.4,19.5,0,26.0,16.0,6.0
448,460,460,2012,Rashad Jennings,JAX,27,2009,250,101,283,2,21,2.8,28.3,1.206,0.47646268700000005,0.5746140000000001,0.565,10,6,26,19,73.10%,130,6.8,0,5,26,5.0,1.9,13.0,3,17.0,23.0,15.0
450,462,462,2013,Rashard Mendenhall,ARI,26,2008,23,217,687,8,28,3.2,45.8,1.23,2.032520325,2.5,2.5,15,15,21,18,85.70%,134,7.4,0,5,24,6.4,1.2,8.9,4,17.0,23.0,16.0
451,463,463,2012,Rashard Mendenhall,PIT,25,2008,23,51,182,0,20,3.6,30.3,1.206,2.849356551,3.436324,2.3338240000000003,6,4,10,9,90.00%,62,6.9,1,4,15,6.2,1.5,10.3,3,27.0,28.0,17.0
452,464,464,2011,Rashard Mendenhall,PIT,24,2008,23,228,928,9,68,4.1,61.9,1.2,1.56875,1.8825,0.78,15,15,28,18,64.30%,154,8.6,0,5,35,5.5,1.2,10.3,1,3.0,10.0,23.0
455,467,467,2013,Ray Rice,BAL,26,2008,55,214,660,4,47,3.1,44.0,1.23,4.674796748,5.75,8.0,15,15,72,58,80.60%,321,5.5,0,13,22,4.5,3.9,21.4,2,32.0,32.0,32.0
456,468,468,2012,Ray Rice,BAL,25,2008,55,257,1143,9,46,4.4,71.4,1.206,4.145936982,5.0,17.0,16,16,83,61,73.50%,478,7.8,1,24,43,5.8,3.8,29.9,1,6.0,8.0,4.0
457,469,469,2011,Ray Rice,BAL,24,2008,55,291,1364,12,70,4.7,85.3,1.2,0.73125,0.8775,0.6,16,16,104,76,73.10%,704,9.3,3,30,52,6.8,4.8,44.0,2,7.0,11.0,11.0
460,472,472,2016,Reggie Bush,BUF,31,2006,2,12,-3,1,5,-0.3,-0.2,1.5527,0.966059123,1.5,1.5,13,0,10,7,70.00%,90,12.9,0,6,25,9.0,0.5,6.9,1,16.0,1.0,22.0
461,473,473,2015,Reggie Bush,SFO,30,2006,2,8,28,0,9,3.5,5.6,1.4328,1.679403964,2.40625,2.29375,5,1,10,4,40.00%,19,4.8,0,1,8,1.9,0.8,3.8,0,32.0,32.0,31.0
462,474,474,2014,Reggie Bush,DET,29,2006,2,76,297,2,26,3.9,27.0,1.33,2.213621805,2.944117,3.5,11,9,56,40,71.40%,253,6.3,0,13,28,4.5,3.6,23.0,1,21.0,28.0,30.0
463,475,475,2013,Reggie Bush,DET,28,2006,2,223,1006,4,39,4.5,71.9,1.23,1.62601626,2.0,5.0,14,14,80,54,67.50%,506,9.4,3,22,77,6.3,3.9,36.1,5,13.0,12.0,12.0
464,476,476,2012,Reggie Bush,MIA,27,2006,2,227,986,6,65,4.3,61.6,1.206,4.975124378,6.0,4.75,16,16,52,35,67.30%,292,8.3,2,14,25,5.6,2.2,18.3,4,21.0,17.0,11.0
465,477,477,2011,Reggie Bush,MIA,26,2006,2,216,1086,6,76,5.0,72.4,1.2,3.125,3.75,5.0,15,15,52,43,82.70%,296,6.9,1,12,34,5.7,2.9,19.7,4,16.0,15.0,13.0
466,478,478,2009,Reggie Bush,NOR,24,2006,2,70,390,5,55,5.6,27.9,1.23,8.605691057000001,10.585,7.085,14,8,68,47,69.10%,335,7.1,3,16,29,4.9,3.4,23.9,4,1.0,6.0,14.0
473,486,486,2013,Ronnie Brown,SDG,32,2005,2,45,157,1,13,3.5,9.8,1.23,0.853658537,1.05,1.05,16,0,8,8,100.00%,60,7.5,0,3,15,7.5,0.5,3.8,0,3.0,13.0,1.0
474,487,487,2012,Ronnie Brown,SDG,31,2005,2,46,220,0,21,4.8,15.7,1.206,0.8291873959999999,1.0,1.0,14,1,59,49,83.10%,371,7.6,0,16,25,6.3,3.5,26.5,0,23.0,29.0,6.0
475,489,489,2015,Ronnie Hillman,DEN,24,2012,67,207,863,7,72,4.2,53.9,1.4328,0.657948074,0.942708,0.77,16,10,35,24,68.60%,111,4.6,0,3,14,3.2,1.5,6.9,3,17.0,9.0,23.0
479,493,493,2015,Roy Helu,OAK,27,2011,105,17,39,0,12,2.3,4.3,1.4328,1.465661642,2.1,2.1,9,0,16,9,56.30%,75,8.3,1,6,15,4.7,1.0,8.3,0,19.0,20.0,6.0
480,494,494,2014,Roy Helu,WAS,26,2011,105,40,216,1,18,5.4,15.4,1.33,1.164333083,1.548563,1.431,14,0,47,42,89.40%,477,11.4,2,16,55,10.1,3.0,34.1,2,19.0,12.0,16.0
486,500,500,2011,Ryan Grant,GNB,29,2005,-1,134,559,2,47,4.2,37.3,1.2,3.75,4.5,4.5,15,14,24,19,79.20%,268,14.1,1,10,80,11.2,1.3,17.9,2,17.0,26.0,25.0
487,501,501,2009,Ryan Grant,GNB,27,2005,-1,282,1253,11,62,4.4,78.3,1.23,3.4552845530000003,4.25,4.25,16,16,30,25,83.30%,197,7.9,0,9,27,6.6,1.6,12.3,1,9.0,22.0,2.0
488,502,502,2008,Ryan Grant,GNB,26,2005,-1,312,1203,4,57,3.9,75.2,1.16,3.676724138,4.265,4.265,16,14,22,18,81.80%,116,6.4,1,3,17,5.3,1.1,7.3,4,19.0,13.0,23.0
490,504,504,2016,Ryan Mathews,PHI,29,2010,12,155,661,8,30,4.3,50.8,1.5527,2.576157661,4.0,3.0,13,8,14,13,92.90%,115,8.8,1,7,27,8.2,1.0,8.8,3,13.0,13.0,12.0
491,505,505,2015,Ryan Mathews,PHI,28,2010,12,106,539,6,63,5.1,41.5,1.4328,1.39586823,2.0,4.0,13,6,28,20,71.40%,146,7.3,1,6,23,5.2,1.5,11.2,3,30.0,13.0,18.0
492,506,506,2014,Ryan Mathews,SDG,27,2010,12,74,330,3,32,4.5,55.0,1.33,2.7157894739999997,3.612,1.97825,6,6,10,9,90.00%,69,7.7,0,4,16,6.9,1.5,11.5,1,31.0,31.0,28.0
493,507,507,2013,Ryan Mathews,SDG,26,2010,12,285,1255,6,51,4.4,78.4,1.23,2.3002032519999998,2.82925,1.1955,16,14,33,26,78.80%,189,7.3,1,9,17,5.7,1.6,11.8,2,3.0,13.0,1.0
496,510,510,2020,Samaje Perine,CIN,25,2017,114,2,3,0,3,1.5,0.4,1.982,0.416246216,0.825,0.825,11,0,6,5,83.30%,16,3.2,0,1,7,2.7,0.5,1.5,0,31.0,27.0,26.0
502,516,516,2017,Shane Vereen,NYG,28,2011,56,45,164,0,17,3.6,10.3,1.67,2.6447113769999997,4.416668,3.45,16,0,53,44,83.00%,253,5.8,0,9,20,4.8,2.8,15.8,0,15.0,18.0,6.0
503,517,517,2016,Shane Vereen,NYG,27,2011,56,33,158,1,25,4.8,31.6,1.5527,3.166526695,4.916666,3.75,5,1,19,11,57.90%,94,8.5,0,4,16,4.9,2.2,18.8,2,24.0,28.0,9.0
504,518,518,2015,Shane Vereen,NYG,26,2011,56,61,260,0,39,4.3,16.3,1.4328,1.7564670580000001,2.516666,4.85,16,0,81,59,72.80%,495,8.4,4,22,37,6.1,3.7,30.9,1,11.0,16.0,11.0
505,519,519,2014,Shane Vereen,NWE,25,2011,56,96,391,2,19,4.1,24.4,1.33,0.828026316,1.101275,0.846975,16,6,77,52,67.50%,447,8.6,3,24,49,5.8,3.3,27.9,0,5.0,16.0,27.0
508,522,522,2013,Shonn Greene,TEN,28,2009,65,77,295,4,29,3.8,26.8,1.23,2.100270732,2.583333,4.25,11,0,8,6,75.00%,39,6.5,0,1,28,4.9,0.5,3.5,0,19.0,26.0,19.0
509,523,523,2012,Shonn Greene,NYJ,27,2009,65,276,1063,8,36,3.9,66.4,1.206,0.697553897,0.84125,0.615,16,14,30,19,63.30%,151,7.9,0,3,30,5.0,1.2,9.4,4,5.0,21.0,2.0
514,528,528,2019,Spencer Ware,KAN,28,2013,194,17,51,0,6,3.0,17.0,1.882,0.100643996,0.189412,0.189412,3,1,7,5,71.40%,22,4.4,0,1,18,3.1,1.7,7.3,1,28.0,21.0,18.0
515,529,529,2018,Spencer Ware,KAN,27,2013,194,51,246,2,34,4.8,18.9,1.7719999999999998,0.625470655,1.108334,1.75,13,2,23,20,87.00%,224,11.2,0,10,31,9.7,1.5,17.2,0,16.0,8.0,13.0
516,530,530,2016,Spencer Ware,KAN,25,2013,194,214,921,3,46,4.3,65.8,1.5527,0.617204225,0.958333,1.625,14,14,42,33,78.60%,447,13.5,2,17,46,10.6,2.4,31.9,4,17.0,22.0,10.0
519,533,533,2018,Stevan Ridley,PIT,29,2011,73,29,80,1,12,2.8,8.0,1.7719999999999998,0.355530474,0.63,0.79,10,0,4,3,75.00%,18,6.0,0,1,10,4.5,0.3,1.8,2,15.0,18.0,5.0
520,534,534,2015,Stevan Ridley,NYJ,26,2011,73,36,90,0,13,2.5,11.3,1.4328,0.7655464820000001,1.096875,1.016875,8,1,5,4,80.00%,-2,-0.5,0,0,3,-0.4,0.5,-0.3,0,26.0,15.0,26.0
521,535,535,2014,Stevan Ridley,NWE,25,2011,73,94,340,2,43,3.6,56.7,1.33,0.706578947,0.93975,0.77775,6,5,5,4,80.00%,20,5.0,0,0,7,4.0,0.7,3.3,0,5.0,16.0,27.0
525,539,539,2014,Steven Jackson,ATL,31,2004,24,190,707,6,55,3.7,47.1,1.33,3.132831579,4.166666,3.0,15,15,27,20,74.10%,148,7.4,0,6,17,5.5,1.3,9.9,0,14.0,21.0,20.0
526,540,540,2013,Steven Jackson,ATL,30,2004,24,157,543,6,50,3.5,45.3,1.23,2.371273171,2.916666,5.25,12,12,49,33,67.30%,191,5.8,1,11,25,3.9,2.8,15.9,0,24.0,22.0,25.0
527,541,541,2012,Steven Jackson,STL,29,2004,24,258,1045,4,46,4.1,65.3,1.206,7.379076285,8.899166000000001,7.0,16,16,53,38,71.70%,321,8.4,0,13,22,6.1,2.4,20.1,0,13.0,14.0,21.0
528,542,542,2011,Steven Jackson,STL,28,2004,24,260,1145,5,47,4.4,76.3,1.2,7.582638332999999,9.099166,7.2,15,15,58,42,72.40%,333,7.9,1,17,50,5.7,2.8,22.2,2,30.0,17.0,20.0
529,543,543,2009,Steven Jackson,STL,26,2004,24,324,1416,4,58,4.4,94.4,1.23,6.015582114,7.399166,5.5,15,15,75,51,68.00%,322,6.3,0,16,38,4.3,3.4,21.5,2,28.0,9.0,28.0
530,544,544,2008,Steven Jackson,STL,25,2004,24,253,1042,7,56,4.1,86.8,1.16,2.628591379,3.049166,12.0,12,11,62,40,64.50%,379,9.5,1,15,53,6.1,3.3,31.6,5,29.0,24.0,21.0
531,545,545,2007,Steven Jackson,STL,24,2004,24,237,1002,5,54,4.2,83.5,1.09,1.1123853209999999,1.2125,0.6675,12,12,52,38,73.10%,271,7.1,1,13,37,5.2,3.2,22.6,5,28.0,21.0,27.0
535,549,549,2019,T.J. Yeldon,BUF,26,2015,36,17,63,0,12,3.7,10.5,1.882,0.6907545159999999,1.3,1.55,6,0,15,13,86.70%,124,9.5,0,6,23,8.3,2.2,20.7,1,15.0,17.0,28.0
536,550,550,2018,T.J. Yeldon,JAX,25,2015,36,104,414,1,20,4.0,29.6,1.7719999999999998,1.0618826190000001,1.8816560000000002,1.241424,14,5,78,55,70.50%,487,8.9,4,20,37,6.2,3.9,34.8,1,21.0,32.0,19.0
540,554,554,2020,Tarik Cohen,CHI,25,2017,119,14,74,0,17,5.3,24.7,1.982,1.534454591,3.041289,8.133,3,0,9,6,66.70%,41,6.8,0,1,20,4.6,2.0,13.7,0,25.0,14.0,29.0
544,558,558,2020,Tevin Coleman,SFO,27,2015,73,18,30,0,10,1.7,15.0,1.982,2.45648335,4.86875,4.9,3,1,4,3,75.00%,34,11.3,0,2,18,8.5,1.0,11.3,0,22.0,17.0,31.0
545,559,559,2019,Tevin Coleman,SFO,26,2015,73,137,544,6,48,4.0,38.9,1.882,1.912858661,3.6,3.56875,14,11,30,21,70.00%,180,8.6,1,9,37,6.0,1.5,12.9,0,8.0,5.0,20.0
546,560,560,2018,Tevin Coleman,ATL,25,2015,73,167,800,4,65,4.8,50.0,1.7719999999999998,0.551884312,0.9779389999999999,0.791628,16,14,44,32,72.70%,276,8.6,5,15,39,6.3,2.0,17.3,2,24.0,14.0,31.0
550,564,564,2018,Theo Riddick,DET,27,2013,199,40,171,0,19,4.3,12.2,1.7719999999999998,2.33493228,4.1375,3.1625,14,3,74,61,82.40%,384,6.3,0,16,20,5.2,4.4,27.4,0,20.0,25.0,27.0
551,565,565,2017,Theo Riddick,DET,26,2013,199,84,286,3,21,3.4,17.9,1.67,1.437125749,2.4,1.475,16,5,71,53,74.60%,444,8.4,2,20,63,6.3,3.3,27.8,1,32.0,31.0,31.0
552,566,566,2016,Theo Riddick,DET,25,2013,199,92,357,1,42,3.9,35.7,1.5527,1.149771366,1.78525,4.65,10,8,67,53,79.10%,371,7.0,5,20,23,5.5,5.3,37.1,0,31.0,29.0,29.0
559,573,573,2016,Tim Hightower,NOR,30,2008,-1,133,548,4,30,4.1,34.3,1.5527,0.540993109,0.84,0.84,16,1,26,22,84.60%,200,9.1,1,11,50,7.7,1.4,12.5,0,1.0,9.0,2.0
560,574,574,2015,Tim Hightower,NOR,29,2008,-1,96,375,4,26,3.9,46.9,1.4328,0.216154383,0.309706,0.394412,8,3,13,12,92.30%,129,10.8,0,7,27,9.9,1.5,16.1,0,13.0,18.0,14.0
561,575,575,2020,Todd Gurley,ATL,26,2015,10,122,485,7,35,4.0,69.3,1.982,2.7749747730000003,5.5,5.5,10,10,24,16,66.70%,82,5.1,0,3,14,3.4,1.6,8.2,2,26.0,29.0,16.0
562,576,576,2019,Todd Gurley,LAR,25,2015,10,223,857,12,25,3.8,57.1,1.882,4.888416578,9.2,5.0,15,15,49,31,63.30%,207,6.7,2,8,23,4.2,2.1,13.8,3,19.0,26.0,26.0
563,577,577,2018,Todd Gurley,LAR,24,2015,10,256,1251,17,36,4.9,89.4,1.7719999999999998,4.0791794580000005,7.228306,21.95,14,14,81,59,72.80%,580,9.8,4,27,56,7.2,4.2,41.4,1,1.0,1.0,2.0
575,590,590,2013,Vonta Leach,BAL,32,2004,-1,11,23,0,6,2.1,1.4,1.23,1.195121951,1.47,2.0,16,7,20,11,55.00%,47,4.3,1,3,12,2.4,0.7,2.9,1,32.0,32.0,32.0
576,591,591,2020,Wayne Gallman,NYG,26,2017,140,25,110,1,26,4.4,18.3,1.982,0.469178607,0.9299120000000001,0.825,10,5,21,16,76.20%,72,4.5,0,3,18,3.4,1.6,7.2,0,21.0,24.0,14.0
580,595,595,2019,Wendell Smallwood,WAS,25,2016,153,22,81,0,17,3.7,5.4,1.882,0.38257173200000005,0.72,0.72,15,0,13,9,69.20%,64,7.1,0,4,18,4.9,0.6,4.3,0,18.0,15.0,17.0
584,599,599,2013,Willis McGahee,CLE,32,2004,23,138,377,2,16,2.7,31.4,1.23,0.398134959,0.48970600000000003,0.829412,12,6,11,8,72.70%,20,2.5,0,0,9,1.8,0.7,1.7,1,18.0,29.0,18.0
