,Unnamed: 0,year,playername,team,age,draft_yr,draft_pos,attempts,yards_run,tds_run,longgain_run,yardsperatt,yardspergame_run,basesalarycap (10^8),Percenthit (%),caphit (M),cashspent (M),g,gs,tgt,rec,catchpercent,yards_rec,yardsperrec,tds_rec,firstdowns,longgain_rec,yardspertarget,recpergame,yardspergame_rec,fumbles,team_adjusted_line_yards,team_running_back_yards,team_stuffed_rate
0,0,2020,Aaron Jones,GNB,26,2017,182,75,389,5,75,5.2,77.8,1.982,1.100909183,2.182002,2.133,9,9,45,33,73.30%,261,7.9,2,12,30,5.8,3.7,29,2,5,3,1
1,1,2019,Aaron Jones,GNB,25,2017,182,236,1084,16,56,4.6,67.8,1.882,0.369546759,0.695487,0.645,16,16,68,49,72.10%,474,9.7,3,18,67,7,3.1,29.6,3,5,13,6
2,2,2018,Aaron Jones,GNB,24,2017,182,133,728,8,67,5.5,60.7,1.772,0.29309763,0.519369,0.468882,12,8,35,26,74.30%,206,7.9,1,12,24,5.9,2.2,17.2,1,7,6,12
3,3,2017,Aaron Jones,GNB,23,2017,7,81,448,4,46,5.5,37.3,1.67,0.30867485,0.515487,0.666948,12,4,18,9,50.00%,22,2.4,0,2,9,1.2,0.8,1.8,0,5,13,2
4,4,2020,Adrian Peterson,DET,35,2007,7,80,314,2,27,3.9,52.3,1.982,0.529767911,1.05,1.05,11,8,16,11,68.80%,78,7.1,0,3,18,4.9,1,7.1,0,19,22,18
5,5,2019,Adrian Peterson,WAS,34,2007,7,211,898,5,32,4.3,59.9,1.882,0.945802338,1.78,2.53,15,15,23,17,73.90%,142,8.4,0,7,22,6.2,1.1,9.5,3,18,15,17
6,6,2018,Adrian Peterson,WAS,33,2007,7,251,1042,7,90,4.2,65.1,1.772,0.355530474,0.63,1.015,16,16,26,20,76.90%,208,10.4,1,9,52,8,1.3,13,3,26,23,28
8,8,2016,Adrian Peterson,MIN,31,2007,7,37,72,0,13,1.9,24,1.5527,7.728472983,12,12,3,3,6,3,50.00%,8,2.7,0,0,7,1.3,1,2.7,1,30,32,26
9,9,2015,Adrian Peterson,MIN,30,2007,7,327,1485,11,80,4.5,92.8,1.4328,10.74818537,15.4,13,16,16,36,30,83.30%,222,7.4,0,9,49,6.2,1.9,13.9,7,10,4,12
10,10,2014,Adrian Peterson,MIN,29,2007,7,21,75,0,17,3.6,75,1.33,9.268023308,12.326471,9.926471,1,1,3,2,66.70%,18,9,0,1,9,6,2,18,0,13,15,2
11,11,2013,Adrian Peterson,MIN,28,2007,7,279,1266,10,78,4.5,90.4,1.23,11.30081301,13.9,11.5,14,14,40,29,72.50%,171,5.9,1,11,22,4.3,2.1,12.2,5,10,2,20
12,12,2012,Adrian Peterson,MIN,27,2007,7,348,2097,12,82,6,131.1,1.206,10.53482587,12.705,8,16,16,51,40,78.40%,217,5.4,1,11,20,4.3,2.5,13.6,4,10,1,29
13,13,2011,Adrian Peterson,MIN,26,2007,7,208,970,12,54,4.7,80.8,1.2,10.5875,12.705,20.25,12,12,24,18,75.00%,139,7.7,1,5,22,5.8,1.5,11.6,1,18,4,28
14,14,2009,Adrian Peterson,MIN,24,2007,7,314,1383,18,64,4.4,86.4,1.23,2.284552846,2.81,0.755,16,15,57,43,75.40%,436,10.1,0,16,63,7.6,2.7,27.3,7,21,20,32
15,15,2008,Adrian Peterson,MIN,23,2007,7,363,1760,10,67,4.8,110,1.16,2.090517241,2.425,8.145,16,15,39,21,53.80%,125,6,0,4,16,3.2,1.3,7.8,9,13,5,22
16,16,2007,Adrian Peterson,MIN,22,2007,7,238,1341,12,73,5.6,95.8,1.09,1.871559633,2.04,6.99,14,9,28,19,67.90%,268,14.1,1,14,60,9.6,1.4,19.1,4,13,1,28
17,17,2015,Ahmad Bradshaw,IND,29,2007,250,31,85,0,23,2.7,14.2,1.4328,0.239555416,0.343235,0.487059,6,0,14,10,71.40%,64,6.4,3,5,10,4.6,1.7,10.7,0,27,31,24
18,18,2014,Ahmad Bradshaw,IND,28,2007,250,90,425,2,29,4.7,42.5,1.33,0.365678947,0.486353,0.702529,10,1,47,38,80.90%,300,7.9,6,20,22,6.4,3.8,30,3,16,23,15
19,19,2013,Ahmad Bradshaw,IND,27,2007,250,41,186,2,27,4.5,62,1.23,1.55995935,1.91875,1.471875,3,2,8,7,87.50%,42,6,0,3,14,5.3,2.3,14,0,15,20,10
20,20,2012,Ahmad Bradshaw,NYG,26,2007,250,221,1015,6,37,4.6,72.5,1.206,3.731343284,4.5,3.25,14,12,31,23,74.20%,245,10.7,0,7,59,7.9,1.6,17.5,3,2,5,18
21,21,2011,Ahmad Bradshaw,NYG,25,2007,250,171,659,9,37,3.9,54.9,1.2,2.291666667,2.75,6.5,12,9,44,34,77.30%,267,7.9,2,12,26,6.1,2.8,22.3,1,29,31,15
22,22,2009,Ahmad Bradshaw,NYG,23,2007,250,163,778,7,38,4.8,51.9,1.23,0.381447967,0.469181,0.46,15,1,30,21,70.00%,207,9.9,0,6,55,6.9,1.4,13.8,3,14,21,18
23,23,2008,Ahmad Bradshaw,NYG,22,2007,250,67,355,1,77,5.3,23.7,1.16,0.326880172,0.379181,0.37,15,0,6,5,83.30%,42,8.4,1,2,18,7,0.3,2.8,3,4,1,10
24,24,2007,Ahmad Bradshaw,NYG,21,2007,250,23,190,1,88,8.3,15.8,1.09,0.269890826,0.294181,0.321725,12,0,5,2,40.00%,12,6,0,1,11,2.4,0.2,1,2,3,3,9
25,25,2018,Alex Collins,BAL,24,2016,171,114,411,7,19,3.6,41.1,1.772,0.355530474,0.63,0.63,10,10,21,15,71.40%,105,7,1,6,24,5,1.5,10.5,3,9,16,3
26,26,2017,Alex Collins,BAL,23,2016,171,212,973,6,50,4.6,64.9,1.67,0.304332335,0.508235,0.508235,15,12,36,23,63.90%,187,8.1,0,8,37,5.2,1.5,12.5,4,6,8,14
27,27,2016,Alex Collins,SEA,22,2016,171,31,125,1,26,4,11.4,1.5527,0.319505378,0.496096,0.634384,11,0,11,11,100.00%,84,7.6,0,6,14,7.6,1,7.6,2,26,25,30
28,28,2020,Alexander Mattison,MIN,22,2019,102,54,245,1,25,4.5,40.8,1.982,0.444270938,0.880545,0.675,11,1,11,9,81.80%,61,6.8,0,3,14,5.5,0.8,5.5,0,1,5,6
29,29,2019,Alexander Mattison,MIN,21,2019,102,100,462,1,35,4.6,35.5,1.882,0.372234325,0.700545,1.31718,13,0,12,10,83.30%,82,8.2,0,3,17,6.8,0.8,6.3,1,7,7,5
30,30,2018,Alfred Blue,HOU,27,2014,181,150,499,2,17,3.3,31.2,1.772,0.406320542,0.72,0.88,16,2,27,20,74.10%,154,7.7,0,4,28,5.7,1.3,9.6,0,27,27,21
31,31,2017,Alfred Blue,HOU,26,2014,181,71,262,1,48,3.7,23.8,1.67,0.430828144,0.719483,0.69,11,0,9,7,77.80%,54,7.7,0,4,14,6,0.6,4.9,0,20,24,18
32,32,2016,Alfred Blue,HOU,25,2014,181,100,420,1,25,4.2,30,1.5527,0.405411863,0.629483,0.6,14,2,16,12,75.00%,40,3.3,0,1,12,2.5,0.9,2.9,2,15,16,6
33,33,2015,Alfred Blue,HOU,24,2014,181,183,698,2,41,3.8,43.6,1.4328,0.37652359,0.539483,0.51,16,9,16,15,93.80%,109,7.3,1,2,21,6.8,0.9,6.8,2,18,26,9
34,34,2014,Alfred Blue,HOU,23,2014,181,169,528,2,46,3.1,33,1.33,0.337957143,0.449483,0.537932,16,3,18,15,83.30%,113,7.5,1,7,22,6.3,0.9,7.1,0,23,18,25
35,35,2020,Alvin Kamara,NOR,25,2017,67,75,364,4,49,4.9,60.7,1.982,2.056605954,4.076193,15.833,11,6,83,68,81.90%,646,9.5,4,29,52,7.8,6.2,58.7,1,4,8,2
36,36,2019,Alvin Kamara,NOR,24,2017,67,171,797,5,40,4.7,56.9,1.882,0.558285335,1.050693,0.8075,14,9,97,81,83.50%,533,6.6,1,28,41,5.5,5.8,38.1,4,1,11,4
37,37,2018,Alvin Kamara,NOR,23,2017,67,194,883,14,49,4.6,58.9,1.772,0.495594244,0.878193,0.635,15,13,105,81,77.10%,709,8.8,4,37,42,6.8,5.4,47.3,1,2,13,1
38,38,2017,Alvin Kamara,NOR,22,2017,67,120,728,8,74,6.1,45.5,1.67,0.424067665,0.708193,1.437772,16,3,100,81,81.00%,826,10.2,5,38,40,8.3,5.1,51.6,1,2,1,1
39,39,2020,Ameer Abdullah,MIN,27,2015,54,2,7,0,4,3.5,1.2,1.982,0.44778002,0.8875,1.0475,11,0,2,2,100.00%,23,11.5,1,1,22,11.5,0.2,2.1,0,1,5,6
40,40,2019,Ameer Abdullah,MIN,26,2015,54,23,115,0,15,5,7.2,1.882,0.390541977,0.735,0.81,16,0,21,15,71.40%,88,5.9,1,5,16,4.2,0.9,5.5,1,7,7,5
41,41,2017,Ameer Abdullah,DET,24,2015,54,165,552,4,34,3.3,39.4,1.67,0.678735928,1.133489,0.81283,14,11,35,25,71.40%,162,6.5,1,13,22,4.6,1.8,11.6,2,32,31,31
42,42,2016,Ameer Abdullah,DET,23,2015,54,18,101,0,24,5.6,50.5,1.5527,0.608342887,0.944574,0.623915,2,2,5,5,100.00%,57,11.4,1,4,18,11.4,2.5,28.5,0,31,29,29
43,43,2015,Ameer Abdullah,DET,22,2015,54,143,597,2,36,4.2,37.3,1.4328,0.527400195,0.755659,1.717636,16,9,38,25,65.80%,183,7.3,1,11,36,4.8,1.6,11.4,5,22,27,29
44,44,2013,Andre Brown,NYG,27,2009,129,139,492,3,23,3.5,61.5,1.23,1.644715447,2.023,2.023,8,8,29,20,69.00%,103,5.2,0,3,14,3.6,2.5,12.9,3,30,30,31
45,45,2012,Andre Brown,NYG,26,2009,129,73,385,8,31,5.3,38.5,1.206,0.342405473,0.412941,0.412941,10,2,17,12,70.60%,86,7.2,0,2,17,5.1,1.2,8.6,0,2,5,18
47,47,2016,Andre Ellington,ARI,27,2013,187,34,96,0,13,2.8,6,1.5527,1.09291299,1.696966,1.671,16,0,19,12,63.20%,85,7.1,0,5,16,4.5,0.8,5.3,0,7,14,20
48,48,2015,Andre Ellington,ARI,26,2013,187,45,289,3,63,6.4,28.9,1.4328,0.426414015,0.610966,0.585,10,2,24,15,62.50%,148,9.9,0,8,32,6.2,1.5,14.8,1,3,3,16
49,49,2014,Andre Ellington,ARI,25,2013,187,201,660,3,22,3.3,55,1.33,0.391703759,0.520966,0.495,12,12,64,46,71.90%,395,8.6,2,19,81,6.2,3.8,32.9,2,24,32,14
50,50,2013,Andre Ellington,ARI,24,2013,187,118,652,3,80,5.5,43.5,1.23,0.350378862,0.430966,0.508864,15,1,57,39,68.40%,371,9.5,1,21,38,6.5,2.6,24.7,1,17,23,16
51,51,2014,Andre Williams,NYG,22,2014,113,217,721,7,50,3.3,45.1,1.33,0.401052632,0.5334,0.8736,16,7,37,18,48.60%,130,7.2,0,6,24,3.5,1.1,8.1,1,22,30,18
52,52,2015,Antonio Andrews,TEN,23,2015,257,143,520,3,38,3.6,37.1,1.4328,0.355946399,0.51,0.51,14,10,29,21,72.40%,174,8.3,0,8,23,6,1.5,12.4,1,20,29,20
53,53,2020,Austin Ekeler,LAC,25,2017,257,49,248,1,13,5.1,62,1.982,2.522704339,5,9.5,5,5,33,28,84.80%,229,8.2,0,10,28,6.9,5.6,45.8,0,29,28,27
54,54,2019,Austin Ekeler,LAC,24,2017,257,132,557,3,35,4.2,34.8,1.882,0.343606801,0.646668,0.645,16,8,108,92,85.20%,993,10.8,8,42,84,9.2,5.8,62.1,3,13,22,21
55,55,2018,Austin Ekeler,LAC,23,2017,257,106,554,3,41,5.2,39.6,1.772,0.314145598,0.556666,0.555,14,3,53,39,73.60%,404,10.4,3,19,44,7.6,2.8,28.9,1,5,2,16
56,56,2017,Austin Ekeler,LAC,22,2017,257,47,260,2,35,5.5,16.3,1.67,0.279440719,0.466666,0.47,16,0,35,27,77.10%,279,10.3,3,12,38,8,1.7,17.4,2,26,23,26
57,57,2013,Ben Tate,HOU,25,2011,58,181,771,4,60,4.3,55.1,1.23,0.731097561,0.89925,0.63,14,7,49,34,69.40%,140,4.1,0,2,10,2.9,2.4,10,5,6,14,17
58,58,2012,Ben Tate,HOU,24,2011,58,65,279,2,25,4.3,25.4,1.206,0.629560531,0.75925,0.49,11,0,11,11,100.00%,49,4.5,0,2,11,4.5,1,4.5,1,9,12,23
59,59,2011,Ben Tate,HOU,23,2011,58,175,942,4,56,5.4,62.8,1.2,0.561875,0.67425,0.405,15,2,19,13,68.40%,98,7.5,0,4,14,5.2,0.9,6.5,4,4,6,12
60,60,2013,BenJarvus Green-Ellis,CIN,28,2008,257,220,756,7,25,3.4,47.3,1.23,2.642276423,3.25,2.5,16,16,8,4,50.00%,22,5.5,0,1,10,2.8,0.3,1.4,2,11,27,9
61,61,2012,BenJarvus Green-Ellis,CIN,27,2008,257,278,1094,6,48,3.9,72.9,1.206,2.487562189,3,4.25,15,15,30,22,73.30%,104,4.7,0,4,13,3.5,1.5,6.9,3,11,16,9
62,62,2011,BenJarvus Green-Ellis,NWE,26,2008,257,181,667,11,18,3.7,41.7,1.2,1.529166667,1.835,1.835,16,6,13,9,69.20%,159,17.7,0,7,53,12.2,0.6,9.9,0,2,21,7
63,63,2009,BenJarvus Green-Ellis,NWE,24,2008,257,26,114,0,29,4.4,9.5,1.23,0.31300813,0.385,0.385,12,0,5,2,40.00%,11,5.5,0,0,6,2.2,0.2,0.9,0,5,13,3
64,64,2008,BenJarvus Green-Ellis,NWE,23,2008,257,74,275,5,15,3.7,30.6,1.16,0.179512931,0.208235,0.208235,9,3,6,3,50.00%,37,12.3,0,2,20,6.2,0.3,4.1,0,3,6,1
65,65,2015,Bernard Pierce,JAX,24,2012,84,6,11,0,4,1.8,1.6,1.4328,0.460636516,0.66,0.66,7,0,5,3,60.00%,7,2.3,0,0,6,1.4,0.4,1,0,16,25,21
66,66,2014,Bernard Pierce,BAL,23,2012,84,93,366,2,28,3.9,28.2,1.33,0.53307218,0.708986,0.57,13,2,6,2,33.30%,13,6.5,0,0,7,2.2,0.2,1,1,3,2,23
67,67,2013,Bernard Pierce,BAL,22,2012,84,152,436,2,28,2.9,27.3,1.23,0.50324065,0.618986,0.48,16,1,25,20,80.00%,104,5.2,0,3,15,4.2,1.3,6.5,0,32,32,32
68,68,2012,Bernard Pierce,BAL,21,2012,84,108,532,1,78,4.9,33.3,1.206,0.438628524,0.528986,0.945944,16,0,11,7,63.60%,47,6.7,0,4,11,4.3,0.4,2.9,0,6,8,4
69,69,2018,Bilal Powell,NYJ,30,2011,126,80,343,0,38,4.3,49,1.772,2.755831828,4.883334,4,7,7,18,11,61.10%,110,10,1,3,28,6.1,1.6,15.7,2,32,26,32
70,70,2017,Bilal Powell,NYJ,29,2011,126,178,772,5,75,4.3,51.5,1.67,2.774450898,4.633333,3.75,15,10,33,23,69.70%,170,7.4,0,9,31,5.2,1.5,11.3,1,29,21,29
71,71,2016,Bilal Powell,NYJ,28,2011,126,131,722,3,35,5.5,45.1,1.5527,1.116334772,1.733333,3.5,16,4,74,58,78.40%,388,6.7,2,21,22,5.2,3.6,24.3,1,12,15,7
72,72,2015,Bilal Powell,NYJ,27,2011,126,70,313,1,24,4.5,28.5,1.4328,1.39586823,2,2,11,2,63,47,74.60%,388,8.3,2,21,25,6.2,4.3,35.3,2,26,15,26
73,73,2014,Bilal Powell,NYJ,26,2011,126,33,141,1,15,4.3,9.4,1.33,1.151221805,1.531125,1.431,15,1,15,11,73.30%,92,8.4,0,5,20,6.1,0.7,6.1,0,20,13,8
74,74,2013,Bilal Powell,NYJ,25,2011,126,176,697,1,39,4,43.6,1.23,0.532621951,0.655125,0.555,16,11,57,36,63.20%,272,7.6,0,15,36,4.8,2.3,17,1,21,11,8
75,75,2012,Bilal Powell,NYJ,24,2011,126,110,437,4,18,4,31.2,1.206,0.468594527,0.565125,0.465,14,2,36,17,47.20%,140,8.2,0,9,16,3.9,1.2,10,0,5,21,2
76,76,2015,Bishop Sankey,TEN,23,2014,54,47,193,1,16,4.1,14.8,1.4328,0.609660804,0.873522,0.594704,13,3,22,14,63.60%,139,9.9,1,8,30,6.3,1.1,10.7,2,20,29,20
77,77,2014,Bishop Sankey,TEN,22,2014,54,152,569,2,22,3.7,35.6,1.33,0.525427068,0.698818,1.535272,16,9,23,18,78.30%,133,7.4,0,5,18,5.8,1.1,8.3,2,17,25,4
78,78,2016,Bobby Rainey,NYG,29,2013,257,17,63,0,14,3.7,4.2,1.5527,0.437946802,0.68,0.84,15,0,25,20,80.00%,153,7.7,0,7,24,6.1,1.3,10.2,1,24,28,9
79,79,2014,Bobby Rainey,TAM,27,2013,257,94,406,1,31,4.3,27.1,1.33,0.428571429,0.57,0.57,15,5,45,33,73.30%,315,9.5,1,13,34,7,2.2,21,3,32,29,32
81,81,2020,Boston Scott,PHI,25,2019,201,33,113,0,13,3.4,16.1,1.982,0.378405651,0.75,0.75,11,3,27,21,77.80%,180,8.6,1,7,18,6.7,1.9,16.4,1,23,6,12
82,82,2019,Boston Scott,PHI,24,2019,201,61,245,5,25,4,22.3,1.882,0.213790117,0.402353,0.402353,11,2,26,24,92.30%,204,8.5,0,10,39,7.8,2.2,18.5,4,14,14,13
83,83,2017,Branden Oliver,LAC,26,2013,257,35,83,0,26,2.4,10.4,1.67,0.479041916,0.8,0.8,8,0,11,6,54.50%,26,4.3,0,2,11,2.4,0.8,3.3,0,26,23,26
84,84,2015,Branden Oliver,SDG,24,2013,257,31,108,0,15,3.5,13.5,1.4328,0.290545784,0.416294,0.416294,8,1,15,13,86.70%,112,8.6,0,5,17,7.5,1.6,14,0,31,30,15
85,85,2014,Branden Oliver,SDG,23,2013,257,160,582,3,52,3.6,41.6,1.33,0.315789474,0.42,0.42,14,7,45,36,80.00%,271,7.5,1,11,50,6,2.6,19.4,0,31,31,28
86,86,2013,Brandon Jacobs,NYG,31,2013,110,58,238,4,37,4.1,34,1.23,0.390674797,0.48053,0.48053,7,1,7,2,28.60%,13,6.5,0,0,8,1.9,0.3,1.9,1,30,30,31
88,88,2017,C.J. Anderson,DEN,26,2013,257,245,1007,3,40,4.1,62.9,1.67,1.796407186,3,3,16,16,40,28,70.00%,224,8,1,7,25,5.6,1.8,14,1,9,17,7
89,89,2016,C.J. Anderson,DEN,25,2013,257,110,437,4,28,4,62.4,1.5527,3.864236491,6,6,7,7,24,16,66.70%,128,8,1,6,25,5.3,2.3,18.3,0,18,27,21
90,90,2015,C.J. Anderson,DEN,24,2013,257,152,720,5,48,4.7,48,1.4328,0.411200447,0.589168,0.585,15,6,36,25,69.40%,183,7.3,0,6,27,5.1,1.7,12.2,2,17,9,23
91,91,2014,C.J. Anderson,DEN,23,2013,257,179,849,8,27,4.7,56.6,1.33,0.375312782,0.499166,0.495,15,7,44,34,77.30%,324,9.5,2,14,51,7.4,2.3,21.6,1,12,8,9
92,92,2015,C.J. Spiller,NOR,28,2010,9,36,112,0,11,3.1,8.6,1.4328,1.39586823,2,5.75,13,2,44,34,77.30%,239,7,2,13,80,5.4,2.6,18.4,1,13,18,14
93,93,2014,C.J. Spiller,BUF,27,2010,9,78,300,0,53,3.8,33.3,1.33,4.448621053,5.916666,3.74875,9,5,22,19,86.40%,125,6.6,1,7,25,5.7,2.1,13.9,3,26,24,7
94,94,2013,C.J. Spiller,BUF,26,2010,9,202,933,2,77,4.6,62.2,1.23,3.023373984,3.71875,1.550834,15,10,41,33,80.50%,185,5.6,0,7,27,4.5,2.2,12.3,4,16,8,11
95,95,2012,C.J. Spiller,BUF,25,2010,9,207,1244,6,62,6,77.8,1.206,2.919430348,3.520833,1.352917,16,9,57,43,75.40%,459,10.7,2,20,66,8.1,2.7,28.7,3,7,2,8
96,96,2011,C.J. Spiller,BUF,24,2010,9,107,561,4,38,5.2,35.1,1.2,7.20868,8.650416,9.622919,16,11,54,39,72.20%,269,6.9,2,16,19,5,2.4,16.8,2,12,2,14
97,97,2020,Carlos Hyde,SEA,30,2014,57,31,125,2,24,4,31.3,1.982,1.387487386,2.75,2.75,6,1,13,10,76.90%,57,5.7,0,3,11,4.4,1.7,9.5,0,10,15,17
98,98,2019,Carlos Hyde,HOU,29,2014,57,245,1070,6,58,4.4,66.9,1.882,1.009564293,1.9,1.9,16,14,16,10,62.50%,42,4.2,0,2,14,2.6,0.6,2.6,4,21,12,11
100,100,2017,Carlos Hyde,SFO,27,2014,57,240,938,8,61,3.9,58.6,1.67,0.701462874,1.171443,0.922047,16,16,88,59,67.00%,350,5.9,0,18,18,4,3.7,21.9,2,10,12,25
101,101,2016,Carlos Hyde,SFO,26,2014,57,217,988,6,47,4.6,76,1.5527,0.646676113,1.004094,0.754698,13,13,33,27,81.80%,163,6,3,7,19,4.9,2.1,12.5,5,32,19,25
102,102,2015,Carlos Hyde,SFO,25,2014,57,115,470,3,22,4.1,67.1,1.4328,0.583992881,0.836745,0.587349,7,7,15,11,73.30%,53,4.8,0,4,11,3.5,1.6,7.6,1,32,32,31
103,103,2014,Carlos Hyde,SFO,24,2014,57,83,333,4,28,4,23.8,1.33,0.503305263,0.669396,1.417584,14,0,16,12,75.00%,68,5.7,0,4,16,4.3,0.9,4.9,1,10,14,19
104,104,2020,Chase Edmonds,ARI,24,2018,134,29,176,1,32,6.1,25.1,1.982,0.435463673,0.863089,0.75,11,2,47,40,85.10%,311,7.8,3,18,30,6.6,3.6,28.3,2,30,19,25
105,105,2019,Chase Edmonds,ARI,23,2018,134,60,303,4,37,5.1,23.3,1.882,0.362959086,0.683089,0.57,13,2,21,12,57.10%,105,8.8,1,5,31,5,0.9,8.1,0,22,8,8
106,106,2018,Chase Edmonds,ARI,22,2018,134,60,208,2,29,3.5,13,1.772,0.334700339,0.593089,0.932356,16,0,23,20,87.00%,103,5.2,0,5,13,4.5,1.3,6.4,1,25,29,6
107,107,2020,Chris Carson,SEA,26,2017,249,66,323,3,29,4.9,53.8,1.982,1.084402119,2.149285,2.133,7,7,27,24,88.90%,165,6.9,3,9,19,6.1,3.4,23.6,1,10,15,17
108,108,2019,Chris Carson,SEA,25,2017,249,278,1230,7,59,4.4,82,1.882,0.351373539,0.661285,0.645,15,15,47,37,78.70%,266,7.2,2,10,21,5.7,2.5,17.7,7,16,9,9
109,109,2018,Chris Carson,SEA,24,2017,249,247,1151,9,61,4.7,82.2,1.772,0.322395598,0.571285,0.555,14,14,24,20,83.30%,163,8.2,0,7,27,6.8,1.4,11.6,3,12,9,8
110,110,2017,Chris Carson,SEA,23,2017,249,49,208,0,30,4.2,52,1.67,0.234619162,0.391814,0.440669,4,3,8,7,87.50%,59,8.4,1,3,10,7.4,1.8,14.8,0,31,32,32
111,111,2018,Chris Ivory,BUF,30,2012,257,115,385,1,21,3.3,29.6,1.772,1.393199774,2.46875,3.15625,13,1,21,13,61.90%,205,15.8,0,7,55,9.8,1,15.8,1,30,31,23
112,112,2017,Chris Ivory,JAX,29,2012,257,112,382,1,34,3.4,27.3,1.67,3.592814371,6,5,14,3,28,21,75.00%,175,8.3,1,8,29,6.3,1.5,12.5,2,13,9,10
113,113,2016,Chris Ivory,JAX,28,2012,257,117,439,3,42,3.8,39.9,1.5527,2.254137953,3.5,7.5,11,1,28,20,71.40%,186,9.3,0,10,37,6.6,1.8,16.9,5,27,26,18
114,114,2015,Chris Ivory,NYJ,27,2012,257,247,1070,7,58,4.3,71.3,1.4328,1.919318816,2.75,2,15,14,37,30,81.10%,217,7.2,1,10,36,5.9,2,14.5,4,26,15,26
115,115,2014,Chris Ivory,NYJ,26,2012,257,198,821,6,71,4.1,51.3,1.33,1.315789474,1.75,1,16,10,27,18,66.70%,123,6.8,1,4,23,4.6,1.1,7.7,2,20,13,8
116,116,2013,Chris Ivory,NYJ,25,2012,257,182,833,3,69,4.6,55.5,1.23,1.219512195,1.5,3,15,6,7,2,28.60%,10,5,0,1,12,1.4,0.1,0.7,2,21,11,8
117,117,2012,Chris Ivory,NOR,24,2012,257,40,217,2,56,5.4,36.2,1.206,0.50959204,0.614568,0.6192,6,2,3,2,66.70%,15,7.5,0,1,13,5,0.3,2.5,0,18,11,14
118,118,2013,Chris Ogbonnaya,CLE,27,2009,211,49,240,0,43,4.9,15,1.23,0.630081301,0.775,0.775,16,7,74,48,64.90%,343,7.1,2,15,17,4.6,3,21.4,2,18,29,18
119,119,2009,Clinton Portis,WAS,28,2009,51,124,494,1,78,4,61.8,1.23,5.01714065,6.171083,1.245,8,8,12,9,75.00%,57,6.3,1,2,10,4.8,1.1,7.1,1,25,30,19
120,120,2008,Clinton Portis,WAS,27,2009,51,342,1487,9,31,4.3,92.9,1.16,5.199209483,6.031083,10.4305,16,16,35,28,80.00%,218,7.8,0,11,29,6.2,1.8,13.6,3,5,18,2
121,121,2007,Clinton Portis,WAS,26,2002,51,325,1262,11,32,3.9,78.9,1.09,3.63929633,3.966833,4.5,16,16,60,47,78.30%,389,8.3,0,19,54,6.5,2.9,24.3,6,16,29,15
122,122,2006,Clinton Portis,WAS,25,2002,51,127,523,7,38,4.1,65.4,1.02,3.113561765,3.175833,3.585,8,7,26,17,65.40%,170,10,0,4,74,6.5,2.1,21.3,0,14,8,21
123,123,2005,Clinton Portis,WAS,24,2002,51,352,1516,11,47,4.3,94.8,0.855,2.790447953,2.385833,0.455,16,16,41,30,73.20%,216,7.2,0,13,23,5.3,1.9,13.5,3,5,8,2
124,124,2004,Clinton Portis,WAS,23,2002,51,343,1315,5,64,3.8,87.7,0.80582,4.623654166,3.725833,13.38,15,15,57,40,70.20%,235,5.9,2,10,18,4.1,2.7,15.7,5,17,24,14
125,125,2003,Clinton Portis,DEN,22,2002,51,290,1591,14,65,5.5,122.4,0.75007,0.829922541,0.6225,0.3,13,13,51,38,74.50%,314,8.3,0,10,72,6.2,2.9,24.2,3,9,4,8
126,126,2002,Clinton Portis,DEN,21,2002,51,273,1508,15,59,5.5,94.3,0.71101,0.770031364,0.5475,1.515,16,12,49,33,67.30%,364,11,2,16,66,7.4,2.1,22.8,5,1,1,1
127,127,2020,Dalvin Cook,MIN,25,2017,41,92,489,7,39,5.3,97.8,1.982,2.329172048,4.616419,16.331361,10,10,34,29,85.30%,255,8.8,1,12,50,7.5,2.9,25.5,4,1,5,6
128,128,2019,Dalvin Cook,MIN,24,2017,41,250,1135,13,75,4.5,81.1,1.882,0.920680659,1.732721,1.042574,14,14,63,53,84.10%,519,9.8,0,26,31,8.2,3.8,37.1,4,7,7,5
129,129,2018,Dalvin Cook,MIN,23,2017,41,133,615,2,70,4.6,55.9,1.772,0.814861174,1.443934,0.753787,11,10,49,40,81.60%,305,7.6,2,15,27,6.2,3.6,27.7,2,23,19,25
130,130,2017,Dalvin Cook,MIN,22,2017,41,74,354,2,33,4.8,88.5,1.67,0.69170479,1.155147,3.225588,4,4,16,11,68.80%,90,8.2,0,3,36,5.6,2.8,22.5,1,19,20,19
131,131,2014,Daniel Thomas,MIA,27,2011,62,44,168,2,15,3.8,14,1.33,0.427908271,0.569118,0.569118,12,0,19,13,68.40%,121,9.3,0,8,25,6.4,1.1,10.1,1,9,3,12
132,132,2013,Daniel Thomas,MIA,26,2011,62,109,406,4,55,3.7,27.1,1.23,0.717603252,0.882652,0.669217,15,1,17,15,88.20%,63,4.2,2,6,16,3.7,1,4.2,0,28,25,27
133,133,2012,Daniel Thomas,MIA,25,2011,62,91,325,4,20,3.6,27.1,1.206,0.609903814,0.735544,0.522109,12,0,22,15,68.20%,156,10.4,0,5,32,7.1,1.3,13,3,21,17,11
134,134,2011,Daniel Thomas,MIA,24,2011,62,165,581,0,28,3.5,44.7,1.2,0.4903625,0.588435,1.22874,13,2,16,12,75.00%,72,6,1,5,12,4.5,0.9,5.5,2,16,15,13
135,135,2020,Darrell Henderson,LAR,23,2019,70,87,412,3,40,4.7,58.9,1.982,0.484147326,0.95958,0.686916,11,9,20,13,65.00%,129,9.9,1,7,28,6.5,1.2,11.7,0,7,16,30
136,136,2019,Darrell Henderson,LAR,22,2019,70,39,147,0,22,3.8,11.3,1.882,0.407897981,0.767664,1.585656,13,0,6,4,66.70%,37,9.3,0,1,14,6.2,0.3,2.8,0,19,26,26
137,137,2016,Darren McFadden,DAL,29,2008,4,24,87,0,24,3.6,29,1.5527,1.384684743,2.15,1.34375,3,1,5,3,60.00%,17,5.7,0,1,11,3.4,1,5.7,0,4,4,5
138,138,2015,Darren McFadden,DAL,28,2008,4,239,1089,3,50,4.6,68.1,1.4328,0.802624232,1.15,1.55,16,10,53,40,75.50%,328,8.2,0,12,21,6.2,2.5,20.5,3,6,5,4
139,139,2014,Darren McFadden,OAK,27,2008,4,155,534,2,25,3.4,33.4,1.33,1.315789474,1.75,1.75,16,12,56,36,64.30%,212,5.9,0,8,23,3.8,2.3,13.3,1,28,26,21
140,140,2013,Darren McFadden,OAK,26,2008,4,114,379,5,30,3.3,37.9,1.23,7.849661789,9.655084,5.82625,10,7,25,17,68.00%,108,6.4,0,4,16,4.3,1.7,10.8,1,26,16,6
141,141,2012,Darren McFadden,OAK,25,2008,4,216,707,2,64,3.3,58.9,1.206,7.843145108,9.458833,5.63,12,12,63,42,66.70%,258,6.1,1,12,20,4.1,3.5,21.5,2,29,22,24
142,142,2011,Darren McFadden,OAK,24,2008,4,113,614,4,70,5.4,87.7,1.2,9.0615275,10.873833,7.045,7,7,23,19,82.60%,154,8.1,1,7,26,6.7,2.7,22,1,14,9,3
143,143,2009,Darren McFadden,OAK,22,2008,4,104,357,1,28,3.4,29.8,1.23,3.78699187,4.658,20.4175,12,7,36,21,58.30%,245,11.7,0,10,48,6.8,1.8,20.4,5,23,26,6
144,144,2008,Darren McFadden,OAK,21,2008,4,113,499,4,50,4.4,38.4,1.16,2.262931034,2.625,2.625,13,5,39,29,74.40%,285,9.8,0,13,27,7.3,2.2,21.9,3,25,15,18
145,145,2020,David Johnson,HOU,29,2015,86,101,392,3,29,3.9,56,1.982,5.628784057,11.15625,11.25,8,8,25,16,64.00%,161,10.1,1,10,20,6.4,2,20.1,1,27,25,8
146,146,2019,David Johnson,ARI,28,2015,86,94,345,2,18,3.7,26.5,1.882,5.180658874,9.75,6.65625,13,9,47,36,76.60%,370,10.3,4,17,31,7.9,2.8,28.5,1,22,8,8
147,147,2018,David Johnson,ARI,27,2015,86,258,940,7,53,3.6,58.8,1.772,2.84528386,5.041843,13.8825,16,16,76,50,65.80%,446,8.9,3,22,40,5.9,3.1,27.9,3,25,29,6
148,148,2017,David Johnson,ARI,26,2015,86,11,23,0,6,2.1,23,1.67,0.478947904,0.799843,0.64,1,1,9,6,66.70%,67,11.2,0,3,24,7.4,6,67,2,17,30,13
149,149,2016,David Johnson,ARI,25,2015,86,293,1239,16,58,4.2,77.4,1.5527,0.456522831,0.708843,0.549,16,16,120,80,66.70%,879,11,4,42,58,7.3,5,54.9,5,7,14,20
150,150,2015,David Johnson,ARI,24,2015,86,125,581,8,47,4.6,36.3,1.4328,0.415161223,0.594843,1.074372,16,5,57,36,63.20%,457,12.7,4,21,55,8,2.3,28.6,4,3,3,16
151,151,2020,David Montgomery,CHI,23,2019,73,96,353,1,23,3.7,50.4,1.982,0.477134712,0.945681,0.684136,10,9,47,35,74.50%,252,7.2,2,14,28,5.4,3.5,25.2,1,25,14,29
152,152,2019,David Montgomery,CHI,22,2019,73,242,889,6,55,3.7,55.6,1.882,0.401989904,0.756545,1.54118,16,8,35,25,71.40%,185,7.4,1,7,30,5.3,1.6,11.6,2,29,30,16
153,153,2016,DeAngelo Williams,PIT,33,2006,27,98,343,4,17,3.5,38.1,1.5527,1.6519611,2.565,2,9,4,27,18,66.70%,118,6.6,2,6,20,4.4,2,13.1,0,3,10,4
154,154,2015,DeAngelo Williams,PIT,32,2006,27,200,907,11,55,4.5,56.7,1.4328,1.001535455,1.435,2,16,10,47,40,85.10%,367,9.2,0,15,34,7.8,2.5,22.9,4,8,6,10
155,155,2014,DeAngelo Williams,CAR,31,2006,27,62,219,0,17,3.5,36.5,1.33,4.511278195,6,2,6,6,6,5,83.30%,44,8.8,0,2,30,7.3,0.8,7.3,1,27,22,17
156,156,2013,DeAngelo Williams,CAR,30,2006,27,201,843,3,43,4.2,56.2,1.23,4.06504065,5,5,15,15,36,26,72.20%,333,12.8,1,10,72,9.3,1.7,22.2,3,14,24,14
157,157,2012,DeAngelo Williams,CAR,29,2006,27,173,737,5,65,4.3,46.1,1.206,7.213930348,8.7,5.5,16,10,20,13,65.00%,187,14.4,2,5,53,9.4,0.8,11.7,2,30,24,26
158,158,2011,DeAngelo Williams,CAR,28,2006,27,155,836,7,74,5.4,52.3,1.2,5.583333333,6.7,19.5,16,14,25,16,64.00%,135,8.4,0,6,32,5.4,1,8.4,0,5,1,6
159,159,2009,DeAngelo Williams,CAR,26,2006,27,216,1117,7,77,5.2,85.9,1.23,1.308943089,1.61,0.745,13,13,41,29,70.70%,252,8.7,0,14,30,6.1,2.2,19.4,3,18,4,27
160,160,2008,DeAngelo Williams,CAR,25,2006,27,273,1515,18,69,5.5,94.7,1.16,1.935344828,2.245,1.38,16,16,30,22,73.30%,121,5.5,2,8,25,4,1.4,7.6,0,8,2,19
161,161,2007,DeAngelo Williams,CAR,24,2006,27,144,717,4,75,5,44.8,1.09,1.123853211,1.225,3.82,16,0,38,23,60.50%,175,7.6,1,5,30,4.6,1.4,10.9,1,19,17,17
162,162,2006,DeAngelo Williams,CAR,23,2006,27,121,501,1,31,4.1,38.5,1.02,0.960784314,0.98,0.98,13,2,36,33,91.70%,313,9.5,1,11,41,8.7,2.5,24.1,1,23,22,16
163,163,2017,DeMarco Murray,TEN,29,2011,71,184,659,6,75,3.6,43.9,1.67,4.161676647,6.95,6.25,15,15,47,39,83.00%,266,6.8,1,11,18,5.7,2.6,17.7,1,23,19,24
164,164,2016,DeMarco Murray,TEN,28,2011,71,293,1287,9,75,4.4,80.4,1.5527,3.864236491,6,6.7,16,16,67,53,79.10%,377,7.1,3,20,35,5.6,3.3,23.6,3,5,11,13
165,165,2015,DeMarco Murray,PHI,27,2011,71,193,702,6,54,3.6,46.8,1.4328,3.489670575,5,9,15,8,55,44,80.00%,322,7.3,1,13,44,5.9,2.9,21.5,2,30,13,18
166,166,2014,DeMarco Murray,DAL,26,2011,71,392,1845,13,51,4.7,115.3,1.33,1.200469925,1.596625,1.431,16,16,64,57,89.10%,416,7.3,0,17,34,6.5,3.6,26,6,1,1,11
167,167,2013,DeMarco Murray,DAL,25,2011,71,217,1121,9,43,5.2,80.1,1.23,0.659299187,0.810938,0.645313,14,14,66,53,80.30%,350,6.6,1,18,22,5.3,3.8,25,3,4,4,2
168,168,2012,DeMarco Murray,DAL,24,2011,71,161,663,4,48,4.1,66.3,1.206,0.560349088,0.675781,0.510156,10,10,42,35,83.30%,251,7.2,0,11,22,6,3.5,25.1,3,22,26,12
169,169,2011,DeMarco Murray,DAL,23,2011,71,164,897,2,91,5.5,69,1.2,0.450520833,0.540625,1.0375,13,7,35,26,74.30%,183,7,0,9,18,5.2,2,14.1,1,6,7,16
170,170,2020,Devin Singletary,BUF,23,2019,74,79,299,1,18,3.8,42.7,1.982,0.471218971,0.933956,0.675,11,11,39,28,71.80%,207,7.4,0,6,34,5.3,2.5,18.8,1,15,11,15
171,171,2019,Devin Singletary,BUF,22,2019,74,151,775,2,38,5.1,64.6,1.882,0.40061424,0.753956,1.530824,12,8,41,29,70.70%,194,6.7,2,5,49,4.7,2.4,16.2,4,15,17,28
172,172,2020,Devontae Booker,LVR,28,2016,136,20,126,0,43,6.3,21,1.982,0.44778002,0.8875,1.0475,11,0,14,11,78.60%,64,5.8,0,1,17,4.6,1,5.8,1,18,20,19
173,173,2018,Devontae Booker,DEN,26,2016,136,34,183,1,26,5.4,11.4,1.772,0.409620767,0.725848,0.63,16,0,51,38,74.50%,275,7.2,0,9,30,5.4,2.4,17.2,1,6,3,14
174,174,2017,Devontae Booker,DEN,25,2016,136,79,299,1,26,3.8,23,1.67,0.380747305,0.635848,0.54,13,0,38,30,78.90%,275,9.2,0,13,29,7.2,2.3,21.2,2,9,17,7
175,175,2016,Devontae Booker,DEN,24,2016,136,174,612,4,18,3.5,38.3,1.5527,0.351547627,0.545848,0.833392,16,6,45,31,68.90%,265,8.5,1,8,43,5.9,1.9,16.6,4,18,27,21
176,176,2015,Dexter McCluster,TEN,26,2010,36,55,247,1,44,4.5,22.5,1.4328,2.338079285,3.35,2.35,11,2,41,31,75.60%,260,8.4,1,12,35,6.3,2.8,23.6,2,20,29,20
177,177,2014,Dexter McCluster,TEN,25,2010,36,40,131,0,16,3.3,9.4,1.33,1.503759398,2,4,14,2,36,26,72.20%,197,7.6,1,10,25,5.5,1.9,14.1,1,17,25,4
178,178,2020,Dion Lewis,NYG,30,2011,149,16,54,1,19,3.4,7.7,1.982,0.782038345,1.55,1.55,11,0,27,17,63.00%,113,6.6,1,8,17,4.2,1.5,10.3,1,21,24,14
179,179,2018,Dion Lewis,TEN,28,2011,149,155,517,1,36,3.3,32.3,1.772,2.433690745,4.3125,6,16,7,67,59,88.10%,400,6.8,1,13,37,6,3.7,25,1,17,20,17
180,180,2017,Dion Lewis,NWE,27,2011,149,180,896,6,44,5,56,1.67,0.890718563,1.4875,1.4,16,8,35,32,91.40%,214,6.7,3,11,20,6.1,2,13.4,0,1,5,3
181,181,2016,Dion Lewis,NWE,26,2011,149,64,283,0,15,4.4,40.4,1.5527,0.700392864,1.0875,1,7,5,24,17,70.80%,94,5.5,0,4,16,3.9,2.4,13.4,1,9,18,16
182,182,2015,Dion Lewis,NWE,25,2011,149,49,234,2,13,4.8,33.4,1.4328,0.470038386,0.673471,1.073471,7,6,50,36,72.00%,388,10.8,2,17,40,7.8,5.1,55.4,2,2,23,1
183,183,2012,Dion Lewis,PHI,22,2011,149,13,69,1,17,5.3,7.7,1.206,0.424726368,0.51222,0.465,9,0,2,2,100.00%,24,12,0,1,28,12,0.2,2.7,0,28,10,31
184,184,2015,Donald Brown,SDG,28,2009,27,59,229,1,53,3.9,22.9,1.4328,1.601143216,2.294118,2.294118,10,2,13,8,61.50%,88,11,0,2,31,6.8,0.8,8.8,1,31,30,15
185,185,2014,Donald Brown,SDG,27,2009,27,85,223,0,16,2.6,17.2,1.33,1.378445865,1.833333,4,13,3,41,29,70.70%,211,7.3,0,7,24,5.1,2.2,16.2,1,31,31,28
186,186,2013,Donald Brown,IND,26,2009,27,102,537,6,51,5.3,33.6,1.23,2.211382114,2.72,1.705,16,5,35,27,77.10%,214,7.9,2,10,33,6.1,1.7,13.4,1,15,20,10
187,187,2012,Donald Brown,IND,25,2009,27,108,417,1,19,3.9,41.7,1.206,1.558872305,1.88,0.865,10,4,13,9,69.20%,93,10.3,0,2,39,7.2,0.9,9.3,0,26,27,30
188,188,2011,Donald Brown,IND,24,2009,27,134,645,5,80,4.8,40.3,1.2,2.7125,3.255,2.24,16,2,19,16,84.20%,86,5.4,0,3,17,4.5,1,5.4,0,25,23,17
189,189,2009,Donald Brown,IND,22,2009,27,78,281,3,45,3.6,25.5,1.23,0.951219512,1.17,1.97,11,1,14,11,78.60%,169,15.4,0,7,72,12.1,1,15.4,1,26,28,29
190,190,2020,Duke Johnson,HOU,27,2015,77,18,54,0,10,3,10.8,1.982,2.068617558,4.1,4.1,9,3,27,20,74.10%,172,8.6,1,6,33,6.4,2.2,19.1,2,27,25,8
191,191,2019,Duke Johnson,HOU,26,2015,77,83,410,2,40,4.9,25.6,1.882,1.168969182,2.2,2.2,16,2,62,44,71.00%,410,9.3,3,18,21,6.6,2.8,25.6,1,21,12,11
192,192,2018,Duke Johnson,CLE,25,2015,77,40,201,0,23,5,12.6,1.772,2.197812077,3.894523,5.967,16,2,62,47,75.80%,429,9.1,3,25,32,6.9,2.9,26.8,1,18,11,29
193,193,2017,Duke Johnson,CLE,24,2015,77,82,348,4,19,4.2,21.8,1.67,0.49701976,0.830023,0.6525,16,0,93,74,79.60%,693,9.4,3,32,41,7.5,4.6,43.3,4,14,10,11
194,194,2016,Duke Johnson,CLE,23,2015,77,73,358,1,22,4.9,22.4,1.5527,0.471773685,0.732523,0.555,16,1,74,53,71.60%,514,9.7,0,24,32,6.9,3.3,32.1,2,28,2,27
195,195,2015,Duke Johnson,CLE,22,2015,77,104,379,0,39,3.6,23.7,1.4328,0.427500698,0.612523,1.145092,16,7,74,61,82.40%,534,8.8,2,24,52,7.2,3.8,33.4,1,29,28,31
196,196,2017,Eddie Lacy,SEA,27,2013,61,69,179,0,19,2.6,19.9,1.67,2.133233533,3.5625,4.25,9,3,6,6,100.00%,47,7.8,0,2,14,7.8,0.7,5.2,0,31,32,32
197,197,2016,Eddie Lacy,GNB,26,2013,61,71,360,0,31,5.1,72,1.5527,0.695178721,1.079404,0.867602,5,5,7,4,57.10%,28,7,0,1,17,4,0.8,5.6,0,19,12,17
198,198,2015,Eddie Lacy,GNB,25,2013,61,187,758,3,29,4.1,50.5,1.4328,0.645730737,0.925203,0.713401,15,12,28,20,71.40%,188,9.4,2,7,28,6.7,1.3,12.5,4,25,19,27
199,199,2014,Eddie Lacy,GNB,24,2013,61,246,1139,9,44,4.6,71.2,1.33,0.579701504,0.771003,0.559201,16,16,55,42,76.40%,427,10.2,4,18,67,7.8,2.6,26.7,3,8,9,24
200,200,2013,Eddie Lacy,GNB,23,2013,61,284,1178,11,60,4.1,78.5,1.23,0.501465041,0.616802,1.252208,15,15,44,35,79.50%,257,7.3,0,12,34,5.8,2.3,17.1,1,5,6,5
201,201,2008,Edgerrin James,ARI,30,1999,4,133,514,3,35,3.9,39.5,1.16,5.818965517,6.75,6.75,13,7,18,12,66.70%,85,7.1,0,4,16,4.7,0.9,6.5,2,30,30,26
202,202,2007,Edgerrin James,ARI,29,1999,4,324,1222,7,27,3.8,76.4,1.09,6.422018349,7,7,16,16,39,24,61.50%,204,8.5,0,9,26,5.2,1.5,12.8,5,9,30,2
203,203,2006,Edgerrin James,ARI,28,1999,4,337,1159,6,18,3.4,72.4,1.02,9.31372549,9.5,9.5,16,16,61,38,62.30%,217,5.7,0,10,14,3.6,2.4,13.6,3,24,31,28
204,204,2005,Edgerrin James,IND,27,1999,4,360,1506,13,33,4.2,100.4,0.855,10.62105263,9.081,9.081,15,15,50,44,88.00%,337,7.7,1,22,20,6.7,2.9,22.5,2,1,17,5
205,205,2020,Ezekiel Elliott,DAL,25,2016,4,113,458,5,24,4.1,65.4,1.982,5.499495459,10.9,19.8,11,11,54,39,72.20%,256,6.6,2,15,19,4.7,3.5,23.3,6,12,21,23
206,206,2019,Ezekiel Elliott,DAL,24,2016,4,301,1357,12,33,4.5,84.8,1.882,3.368572264,6.339653,8.252137,16,16,71,54,76.10%,420,7.8,2,21,27,5.9,3.4,26.3,3,2,6,1
207,207,2018,Ezekiel Elliott,DAL,23,2016,4,304,1434,6,41,4.7,95.6,1.772,3.841012415,6.806274,2.718758,15,15,95,77,81.10%,567,7.4,3,24,38,6,5.1,37.8,6,8,17,11
208,208,2017,Ezekiel Elliott,DAL,22,2016,4,242,983,7,30,4.1,98.3,1.67,3.061498204,5.112702,1.025186,10,10,38,26,68.40%,269,10.3,2,6,72,7.1,2.6,26.9,1,4,6,4
209,209,2016,Ezekiel Elliott,DAL,21,2016,4,322,1631,15,60,5.1,108.7,1.5527,2.922339151,4.537516,16.800064,15,15,39,32,82.10%,363,11.3,1,11,83,9.3,2.1,24.2,5,4,4,5
210,210,2013,Felix Jones,PIT,26,2008,22,48,184,0,14,3.8,11.5,1.23,0.477642276,0.5875,0.78,16,2,13,9,69.20%,63,7,0,2,15,4.8,0.6,3.9,1,22,28,24
211,211,2020,Frank Gore,NYJ,37,2005,65,86,310,0,14,3.6,44.3,1.982,0.378405651,0.75,1.05,11,10,16,13,81.30%,70,5.4,0,0,9,4.4,1.2,6.4,0,16,30,10
212,212,2019,Frank Gore,BUF,36,2005,65,166,599,2,41,3.6,37.4,1.882,1.062699256,2,2,16,8,16,13,81.30%,100,7.7,0,5,18,6.3,0.8,6.3,0,15,17,28
213,213,2018,Frank Gore,MIA,35,2005,65,156,722,0,39,4.6,51.6,1.772,0.623589165,1.105,1.105,14,14,16,12,75.00%,124,10.3,1,8,24,7.8,0.9,8.9,1,14,5,15
214,214,2017,Frank Gore,IND,34,2005,65,261,961,3,21,3.7,60.1,1.67,2.095808383,3.5,3.5,16,16,38,29,76.30%,245,8.4,1,9,26,6.4,1.8,15.3,3,18,27,16
215,215,2016,Frank Gore,IND,33,2005,65,263,1025,4,22,3.9,64.1,1.5527,2.576157661,4,4,16,16,47,38,80.90%,277,7.3,4,14,49,5.9,2.4,17.3,2,2,24,1
216,216,2015,Frank Gore,IND,32,2005,65,260,967,6,37,3.7,60.4,1.4328,3.140703518,4.5,4.5,16,16,58,34,58.60%,267,7.9,1,11,34,4.6,2.1,16.7,4,27,31,24
217,217,2014,Frank Gore,SFO,31,2005,65,255,1106,4,52,4.3,69.1,1.33,4.84962406,6.45,6.45,16,16,19,11,57.90%,111,10.1,1,2,55,5.8,0.7,6.9,2,10,14,19
218,218,2013,Frank Gore,SFO,30,2005,65,276,1128,9,51,4.1,70.5,1.23,5.243902439,6.45,6.45,16,16,27,16,59.30%,141,8.8,0,5,29,5.2,1,8.8,3,29,17,29
219,219,2012,Frank Gore,SFO,29,2005,65,258,1214,8,37,4.7,75.9,1.206,4.975124378,6,5.6,16,16,36,28,77.80%,234,8.4,1,10,26,6.5,1.8,14.6,3,1,6,7
220,220,2011,Frank Gore,SFO,28,2005,65,282,1211,8,55,4.3,75.7,1.2,5.944166667,7.133,5,16,15,31,17,54.80%,114,6.7,0,4,13,3.7,1.1,7.1,2,21,22,22
221,221,2009,Frank Gore,SFO,26,2005,65,229,1120,10,80,4.9,80,1.23,5.011585366,6.16425,4.03125,14,14,75,52,69.30%,406,7.8,3,14,48,5.4,3.7,29,4,32,19,31
222,222,2008,Frank Gore,SFO,25,2005,65,240,1036,6,41,4.3,74,1.16,4.13362069,4.795,6.827,14,14,66,43,65.20%,373,8.7,2,13,26,5.7,3.1,26.6,6,7,25,11
223,223,2007,Frank Gore,SFO,24,2005,65,260,1102,5,43,4.2,73.5,1.09,2.631040367,2.867834,7.035,15,15,69,53,76.80%,436,8.2,1,20,23,6.3,3.5,29.1,4,12,10,4
224,224,2006,Frank Gore,SFO,23,2005,65,312,1695,8,72,5.4,105.9,1.02,0.539051961,0.549833,0.35,16,16,86,61,70.90%,485,8,1,23,39,5.6,3.8,30.3,6,6,3,6
225,225,2005,Frank Gore,SFO,22,2005,65,127,608,3,72,4.8,43.4,0.855,0.502728655,0.429833,0.8295,14,1,22,15,68.20%,131,8.7,0,4,47,6,1.1,9.4,2,29,15,24
226,226,2013,Frank Summers,BUF,28,2009,169,12,46,1,16,3.8,3.1,1.23,0.390243902,0.48,0.48,15,9,8,7,87.50%,79,11.3,1,5,34,9.9,0.5,5.3,0,16,8,11
227,227,2015,Fred Jackson,SEA,34,2003,257,26,100,0,16,3.8,6.3,1.4328,0.628140704,0.9,0.9,16,0,41,32,78.00%,257,8,2,12,26,6.3,2,16.1,1,4,7,5
228,228,2014,Fred Jackson,BUF,33,2003,257,141,525,2,38,3.7,37.5,1.33,2.894736842,3.85,2.7,14,9,90,66,73.30%,501,7.6,1,26,34,5.6,4.7,35.8,5,26,24,7
229,229,2013,Fred Jackson,BUF,32,2003,257,206,890,9,59,4.3,55.6,1.23,3.008130081,3.7,2.85,16,6,65,47,72.30%,387,8.2,1,17,37,6,2.9,24.2,3,16,8,11
230,230,2012,Fred Jackson,BUF,31,2003,257,115,437,3,15,3.8,43.7,1.206,3.051409619,3.68,5.405,10,8,42,34,81.00%,217,6.4,1,10,34,5.2,3.4,21.7,5,7,2,8
231,231,2011,Fred Jackson,BUF,30,2003,257,170,934,6,80,5.5,93.4,1.2,1.8125,2.175,1.9,10,10,50,39,78.00%,442,11.3,0,15,49,8.8,3.9,44.2,2,12,2,14
232,232,2009,Fred Jackson,BUF,28,2003,257,237,1062,2,43,4.5,66.4,1.23,1.158536585,1.425,2.25,16,11,61,46,75.40%,371,8.1,2,22,21,6.1,2.9,23.2,4,12,14,5
233,233,2008,Fred Jackson,BUF,27,2003,257,130,571,3,32,4.4,35.7,1.16,0.318965517,0.37,0.37,16,3,45,37,82.20%,317,8.6,0,12,65,7,2.3,19.8,3,14,14,16
234,234,2007,Fred Jackson,BUF,26,2003,257,58,300,0,27,5.2,37.5,1.09,0.26146789,0.285,0.285,8,1,30,22,73.30%,190,8.6,0,8,54,6.3,2.8,23.8,0,24,22,18
235,235,2020,Giovani Bernard,CIN,29,2013,37,25,81,1,11,3.2,11.6,1.982,2.4049778,4.766666,4.1,11,5,44,34,77.30%,261,7.7,2,12,42,5.9,3.1,23.7,0,31,27,26
236,236,2019,Giovani Bernard,CIN,28,2013,37,53,170,0,25,3.2,10.6,1.882,2.825008502,5.316666,5.9,16,2,43,30,69.80%,234,7.8,0,7,35,5.4,1.9,14.6,2,26,23,29
237,237,2018,Giovani Bernard,CIN,27,2013,37,56,211,3,23,3.8,17.6,1.772,2.398419865,4.25,3.45,12,4,48,35,72.90%,218,6.2,0,8,26,4.5,2.9,18.2,0,22,12,20
238,238,2017,Giovani Bernard,CIN,26,2013,37,105,458,2,25,4.4,28.6,1.67,2.200598802,3.675,3,16,2,60,43,71.70%,389,9,2,17,61,6.5,2.7,24.3,0,24,25,9
239,239,2016,Giovani Bernard,CIN,25,2013,37,91,337,2,17,3.7,33.7,1.5527,2.976439106,4.621517,6.321364,10,2,51,39,76.50%,336,8.6,1,16,32,6.6,3.9,33.6,1,14,21,15
240,240,2015,Giovani Bernard,CIN,24,2013,37,154,730,2,28,4.7,45.6,1.4328,0.999950447,1.432729,0.882576,16,1,66,49,74.20%,472,9.6,0,19,45,7.2,3.1,29.5,1,1,17,3
241,241,2014,Giovani Bernard,CIN,23,2013,37,168,680,5,89,4,52.3,1.33,0.8977,1.193941,0.643788,13,9,59,43,72.90%,349,8.1,2,14,46,5.9,3.3,26.8,0,11,5,3
242,242,2013,Giovani Bernard,CIN,22,2013,37,170,695,5,35,4.1,43.4,1.23,0.776547154,0.955153,2.605612,16,0,71,56,78.90%,514,9.2,3,22,41,7.2,3.5,32.1,2,11,27,9
243,243,2018,Isaiah Crowell,NYJ,25,2014,257,143,685,6,77,4.8,52.7,1.772,1.128668172,2,4,13,6,28,21,75.00%,152,7.2,0,7,21,5.4,1.6,11.7,0,32,26,32
244,244,2017,Isaiah Crowell,CLE,24,2014,257,206,853,2,59,4.1,53.3,1.67,1.644311377,2.746,2.746,16,16,42,28,66.70%,182,6.5,0,9,38,4.3,1.8,11.4,1,14,10,11
245,245,2016,Isaiah Crowell,CLE,23,2014,257,198,952,7,85,4.8,59.5,1.5527,0.388570877,0.603334,0.6,16,16,53,40,75.50%,319,8,0,14,44,6,2.5,19.9,2,28,2,27
246,246,2015,Isaiah Crowell,CLE,22,2014,257,185,706,4,54,3.8,44.1,1.4328,0.358272613,0.513333,0.51,16,9,22,19,86.40%,182,9.6,1,6,53,8.3,1.2,11.4,0,29,28,31
247,247,2014,Isaiah Crowell,CLE,21,2014,257,148,607,8,35,4.1,37.9,1.33,0.318295489,0.423333,0.43,16,4,14,9,64.30%,87,9.7,0,4,19,6.2,0.6,5.4,3,25,27,31
248,248,2017,Jamaal Charles,DEN,31,2008,73,69,296,1,19,4.3,21.1,1.67,1.169535928,1.953125,2.5,14,0,28,23,82.10%,129,5.6,0,6,20,4.6,1.6,9.2,2,9,17,7
249,249,2016,Jamaal Charles,KAN,30,2008,73,12,40,1,17,3.3,13.3,1.5527,3.421459393,5.3125,5.1875,3,0,3,2,66.70%,14,7,0,1,16,4.7,0.7,4.7,0,17,22,10
250,250,2015,Jamaal Charles,KAN,29,2008,73,71,364,4,34,5.1,72.8,1.4328,5.563117672,7.970835,6.0125,5,5,29,21,72.40%,177,8.4,1,10,26,6.1,4.2,35.4,2,5,8,6
251,251,2014,Jamaal Charles,KAN,28,2008,73,206,1033,9,63,5,68.9,1.33,7.243107519,9.633333,8.3,15,15,59,40,67.80%,291,7.3,5,16,30,4.9,2.7,19.4,5,7,7,5
252,252,2013,Jamaal Charles,KAN,27,2008,73,259,1287,12,46,5,85.8,1.23,3.523034959,4.333333,3,15,15,104,70,67.30%,693,9.9,7,32,71,6.7,4.7,46.2,4,2,5,7
253,253,2012,Jamaal Charles,KAN,26,2008,73,285,1509,5,91,5.3,94.3,1.206,4.007738806,4.833333,3.5,16,15,49,35,71.40%,236,6.7,1,11,22,4.8,2.2,14.8,5,19,3,19
254,254,2011,Jamaal Charles,KAN,25,2008,73,12,83,0,24,6.9,41.5,1.2,4.111110833,4.933333,3.6,2,1,6,5,83.30%,9,1.8,1,2,9,1.5,2.5,4.5,1,28,27,21
255,255,2009,Jamaal Charles,KAN,23,2008,73,190,1120,7,76,5.9,74.7,1.23,0.475609756,0.585,0.385,15,10,55,40,72.70%,297,7.4,1,11,49,5.4,2.7,19.8,4,30,10,20
256,256,2008,Jamaal Charles,KAN,22,2008,73,67,357,0,30,5.3,22.3,1.16,0.426724138,0.495,0.895,16,2,39,27,69.20%,272,10.1,1,9,75,7,1.7,17,2,28,9,29
257,257,2020,Jamaal Williams,GNB,25,2017,134,52,219,1,25,4.2,36.5,1.982,1.147577195,2.274498,2.133,10,3,31,27,87.10%,212,7.9,1,10,29,6.8,2.7,21.2,0,5,3,1
258,258,2019,Jamaal Williams,GNB,24,2017,134,107,460,1,45,4.3,32.9,1.882,0.41790542,0.786498,0.645,14,2,45,39,86.70%,253,6.5,5,16,17,5.6,2.8,18.1,0,5,13,6
259,259,2018,Jamaal Williams,GNB,23,2017,134,121,464,3,20,3.8,29,1.772,0.393057562,0.696498,0.555,16,8,41,27,65.90%,210,7.8,0,11,26,5.1,1.7,13.1,0,7,6,12
260,260,2017,Jamaal Williams,GNB,22,2017,134,153,556,4,25,3.6,34.8,1.67,0.363172455,0.606498,1.030992,16,7,34,25,73.50%,262,10.5,2,12,54,7.7,1.6,16.4,0,5,13,2
261,261,2020,James Conner,PIT,25,2018,105,95,451,4,59,4.7,75.2,1.982,0.505334006,1.001572,0.825,10,9,30,25,83.30%,145,5.8,0,7,18,4.8,2.5,14.5,1,32,32,28
262,262,2019,James Conner,PIT,24,2018,105,116,464,4,25,4,46.4,1.882,0.448763018,0.844572,0.668,10,10,38,34,89.50%,251,7.4,3,14,26,6.6,3.4,25.1,1,30,27,31
263,263,2018,James Conner,PIT,23,2018,105,215,973,12,30,4.5,74.8,1.772,0.4258307,0.754572,0.578,13,12,71,55,77.50%,497,9,1,20,29,7,4.2,38.2,4,15,18,5
264,264,2020,James Robinson,JAX,22,2020,257,107,481,4,39,4.5,68.7,1.982,0.308610494,0.611666,0.615,11,11,47,36,76.60%,280,7.8,2,12,28,6,3.3,25.5,2,11,13,7
265,265,2018,Jay Ajayi,PHI,25,2015,149,45,184,3,20,4.1,46,1.772,1.076185102,1.907,1.907,4,3,6,5,83.30%,20,4,0,1,12,3.3,1.3,5,1,19,24,26
267,267,2016,Jay Ajayi,MIA,23,2015,149,260,1272,8,62,4.9,84.8,1.5527,0.373673601,0.580203,0.525,15,12,35,27,77.10%,151,5.6,0,8,15,4.3,1.8,10.1,4,22,8,31
268,268,2015,Jay Ajayi,MIA,22,2015,149,49,187,1,24,3.8,20.8,1.4328,0.303701843,0.435144,0.614518,9,0,11,7,63.60%,90,12.9,0,5,20,8.2,0.8,10,0,28,10,30
269,269,2020,Jeff Wilson,SFO,25,2018,257,38,163,4,17,4.3,27.2,1.982,0.378405651,0.75,0.75,7,1,7,6,85.70%,75,12.5,1,4,19,10.7,0.9,10.7,1,22,17,31
270,270,2019,Jeff Wilson,SFO,24,2018,257,27,105,4,25,3.9,10.5,1.882,0.285053666,0.536471,0.536471,10,0,5,3,60.00%,34,11.3,1,1,25,6.8,0.3,3.4,0,8,5,20
271,271,2018,Jeff Wilson,SFO,23,2018,257,66,266,0,18,4,44.3,1.772,0.095604966,0.169412,0.169412,6,2,15,12,80.00%,98,8.2,0,5,24,6.5,2,16.3,3,10,4,18
272,272,2017,Jeremy Hill,CIN,25,2014,55,37,116,0,13,3.1,16.6,1.67,0.715166467,1.194328,0.931855,7,7,4,4,100.00%,16,4,0,1,10,4,0.6,2.3,1,24,25,9
273,273,2016,Jeremy Hill,CIN,24,2014,55,222,839,9,74,3.8,55.9,1.5527,0.65930959,1.02371,0.761237,15,13,27,21,77.80%,174,8.3,0,6,25,6.4,1.4,11.6,0,14,21,15
274,274,2015,Jeremy Hill,CIN,23,2014,55,223,794,11,38,3.6,49.6,1.4328,0.595401312,0.853091,0.590618,16,15,19,15,78.90%,79,5.3,1,6,14,4.2,0.9,4.9,3,1,17,3
275,275,2014,Jeremy Hill,CIN,22,2014,55,222,1124,9,85,5.1,70.3,1.33,0.513137594,0.682473,1.469892,16,8,32,27,84.40%,215,8,0,7,38,6.7,1.7,13.4,5,11,5,3
276,276,2020,Joe Mixon,CIN,24,2017,48,119,428,3,34,3.6,71.3,1.982,1.9429556,3.850938,11.325,6,6,26,21,80.80%,138,6.6,1,5,19,5.3,3.5,23,1,31,27,26
277,277,2019,Joe Mixon,CIN,23,2017,48,278,1137,5,41,4.1,71.1,1.882,0.789802338,1.486408,0.96047,16,15,45,35,77.80%,287,8.2,3,14,33,6.4,2.2,17.9,0,26,23,29
278,278,2017,Joe Mixon,CIN,21,2017,48,178,626,4,25,3.5,44.7,1.67,0.593376048,0.990938,2.568752,14,7,34,30,88.20%,287,9.6,0,10,67,8.4,2.1,20.5,3,24,25,9
279,279,2015,Joique Bell,DET,29,2010,257,90,311,4,36,3.5,23.9,1.4328,2.442769403,3.5,2.5,13,5,27,22,81.50%,286,13,0,10,39,10.6,1.7,22,1,22,27,29
280,280,2014,Joique Bell,DET,28,2010,257,223,860,7,57,3.9,57.3,1.33,1.729323308,2.3,4.3,15,6,53,34,64.20%,322,9.5,1,14,28,6.1,2.3,21.5,5,21,28,30
281,281,2013,Joique Bell,DET,27,2010,257,166,650,8,20,3.9,40.6,1.23,0.512195122,0.63,0.63,16,4,69,53,76.80%,547,10.3,0,23,37,7.9,3.3,34.2,4,13,12,12
282,282,2012,Joique Bell,DET,26,2010,257,82,414,3,67,5,25.9,1.206,0.447761194,0.54,0.54,16,0,68,52,76.50%,485,9.3,0,29,50,7.1,3.3,30.3,2,15,20,5
283,283,2014,Jonathan Dwyer,ARI,25,2010,188,16,51,1,20,3.2,25.5,1.33,0.477443609,0.635,0.795,2,0,3,2,66.70%,8,4,0,0,5,2.7,1,4,0,24,32,14
284,284,2013,Jonathan Dwyer,PIT,24,2010,188,49,197,0,30,4,13.1,1.23,0.482065854,0.592941,0.592941,15,0,11,8,72.70%,64,8,0,3,23,5.8,0.5,4.3,0,22,28,24
285,285,2017,Jonathan Stewart,CAR,30,2008,13,198,680,6,60,3.4,45.3,1.67,3.69760479,6.175,4.21875,15,10,15,8,53.30%,52,6.5,1,2,21,3.5,0.5,3.5,3,25,28,12
286,286,2016,Jonathan Stewart,CAR,29,2008,13,218,824,9,47,3.8,63.4,1.5527,6.150576415,9.55,5.75,13,13,21,8,38.10%,60,7.5,0,1,25,2.9,0.6,4.6,3,25,23,24
287,287,2015,Jonathan Stewart,CAR,28,2008,13,242,989,6,44,4.1,76.1,1.4328,5.792853155,8.3,4.5,13,13,21,16,76.20%,99,6.2,1,5,15,4.7,1.2,7.6,3,12,12,8
288,288,2014,Jonathan Stewart,CAR,27,2008,13,175,809,3,69,4.6,62.2,1.33,3.447368421,4.585,8.285,13,8,31,25,80.60%,181,7.2,1,7,22,5.8,1.9,13.9,3,27,22,17
289,289,2013,Jonathan Stewart,CAR,26,2008,13,48,180,0,16,3.8,30,1.23,2.451219512,3.015,3.215,6,1,7,7,100.00%,44,6.3,0,3,16,6.3,1.2,7.3,1,14,24,14
290,290,2012,Jonathan Stewart,CAR,25,2008,13,93,336,1,21,3.6,37.3,1.206,3.64047927,4.390418,9.81125,9,6,23,17,73.90%,157,9.2,1,5,30,6.8,1.9,17.4,2,30,24,26
291,291,2011,Jonathan Stewart,CAR,24,2008,13,142,761,4,32,5.4,47.6,1.2,1.928471667,2.314166,1.31,16,3,61,47,77.00%,413,8.8,1,18,26,6.8,2.9,25.8,1,5,1,6
292,292,2009,Jonathan Stewart,CAR,22,2008,13,221,1133,10,67,5.1,70.8,1.23,2.362804878,2.90625,6.29375,16,3,26,18,69.20%,139,7.7,1,7,19,5.3,1.1,8.7,3,18,4,27
293,293,2008,Jonathan Stewart,CAR,21,2008,13,184,836,10,41,4.5,52.3,1.16,1.288793103,1.495,1.895,16,0,17,8,47.10%,47,5.9,0,2,15,2.8,0.5,2.9,2,8,2,19
294,294,2020,Jonathan Taylor,IND,21,2020,41,89,367,3,21,4.1,61.2,1.982,0.718204844,1.423482,3.863928,10,8,27,26,96.30%,227,8.7,0,10,35,8.4,2.6,22.7,1,20,9,22
295,295,2018,Jordan Howard,CHI,24,2016,150,250,935,9,42,3.7,58.4,1.772,0.390522573,0.692006,0.63,16,15,26,20,76.90%,145,7.3,0,7,18,5.6,1.3,9.1,2,28,28,22
296,296,2017,Jordan Howard,CHI,23,2016,150,276,1122,9,53,4.1,70.1,1.67,0.360482635,0.602006,0.54,16,16,32,23,71.90%,125,5.4,0,4,12,3.9,1.4,7.8,1,28,15,28
297,297,2016,Jordan Howard,CHI,22,2016,150,252,1313,6,69,5.2,87.5,1.5527,0.329752045,0.512006,0.698024,15,13,50,29,58.00%,298,10.3,1,12,34,6,1.9,19.9,2,8,3,11
298,298,2020,Josh Adams,NYJ,24,2018,257,3,8,1,6,2.7,4,1.982,0.108090313,0.214235,0.214235,3,0,2,2,100.00%,14,7,0,0,7,7,0.7,4.7,0,16,30,10
299,299,2018,Josh Adams,PHI,22,2018,257,120,511,3,29,4.3,36.5,1.772,0.239011851,0.423529,0.423529,14,5,13,7,53.80%,58,8.3,0,3,13,4.5,0.5,4.1,1,19,24,26
300,300,2020,Josh Jacobs,LVR,22,2019,24,116,394,5,16,3.4,65.7,1.982,1.368383451,2.712136,1.037427,11,11,34,27,79.40%,175,6.5,0,5,29,5.1,2.5,15.9,2,18,20,19
301,301,2019,Josh Jacobs,OAK,21,2019,24,242,1150,7,51,4.8,88.5,1.882,1.15287407,2.169709,7.193836,13,13,27,20,74.10%,166,8.3,0,8,28,6.1,1.5,12.8,1,6,16,7
303,303,2015,Justin Forsett,BAL,30,2008,233,151,641,2,33,4.2,64.1,1.4328,1.116694584,1.6,3,10,10,41,31,75.60%,153,4.9,0,4,32,3.7,3.1,15.3,0,14,21,25
304,304,2014,Justin Forsett,BAL,29,2008,233,235,1266,8,52,5.4,79.1,1.33,0.428571429,0.57,0.73,16,14,59,44,74.60%,263,6,0,10,26,4.5,2.8,16.4,2,3,2,23
305,305,2013,Justin Forsett,JAX,28,2008,233,6,31,0,10,5.2,3.4,1.23,0.853658537,1.05,1.15,9,0,16,15,93.80%,82,5.5,0,5,14,5.1,1.7,9.1,1,31,31,30
306,306,2012,Justin Forsett,HOU,27,2008,233,63,374,1,81,5.9,23.4,1.206,0.460199005,0.555,0.715,16,0,5,3,60.00%,38,12.7,0,2,18,7.6,0.2,2.4,0,9,12,23
307,307,2011,Justin Forsett,SEA,26,2008,233,46,145,1,22,3.2,9.1,1.2,0.5,0.6,0.6,16,0,34,23,67.60%,128,5.6,0,6,18,3.8,1.4,8,0,19,25,10
308,308,2009,Justin Forsett,SEA,24,2008,233,114,619,4,35,5.4,38.7,1.23,0.31300813,0.385,0.385,16,2,57,41,71.90%,350,8.5,1,13,47,6.1,2.6,21.9,4,27,23,21
309,309,2019,Kalen Ballage,MIA,24,2018,131,74,135,3,8,1.8,11.3,1.882,0.359005313,0.675648,0.528353,12,6,24,14,58.30%,63,4.5,0,4,13,2.6,1.2,5.3,0,32,32,32
310,310,2018,Kalen Ballage,MIA,23,2018,131,36,191,1,75,5.3,15.9,1.772,0.35400395,0.627295,1.06918,12,0,11,9,81.80%,56,6.2,0,2,31,5.1,0.8,4.7,1,14,5,15
311,311,2020,Kareem Hunt,CLE,25,2017,86,101,463,3,33,4.6,66.1,1.982,2.022704339,4.009,4.009,11,4,32,22,68.80%,151,6.9,4,11,13,4.7,2,13.7,1,6,4,24
312,312,2019,Kareem Hunt,CLE,24,2017,86,43,179,2,16,4.2,22.4,1.882,0.356785335,0.67147,0.596471,8,3,44,37,84.10%,285,7.7,1,17,29,6.5,4.6,35.6,1,10,2,14
313,313,2018,Kareem Hunt,KAN,23,2017,86,181,824,7,45,4.6,74.9,1.772,0,0,0,11,11,35,26,74.30%,378,14.5,7,16,67,10.8,2.4,34.4,0,16,8,13
314,314,2017,Kareem Hunt,KAN,22,2017,86,272,1327,8,69,4.9,82.9,1.67,0.394603593,0.658988,1.240952,16,16,63,53,84.10%,455,8.6,3,17,78,7.2,3.3,28.4,1,12,2,8
315,315,2020,Kenyan Drake,ARI,26,2016,73,119,512,4,69,4.3,73.1,1.982,4.280020182,8.483,8.483,10,8,20,15,75.00%,84,5.6,0,3,18,4.2,1.5,8.4,1,30,19,25
317,317,2018,Kenyan Drake,MIA,24,2016,73,120,535,4,54,4.5,33.4,1.772,0.513721783,0.910315,0.705,16,7,73,53,72.60%,477,9,5,23,52,6.5,3.3,29.8,2,14,5,15
318,318,2017,Kenyan Drake,MIA,23,2016,73,133,644,3,66,4.8,40.3,1.67,0.479230539,0.800315,0.595,16,6,48,32,66.70%,239,7.5,1,7,47,5,2,14.9,2,30,14,30
319,319,2016,Kenyan Drake,MIA,22,2016,73,33,179,2,45,5.4,11.2,1.5527,0.422048689,0.655315,1.27126,16,1,10,9,90.00%,46,5.1,0,2,9,4.6,0.6,2.9,1,22,8,31
320,320,2020,Kerryon Johnson,DET,23,2018,43,25,80,1,9,3.2,13.3,1.982,0.894922301,1.773736,1.071246,11,2,19,14,73.70%,152,10.9,1,10,20,8,1.3,13.8,1,19,22,18
321,321,2019,Kerryon Johnson,DET,22,2018,43,113,403,3,20,3.6,50.4,1.882,0.785394793,1.478113,0.775623,8,7,15,10,66.70%,127,12.7,1,7,36,8.5,1.3,15.9,1,20,24,12
322,322,2018,Kerryon Johnson,DET,21,2018,43,118,641,3,71,5.4,64.1,1.772,0.667319413,1.18249,3.28996,10,7,39,32,82.10%,213,6.7,1,11,24,5.5,3.2,21.3,1,20,25,27
323,323,2012,Kevin Smith,DET,26,2008,64,37,134,1,19,3.6,11.2,1.206,0.447761194,0.54,0,12,2,16,10,62.50%,79,7.9,1,6,13,4.9,0.8,6.6,0,15,20,5
324,324,2011,Kevin Smith,DET,25,2008,64,72,356,4,43,4.9,50.9,1.2,0.176473333,0.211768,0.211768,7,4,28,22,78.60%,179,8.1,3,9,28,6.4,3.1,25.6,1,31,18,24
325,325,2009,Kevin Smith,DET,23,2008,64,217,747,4,31,3.4,57.5,1.23,0.489130081,0.60163,0.385,13,13,57,41,71.90%,415,10.1,1,16,63,7.3,3.2,31.9,3,29,31,26
326,326,2008,Kevin Smith,DET,22,2008,64,238,976,8,50,4.1,61,1.16,0.441060345,0.51163,0.944891,16,12,54,39,72.20%,286,7.3,0,9,27,5.3,2.4,17.9,2,31,28,31
327,327,2013,Knowshon Moreno,DEN,26,2009,12,241,1038,10,31,4.3,64.9,1.23,2.718601626,3.34388,1.7,16,15,74,60,81.10%,548,9.1,3,30,35,7.4,3.8,34.3,2,8,9,3
328,328,2012,Knowshon Moreno,DEN,25,2009,12,138,525,4,20,3.8,65.6,1.206,2.024875622,2.442,0.855,8,6,26,21,80.80%,167,8,0,11,26,6.4,2.6,20.9,1,12,19,20
329,329,2011,Knowshon Moreno,DEN,24,2009,12,37,179,0,24,4.8,25.6,1.2,2.155833333,2.587,1,7,2,15,11,73.30%,101,9.2,1,3,28,6.7,1.6,14.4,1,11,5,9
330,330,2009,Knowshon Moreno,DEN,22,2009,12,247,947,7,36,3.8,59.2,1.23,1.424390244,1.752,5.08,16,9,41,28,68.30%,213,7.6,2,8,27,5.2,1.8,13.3,4,7,17,22
331,331,2011,LaDainian Tomlinson,NYJ,32,2001,5,75,280,1,20,3.7,20,1.2,2.1875,2.625,2.625,14,1,61,42,68.90%,449,10.7,2,12,74,7.4,3,32.1,0,8,28,4
332,332,2009,LaDainian Tomlinson,SDG,30,2001,5,223,730,12,36,3.3,52.1,1.23,6.131438211,7.541669,6.725,14,14,30,20,66.70%,154,7.7,0,8,36,5.1,1.4,11,2,19,32,9
333,333,2008,LaDainian Tomlinson,SDG,29,2001,5,292,1110,11,45,3.8,69.4,1.16,6.738505172,7.816666,5.75,16,16,77,52,67.50%,426,8.2,1,18,32,5.5,3.3,26.6,1,21,21,6
334,334,2007,LaDainian Tomlinson,SDG,28,2001,5,315,1474,15,49,4.7,92.1,1.09,6.483179817,7.066666,5,16,16,86,60,69.80%,475,7.9,3,20,36,5.5,3.8,29.7,0,25,6,26
335,335,2006,LaDainian Tomlinson,SDG,27,2001,5,348,1815,28,85,5.2,113.4,1.02,6.192809804,6.316666,4.25,16,16,80,56,70.00%,508,9.1,3,23,51,6.4,3.5,31.8,2,1,1,1
336,336,2005,LaDainian Tomlinson,SDG,26,2001,5,339,1462,18,62,4.3,91.4,0.855,9.434697076,8.066666,5,16,16,77,51,66.20%,370,7.3,2,15,41,4.8,3.2,23.1,3,9,5,4
337,337,2004,LaDainian Tomlinson,SDG,25,2001,5,339,1335,17,42,3.9,89,0.80582,8.273145367,6.666666,16,15,15,66,53,80.30%,441,8.3,1,16,74,6.7,3.5,29.4,6,16,16,17
338,338,2003,LaDainian Tomlinson,SDG,24,2001,5,313,1645,13,73,5.3,102.8,0.75007,3.999626702,3,1.5,16,16,137,100,73.00%,725,7.3,4,26,73,5.3,6.3,45.3,2,16,3,14
339,339,2002,LaDainian Tomlinson,SDG,23,2001,5,372,1683,14,76,4.5,105.2,0.71101,4.570962434,3.25,1.75,16,16,101,79,78.20%,489,6.2,1,21,30,4.8,4.9,30.6,3,18,7,17
340,340,2001,LaDainian Tomlinson,SDG,22,2001,5,339,1236,10,54,3.6,77.3,0.67405,2.967138936,2,7,16,16,74,59,79.70%,367,6.2,0,12,27,5,3.7,22.9,8,21,23,21
341,341,2013,LaRod Stephens-Howling,PIT,26,2009,240,6,19,0,5,3.2,19,1.23,0.504065041,0.62,0.78,1,0,3,2,66.70%,11,5.5,0,0,7,3.7,2,11,0,22,28,24
342,342,2018,Lamar Miller,HOU,27,2012,97,210,973,5,97,4.6,69.5,1.772,3.809255079,6.75,5.703125,14,14,35,25,71.40%,163,6.5,1,10,16,4.7,1.8,11.6,1,27,27,21
343,343,2017,Lamar Miller,HOU,26,2012,97,238,888,3,21,3.7,55.5,1.67,3.892215569,6.5,5.5,16,13,45,36,80.00%,327,9.1,3,18,32,7.3,2.3,20.4,1,20,24,18
344,344,2016,Lamar Miller,HOU,25,2012,97,268,1073,5,45,4,76.6,1.5527,3.542216784,5.5,8.5,14,14,39,31,79.50%,188,6.1,1,9,16,4.8,2.2,13.4,2,15,16,6
345,345,2015,Lamar Miller,MIA,24,2012,97,194,872,8,85,4.5,54.5,1.4328,1.1610134,1.6635,1.542,16,16,57,47,82.50%,397,8.4,2,15,54,7,2.9,24.8,1,28,10,30
346,346,2014,Lamar Miller,MIA,23,2012,97,216,1099,8,97,5.1,68.7,1.33,0.519924812,0.6915,0.57,16,16,52,38,73.10%,275,7.2,1,10,20,5.3,2.4,17.2,3,9,3,12
347,347,2013,Lamar Miller,MIA,22,2012,97,177,709,2,49,4,44.3,1.23,0.48902439,0.6015,0.48,16,15,35,26,74.30%,170,6.5,0,6,22,4.9,1.6,10.6,1,28,25,27
348,348,2012,Lamar Miller,MIA,21,2012,97,51,250,1,28,4.9,19.2,1.206,0.424129353,0.5115,0.876,13,1,8,6,75.00%,45,7.5,0,3,12,5.6,0.5,3.5,0,21,17,11
349,349,2020,Latavius Murray,NOR,30,2013,181,63,265,2,25,4.2,44.2,1.982,2.043390515,4.05,3.2,11,6,17,15,88.20%,132,8.8,0,5,25,7.8,1.4,12,1,4,8,2
350,350,2019,Latavius Murray,NOR,29,2013,181,146,637,5,30,4.4,39.8,1.882,0.982996812,1.85,4.4,16,8,43,34,79.10%,235,6.9,1,9,30,5.5,2.1,14.7,0,1,11,4
351,351,2018,Latavius Murray,MIN,28,2013,181,140,578,6,38,4.1,36.1,1.772,2.934537246,5.2,4,16,6,26,22,84.60%,141,6.4,0,7,16,5.4,1.4,8.8,0,23,19,25
352,352,2017,Latavius Murray,MIN,27,2013,181,216,842,8,46,3.9,52.6,1.67,1.770209581,2.95625,4.25,16,11,17,15,88.20%,103,6.9,0,4,28,6.1,0.9,6.4,1,19,20,19
353,353,2016,Latavius Murray,OAK,26,2013,181,195,788,12,42,4,56.3,1.5527,0.451825852,0.70155,0.675,14,12,43,33,76.70%,264,8,0,11,39,6.1,2.4,18.9,2,11,6,8
354,354,2015,Latavius Murray,OAK,25,2013,181,266,1066,6,54,4,66.6,1.4328,0.426821608,0.61155,0.585,16,16,53,41,77.40%,232,5.7,0,9,23,4.4,2.6,14.5,4,19,20,6
355,355,2014,Latavius Murray,OAK,24,2013,181,82,424,2,90,5.2,28.3,1.33,0.33575188,0.44655,0.42,15,3,23,17,73.90%,143,8.4,0,3,46,6.2,1.1,9.5,1,28,26,21
357,357,2019,Le'Veon Bell,NYJ,27,2013,48,245,789,3,19,3.2,52.6,1.882,4.765541977,8.96875,14.46875,15,15,78,66,84.60%,461,7,1,20,23,5.9,4.4,30.7,1,31,31,25
358,358,2017,Le'Veon Bell,PIT,25,2013,48,321,1291,9,27,4,86.1,1.67,7.25748503,12.12,12.12,15,15,106,85,80.20%,655,7.7,2,32,42,6.2,5.7,43.7,3,7,16,5
359,359,2016,Le'Veon Bell,PIT,24,2013,48,261,1268,7,44,4.9,105.7,1.5527,0.727987377,1.130346,0.796271,12,12,94,75,79.80%,616,8.2,2,32,32,6.6,6.3,51.3,4,3,10,4
360,360,2015,Le'Veon Bell,PIT,23,2013,48,113,556,3,42,4.9,92.7,1.4328,0.720325237,1.032082,0.687882,6,6,26,24,92.30%,136,5.7,0,4,20,5.2,4,22.7,0,8,6,10
361,361,2014,Le'Veon Bell,PIT,22,2013,48,290,1361,8,81,4.7,85.1,1.33,0.704135338,0.9365,0.5923,16,16,105,83,79.00%,854,10.3,3,41,48,8.1,5.2,53.4,0,6,6,1
362,362,2013,Le'Veon Bell,PIT,21,2013,48,244,860,8,43,3.5,66.2,1.23,0.609105691,0.7492,1.7818,13,13,66,45,68.20%,399,8.9,0,15,43,6,3.5,30.7,1,22,28,24
363,363,2018,LeGarrette Blount,DET,32,2010,257,154,418,5,27,2.7,26.1,1.772,1.128668172,2,2,16,8,15,10,66.70%,67,6.7,0,4,23,4.5,0.6,4.2,2,20,25,27
364,364,2017,LeGarrette Blount,PHI,31,2010,257,173,766,2,68,4.4,47.9,1.67,0.748502994,1.25,1.25,16,11,8,8,100.00%,50,6.3,1,3,20,6.3,0.5,3.1,1,22,4,21
365,365,2016,LeGarrette Blount,NWE,30,2010,257,299,1161,18,44,3.9,72.6,1.5527,0.660140401,1.025,1,16,8,8,7,87.50%,38,5.4,0,1,16,4.8,0.4,2.4,2,9,18,16
366,366,2015,LeGarrette Blount,NWE,29,2010,257,165,703,6,38,4.3,58.6,1.4328,0.667142658,0.955882,1.130882,12,6,7,6,85.70%,43,7.2,1,3,14,6.1,0.5,3.6,1,2,23,1
368,368,2013,LeGarrette Blount,NWE,27,2010,257,153,772,7,47,5,48.3,1.23,0.552845528,0.68,0.78,16,7,5,2,40.00%,38,19,0,1,32,7.6,0.1,2.4,3,1,3,4
369,369,2012,LeGarrette Blount,TAM,26,2010,257,41,151,2,35,3.7,11.6,1.206,0.447761194,0.54,0.54,13,0,2,1,50.00%,2,2,0,0,2,1,0.1,0.2,0,14,9,22
370,370,2011,LeGarrette Blount,TAM,25,2010,257,184,781,5,54,4.2,55.8,1.2,0.375,0.45,0.45,14,14,25,15,60.00%,148,9.9,0,6,35,5.9,1.1,10.6,5,22,14,26
371,371,2020,LeSean McCoy,TAM,32,2009,53,6,257,0,3,-0.2,-0.2,1.982,0.378405651,0.75,1.05,7,0,14,10,71.40%,61,6.1,0,3,15,4.4,1.4,8.7,0,9,10,4
372,372,2018,LeSean McCoy,BUF,30,2009,53,161,514,3,28,3.2,36.7,1.772,5.050790068,8.95,6.325,14,13,46,34,73.90%,238,7,0,10,24,5.2,2.4,17,0,30,31,23
373,373,2017,LeSean McCoy,BUF,29,2009,53,287,1138,6,48,4,71.1,1.67,6.21257485,10.375,6.25,16,16,77,59,76.60%,448,7.6,2,23,39,5.8,3.7,28,3,27,22,27
374,374,2016,LeSean McCoy,BUF,28,2009,53,234,1267,13,75,5.4,84.5,1.5527,4.943002512,7.675,5.05,15,15,57,50,87.70%,356,7.1,1,17,41,6.2,3.3,23.7,3,16,1,22
375,375,2015,LeSean McCoy,BUF,27,2009,53,203,895,3,48,4.4,74.6,1.4328,3.838637633,5.5,16,12,12,50,32,64.00%,292,9.1,2,12,22,5.8,2.7,24.3,2,23,2,17
376,376,2014,LeSean McCoy,PHI,26,2009,53,312,1319,5,53,4.2,82.4,1.33,7.293233083,9.7,8,16,16,37,28,75.70%,155,5.5,0,10,18,4.2,1.8,9.7,4,29,11,26
377,377,2013,LeSean McCoy,PHI,25,2009,53,314,1607,9,57,5.1,100.4,1.23,4.024390244,4.95,3.25,16,16,64,52,81.30%,539,10.4,2,24,70,8.4,3.3,33.7,1,25,1,21
378,378,2012,LeSean McCoy,PHI,24,2009,53,200,840,2,34,4.2,70,1.206,2.203592869,2.657533,9.115,12,12,67,54,80.60%,373,6.9,3,20,36,5.6,4.5,31.1,4,28,10,31
379,379,2011,LeSean McCoy,PHI,23,2009,53,273,1309,17,60,4.8,87.3,1.2,0.722941667,0.86753,0.525,15,15,69,48,69.60%,315,6.6,3,18,26,4.6,3.2,21,1,26,8,32
380,380,2009,LeSean McCoy,PHI,21,2009,53,155,637,4,66,4.1,39.8,1.23,0.530512195,0.65253,1.680123,16,4,55,40,72.70%,308,7.7,0,13,45,5.6,2.5,19.3,2,8,18,8
381,381,2014,Leon Washington,TEN,32,2006,117,13,57,0,16,4.4,3.6,1.33,0.477443609,0.635,0.92,16,0,31,22,71.00%,159,7.2,2,8,25,5.1,1.4,9.9,3,17,25,4
382,382,2020,Mark Ingram,BAL,31,2011,28,50,225,2,30,4.5,37.5,1.982,2.69088446,5.333333,4,8,7,7,5,71.40%,49,9.8,0,2,18,7,0.6,6.1,0,8,1,5
383,383,2019,Mark Ingram,BAL,30,2011,28,202,1018,10,53,5,67.9,1.882,1.77116525,3.333333,6,15,15,29,26,89.70%,247,9.5,5,16,25,8.5,1.7,16.5,2,3,1,2
384,384,2018,Mark Ingram,NOR,29,2011,28,138,645,6,38,4.7,53.8,1.772,2.993128668,5.303824,3.558824,12,6,27,21,77.80%,170,8.1,1,5,28,6.3,1.8,14.2,3,2,13,1
385,385,2017,Mark Ingram,NOR,28,2011,28,230,1124,12,72,4.9,70.3,1.67,3.200598802,5.345,3.7,16,12,71,58,81.70%,416,7.2,0,19,54,5.9,3.6,26,3,2,1,1
386,386,2016,Mark Ingram,NOR,27,2011,28,205,1043,6,75,5.1,65.2,1.5527,1.616538932,2.51,3.1,16,14,58,46,79.30%,319,6.9,4,18,22,5.5,2.9,19.9,2,1,9,2
387,387,2015,Mark Ingram,NOR,26,2011,28,166,769,6,70,4.6,64.1,1.4328,1.39586823,2,4.7,12,10,60,50,83.30%,405,8.1,0,22,59,6.8,4.2,33.8,2,13,18,14
388,388,2014,Mark Ingram,NOR,25,2011,28,226,964,9,31,4.3,74.2,1.33,1.774342105,2.359875,1.386375,13,9,36,29,80.60%,145,5,0,5,14,4,2.2,11.2,3,2,10,13
389,389,2013,Mark Ingram,NOR,24,2011,28,78,386,1,34,4.9,35.1,1.23,1.644512195,2.02275,1.04925,11,3,11,7,63.60%,68,9.7,0,3,23,6.2,0.6,6.2,1,7,15,23
390,390,2012,Mark Ingram,NOR,23,2011,28,156,602,5,31,3.9,37.6,1.206,1.397699005,1.685625,0.712125,16,5,10,6,60.00%,29,4.8,0,2,16,2.9,0.4,1.8,0,18,11,14
391,391,2011,Mark Ingram,NOR,22,2011,28,122,474,5,35,3.9,47.4,1.2,1.12375,1.3485,4.269,10,4,13,11,84.60%,46,4.2,0,3,9,3.5,1.1,4.6,1,1,3,1
392,392,2020,Marlon Mack,IND,24,2017,143,4,26,0,18,6.5,26,1.982,1.129118063,2.237912,2.133,1,1,3,3,100.00%,30,10,0,1,19,10,3,30,0,20,9,22
393,393,2019,Marlon Mack,IND,23,2017,143,247,1091,8,63,4.4,77.9,1.882,0.398465462,0.749912,0.645,14,12,17,14,82.40%,82,5.9,0,2,14,4.8,1,5.9,0,12,10,22
394,394,2018,Marlon Mack,IND,22,2017,143,195,908,9,49,4.7,75.7,1.772,0.372410835,0.659912,0.555,12,10,26,17,65.40%,103,6.1,1,3,29,4,1.4,8.6,2,4,15,9
395,395,2017,Marlon Mack,IND,21,2017,143,93,358,3,35,3.8,25.6,1.67,0.341264671,0.569912,0.884648,14,0,33,21,63.60%,225,10.7,1,10,34,6.8,1.5,16.1,1,18,27,16
396,396,2016,Matt Asiata,MIN,29,2012,257,121,402,6,29,3.3,25.1,1.5527,0.540993109,0.84,0.84,16,6,38,32,84.20%,263,8.2,0,9,31,6.9,2,16.4,1,30,32,26
397,397,2015,Matt Asiata,MIN,28,2012,257,29,112,0,19,3.9,7,1.4328,0.558347292,0.8,0.8,16,0,22,19,86.40%,132,6.9,0,5,22,6,1.2,8.3,0,10,4,12
398,398,2014,Matt Asiata,MIN,27,2012,257,164,570,9,19,3.5,38,1.33,0.428571429,0.57,0.57,15,9,63,44,69.80%,312,7.1,1,7,41,5,2.9,20.8,1,13,15,2
399,399,2013,Matt Asiata,MIN,26,2012,257,44,166,3,39,3.8,15.1,1.23,0.390243902,0.48,0.48,11,1,8,5,62.50%,13,2.6,0,1,8,1.6,0.5,1.2,1,10,2,20
400,400,2020,Matt Breida,MIA,25,2017,257,33,115,0,12,3.5,19.2,1.982,1.644298688,3.259,3.259,9,1,10,9,90.00%,96,10.7,0,5,31,9.6,1,10.7,2,24,26,21
401,401,2019,Matt Breida,SFO,24,2017,257,123,623,1,83,5.1,47.9,1.882,0.343606801,0.646668,0.645,13,5,22,19,86.40%,120,6.3,1,6,17,5.5,1.5,9.2,2,8,5,20
402,402,2018,Matt Breida,SFO,23,2017,257,153,814,3,66,5.3,58.1,1.772,0.308269752,0.546254,0.544588,14,13,31,27,87.10%,261,9.7,2,12,26,8.4,1.9,18.6,1,10,4,18
403,403,2017,Matt Breida,SFO,22,2017,257,105,465,2,33,4.4,29.1,1.67,0.279440719,0.466666,0.47,16,0,36,21,58.30%,180,8.6,1,9,32,5,1.3,11.3,1,10,12,25
404,404,2016,Matt Jones,WAS,23,2015,95,99,460,3,57,4.6,65.7,1.5527,0.443649127,0.688854,0.539,7,7,8,8,100.00%,73,9.1,0,4,16,9.1,1.1,10.4,3,6,5,3
405,405,2015,Matt Jones,WAS,22,2015,95,144,490,3,39,3.4,37.7,1.4328,0.408189559,0.584854,1.034416,13,0,25,19,76.00%,304,16,1,10,78,12.2,1.5,23.4,5,21,24,19
406,406,2014,Maurice Jones-Drew,OAK,29,2006,60,43,96,0,13,2.2,8,1.33,1.879699248,2.5,2.5,12,1,16,11,68.80%,71,6.5,0,3,12,4.4,0.9,5.9,1,28,26,21
407,407,2013,Maurice Jones-Drew,JAX,28,2006,60,234,803,5,48,3.4,53.5,1.23,5.528455285,6.8,4.95,15,15,60,43,71.70%,314,7.3,0,13,17,5.2,2.9,20.9,1,31,31,30
408,408,2012,Maurice Jones-Drew,JAX,27,2006,60,86,414,1,59,4.8,69,1.206,5.306799337,6.4,4.45,6,5,18,14,77.80%,86,6.1,1,3,13,4.8,2.3,14.3,2,17,23,15
409,409,2011,Maurice Jones-Drew,JAX,26,2006,60,343,1606,8,56,4.7,100.4,1.2,5,6,4.2,16,16,64,43,67.20%,374,8.7,3,18,48,5.8,2.7,23.4,6,13,16,8
410,410,2009,Maurice Jones-Drew,JAX,24,2006,60,312,1391,15,80,4.5,86.9,1.23,5.032520325,6.19,13.15,16,16,71,53,74.60%,374,7.1,1,16,19,5.3,3.3,23.4,2,11,7,13
411,411,2008,Maurice Jones-Drew,JAX,23,2006,60,197,824,12,46,4.2,51.5,1.16,0.590517241,0.685,0.445,16,3,75,62,82.70%,565,9.1,2,28,26,7.5,3.9,35.3,6,15,17,13
412,412,2007,Maurice Jones-Drew,JAX,22,2006,60,167,768,9,57,4.6,51.2,1.09,0.550458716,0.6,0.78,15,0,55,40,72.70%,407,10.2,0,22,43,7.4,2.7,27.1,2,18,2,30
413,413,2006,Maurice Jones-Drew,JAX,21,2006,60,166,941,13,74,5.7,58.8,1.02,0.490196078,0.5,1.03,16,1,62,46,74.20%,436,9.5,2,17,51,7,2.9,27.3,1,2,2,5
414,414,2020,Melvin Gordon,DEN,27,2015,15,82,349,4,43,4.3,69.8,1.982,3.531786075,7,9,10,7,29,20,69.00%,87,4.4,1,3,16,3,2,8.7,4,28,12,32
415,415,2019,Melvin Gordon,LAC,26,2015,15,162,612,8,24,3.8,51,1.882,2.452647184,4.615882,4.615882,12,11,55,42,76.40%,296,7,1,11,25,5.4,3.5,24.7,4,13,22,21
416,416,2018,Melvin Gordon,LAC,25,2015,15,175,885,10,34,5.1,73.8,1.772,1.915871332,3.394924,1.889967,12,12,66,50,75.80%,490,9.8,4,22,66,7.4,4.2,40.8,1,5,2,16
417,417,2017,Melvin Gordon,LAC,24,2015,15,284,1105,8,87,3.9,69.1,1.67,1.742476048,2.909935,1.404978,16,16,83,58,69.90%,476,8.2,4,22,49,5.7,3.6,29.8,1,26,23,26
418,418,2016,Melvin Gordon,SDG,23,2015,15,254,997,10,48,3.9,76.7,1.5527,1.561760804,2.424946,0.919989,13,11,57,41,71.90%,419,10.2,2,21,35,7.4,3.2,32.2,2,23,20,19
419,419,2015,Melvin Gordon,SDG,22,2015,15,184,641,0,27,3.5,45.8,1.4328,1.353962172,1.939957,6.454828,14,12,37,33,89.20%,192,5.8,0,8,18,5.2,2.4,13.7,6,31,30,15
420,420,2013,Michael Bush,CHI,29,2007,100,63,197,3,40,3.1,13.1,1.23,2.886178862,3.55,2.55,15,0,8,4,50.00%,48,12,1,2,17,6,0.3,3.2,0,20,10,26
421,421,2012,Michael Bush,CHI,28,2007,100,114,411,5,20,3.6,31.6,1.206,1.658374793,2,5,13,1,11,9,81.80%,83,9.2,0,6,18,7.5,0.7,6.4,1,16,18,25
422,422,2011,Michael Bush,OAK,27,2007,100,256,977,7,44,3.8,61.1,1.2,2.175833333,2.611,2.611,16,9,47,37,78.70%,418,11.3,1,14,55,8.9,2.3,26.1,1,14,9,3
423,423,2009,Michael Bush,OAK,25,2007,100,123,589,3,60,4.8,36.8,1.23,0.475589431,0.584975,0.46,16,7,19,17,89.50%,105,6.2,0,3,17,5.5,1.1,6.6,2,23,26,6
424,424,2008,Michael Bush,OAK,24,2007,100,95,421,3,67,4.4,28.1,1.16,0.362047414,0.419975,0.295,15,0,30,19,63.30%,162,8.5,0,6,25,5.4,1.3,10.8,1,25,15,18
425,425,2012,Mikel Leshoure,DET,22,2004,57,215,798,9,16,3.7,57,1.206,0.395019071,0.476393,0.476393,14,14,49,34,69.40%,214,6.3,0,12,15,4.4,2.4,15.3,3,15,20,5
426,426,2020,Myles Gaskin,MIA,23,2019,234,82,340,1,21,4.1,56.7,1.982,0.351552472,0.696777,0.675,7,5,35,30,85.70%,198,6.6,0,5,16,5.7,4.3,28.3,1,24,26,21
427,427,2019,Myles Gaskin,MIA,22,2019,234,36,133,1,27,3.7,19,1.882,0.270932519,0.509895,0.575226,7,0,12,7,58.30%,51,7.3,0,2,20,4.3,1,7.3,0,32,32,32
428,428,2020,Nick Chubb,CLE,25,2018,35,57,335,4,29,5.9,83.8,1.982,1.01592886,2.013571,1.15119,7,7,7,6,85.70%,49,8.2,0,3,14,7,0.9,7,1,6,4,24
429,429,2019,Nick Chubb,CLE,24,2018,35,298,1494,8,88,5,93.4,1.882,0.891591923,1.677976,0.815595,16,16,49,36,73.50%,278,7.7,0,13,32,5.7,2.3,17.4,3,10,2,14
430,430,2018,Nick Chubb,CLE,23,2018,35,192,996,8,92,5.2,62.3,1.772,0.757551354,1.342381,4.791905,16,9,29,20,69.00%,149,7.5,2,5,24,5.1,1.3,9.3,0,18,11,29
431,431,2017,Orleans Darkwa,NYG,25,2014,257,171,751,5,75,4.4,50.1,1.67,0.621257485,1.0375,1.1,15,11,28,19,67.90%,116,6.1,0,7,13,4.1,1.3,7.7,1,15,18,6
432,432,2016,Orleans Darkwa,NYG,24,2014,257,30,111,2,17,3.7,11.1,1.5527,0.386423649,0.6,0.6,10,2,4,2,50.00%,12,6,0,0,9,3,0.2,1.2,0,24,28,9
433,433,2015,Orleans Darkwa,NYG,23,2014,257,36,153,1,17,4.3,9.6,1.4328,0.355946399,0.51,0.51,16,0,5,3,60.00%,31,10.3,0,2,15,6.2,0.2,1.9,0,11,16,11
435,435,2020,Peyton Barber,WAS,26,2016,257,38,81,2,11,2.1,11.6,1.982,0.68617558,1.36,1.66,11,2,3,2,66.70%,11,5.5,0,1,7,3.7,0.2,1,0,17,23,11
436,436,2019,Peyton Barber,TAM,25,2016,257,154,470,6,17,3.1,29.4,1.882,1.12911796,2.125,2.125,16,7,24,16,66.70%,115,7.2,1,4,16,4.8,1,7.2,1,23,29,30
437,437,2018,Peyton Barber,TAM,24,2016,257,234,871,5,28,3.7,54.4,1.772,0.355530474,0.63,0.63,16,16,29,20,69.00%,92,4.6,1,4,10,3.2,1.3,5.8,1,31,30,30
438,438,2017,Peyton Barber,TAM,23,2016,257,108,423,3,34,3.9,26.4,1.67,0.323353293,0.54,0.54,16,4,19,16,84.20%,114,7.1,0,4,34,6,1,7.1,2,16,29,17
439,439,2016,Peyton Barber,TAM,22,2016,257,55,223,1,44,4.1,14.9,1.5527,0.289817737,0.45,0.45,15,1,6,5,83.30%,28,5.6,0,1,11,4.7,0.3,1.9,0,21,30,32
440,440,2014,Peyton Hillis,NYG,28,2008,227,26,115,0,16,4.4,12.8,1.33,0.642857143,0.855,0.855,9,0,16,10,62.50%,87,8.7,0,2,26,5.4,1.1,9.7,0,22,30,18
441,441,2013,Peyton Hillis,NYG,27,2008,227,73,247,2,27,3.4,35.3,1.23,0.291965854,0.359118,0.359118,7,1,21,13,61.90%,96,7.4,0,5,16,4.6,1.9,13.7,2,30,30,31
442,442,2020,Phillip Lindsay,DEN,26,2018,257,39,204,0,20,5.2,68,1.982,0.380928355,0.755,0.75,8,6,8,2,25.00%,14,7,0,1,11,1.8,0.3,1.8,0,28,12,32
443,443,2019,Phillip Lindsay,DEN,25,2018,257,224,1011,7,40,4.5,63.2,1.882,0.305526036,0.575,0.57,16,16,48,35,72.90%,196,5.6,0,9,36,4.1,2.2,12.3,0,11,19,3
444,444,2018,Phillip Lindsay,DEN,24,2018,257,192,1037,9,65,5.4,69.1,1.772,0.269818284,0.478118,0.488118,15,8,47,35,74.50%,241,6.9,1,12,29,5.1,2.3,16.1,0,6,3,14
446,446,2014,Pierre Thomas,NOR,30,2007,257,45,222,2,27,4.9,20.2,1.33,1.180451128,1.57,2.4,11,3,55,45,81.80%,378,8.4,1,19,39,6.9,4.1,34.4,0,2,10,13
447,447,2013,Pierre Thomas,NOR,29,2007,257,147,549,2,18,3.7,34.3,1.23,2.032520325,2.5,2.5,16,9,84,77,91.70%,513,6.7,3,21,29,6.1,4.8,32.1,2,7,15,23
448,448,2012,Pierre Thomas,NOR,28,2007,257,105,473,1,48,4.5,31.5,1.206,1.873963516,2.26,2.26,15,4,53,39,73.60%,354,9.1,1,20,36,6.7,2.6,23.6,0,18,11,14
449,449,2011,Pierre Thomas,NOR,27,2007,257,110,562,5,33,5.1,35.1,1.2,3.2375,3.885,3.385,16,7,59,50,84.70%,425,8.5,1,18,57,7.2,3.1,26.6,2,1,3,1
450,450,2009,Pierre Thomas,NOR,25,2007,257,147,793,6,34,5.4,56.6,1.23,0.375339837,0.461668,0.46,14,6,45,39,86.70%,302,7.7,2,12,36,6.7,2.8,21.6,2,1,6,14
451,451,2008,Pierre Thomas,NOR,24,2007,257,129,625,9,42,4.8,41.7,1.16,0.320401724,0.371666,0.37,15,5,41,31,75.60%,284,9.2,3,15,24,6.9,2.1,18.9,1,6,16,7
452,452,2007,Pierre Thomas,NOR,23,2007,257,52,252,1,24,4.8,21,1.09,0.26299633,0.286666,0.29,12,1,23,17,73.90%,151,8.9,1,10,17,6.6,1.4,12.6,0,7,28,10
453,453,2020,Raheem Mostert,SFO,28,2015,257,51,303,1,80,5.9,75.8,1.982,1.681802725,3.333333,3.125,5,5,14,13,92.90%,150,11.5,1,5,76,10.7,2.6,30,1,22,17,31
454,454,2019,Raheem Mostert,SFO,27,2015,257,137,772,8,41,5.6,48.3,1.882,1.053843252,1.983333,2.65,16,0,22,14,63.60%,180,12.9,2,6,39,8.2,0.9,11.3,2,8,5,20
455,455,2018,Raheem Mostert,SFO,26,2015,257,34,261,1,52,7.7,29,1.772,0.39785553,0.705,0.705,9,0,7,6,85.70%,25,4.2,0,1,23,3.6,0.7,2.8,1,10,4,18
456,456,2016,Rashad Jennings,NYG,31,2009,250,181,593,3,25,3.3,45.6,1.5527,1.811360855,2.8125,2.25,13,12,42,35,83.30%,201,5.7,1,8,24,4.8,2.7,15.5,1,24,28,9
457,457,2015,Rashad Jennings,NYG,30,2009,250,195,863,3,38,4.4,53.9,1.4328,1.962939698,2.8125,2.25,16,16,40,29,72.50%,296,10.2,1,8,51,7.4,1.8,18.5,2,11,16,11
458,458,2014,Rashad Jennings,NYG,29,2009,250,167,639,4,18,3.8,58.1,1.33,0.986842105,1.3125,3,11,9,41,30,73.20%,226,7.5,0,8,27,5.5,2.7,20.5,1,22,30,18
459,459,2013,Rashad Jennings,OAK,28,2009,250,163,733,6,80,4.5,48.9,1.23,0.512195122,0.63,0.63,15,8,48,36,75.00%,292,8.1,0,12,24,6.1,2.4,19.5,0,26,16,6
460,460,2012,Rashad Jennings,JAX,27,2009,250,101,283,2,21,2.8,28.3,1.206,0.476462687,0.574614,0.565,10,6,26,19,73.10%,130,6.8,0,5,26,5,1.9,13,3,17,23,15
461,461,2009,Rashad Jennings,JAX,24,2009,250,39,202,1,28,5.2,13.5,1.23,0.259847154,0.319612,0.34845,15,0,18,16,88.90%,101,6.3,0,4,14,5.6,1.1,6.7,0,11,7,13
462,462,2013,Rashard Mendenhall,ARI,26,2008,23,217,687,8,28,3.2,45.8,1.23,2.032520325,2.5,2.5,15,15,21,18,85.70%,134,7.4,0,5,24,6.4,1.2,8.9,4,17,23,16
463,463,2012,Rashard Mendenhall,PIT,25,2008,23,51,182,0,20,3.6,30.3,1.206,2.849356551,3.436324,2.333824,6,4,10,9,90.00%,62,6.9,1,4,15,6.2,1.5,10.3,3,27,28,17
464,464,2011,Rashard Mendenhall,PIT,24,2008,23,228,928,9,68,4.1,61.9,1.2,1.56875,1.8825,0.78,15,15,28,18,64.30%,154,8.6,0,5,35,5.5,1.2,10.3,1,3,10,23
465,465,2009,Rashard Mendenhall,PIT,22,2008,23,242,1108,7,60,4.6,69.3,1.23,2.449186992,3.0125,6.32,16,12,32,25,78.10%,261,10.4,1,13,26,8.2,1.6,16.3,3,15,12,15
466,466,2008,Rashard Mendenhall,PIT,21,2008,23,19,58,0,12,3.1,14.5,1.16,1.025862069,1.19,1.19,4,1,3,2,66.70%,17,8.5,0,1,11,5.7,0.5,4.3,0,24,29,30
467,467,2013,Ray Rice,BAL,26,2008,55,214,660,4,47,3.1,44,1.23,4.674796748,5.75,8,15,15,72,58,80.60%,321,5.5,0,13,22,4.5,3.9,21.4,2,32,32,32
468,468,2012,Ray Rice,BAL,25,2008,55,257,1143,9,46,4.4,71.4,1.206,4.145936982,5,17,16,16,83,61,73.50%,478,7.8,1,24,43,5.8,3.8,29.9,1,6,8,4
469,469,2011,Ray Rice,BAL,24,2008,55,291,1364,12,70,4.7,85.3,1.2,0.73125,0.8775,0.6,16,16,104,76,73.10%,704,9.3,3,30,52,6.8,4.8,44,2,7,11,11
470,470,2009,Ray Rice,BAL,22,2008,55,254,1339,7,59,5.3,83.7,1.23,0.538617886,0.6625,0.385,16,15,101,78,77.20%,702,9,1,27,63,7,4.9,43.9,3,4,2,7
471,471,2008,Ray Rice,BAL,21,2008,55,107,454,0,60,4.2,34.9,1.16,0.790086207,0.9165,1.405,13,4,43,33,76.70%,273,8.3,0,12,40,6.3,2.5,21,1,11,23,8
472,472,2016,Reggie Bush,BUF,31,2006,2,12,-3,1,5,-0.3,-0.2,1.5527,0.966059123,1.5,1.5,13,0,10,7,70.00%,90,12.9,0,6,25,9,0.5,6.9,1,16,1,22
473,473,2015,Reggie Bush,SFO,30,2006,2,8,28,0,9,3.5,5.6,1.4328,1.679403964,2.40625,2.29375,5,1,10,4,40.00%,19,4.8,0,1,8,1.9,0.8,3.8,0,32,32,31
474,474,2014,Reggie Bush,DET,29,2006,2,76,297,2,26,3.9,27,1.33,2.213621805,2.944117,3.5,11,9,56,40,71.40%,253,6.3,0,13,28,4.5,3.6,23,1,21,28,30
475,475,2013,Reggie Bush,DET,28,2006,2,223,1006,4,39,4.5,71.9,1.23,1.62601626,2,5,14,14,80,54,67.50%,506,9.4,3,22,77,6.3,3.9,36.1,5,13,12,12
476,476,2012,Reggie Bush,MIA,27,2006,2,227,986,6,65,4.3,61.6,1.206,4.975124378,6,4.75,16,16,52,35,67.30%,292,8.3,2,14,25,5.6,2.2,18.3,4,21,17,11
477,477,2011,Reggie Bush,MIA,26,2006,2,216,1086,6,76,5,72.4,1.2,3.125,3.75,5,15,15,52,43,82.70%,296,6.9,1,12,34,5.7,2.9,19.7,4,16,15,13
478,478,2009,Reggie Bush,NOR,24,2006,2,70,390,5,55,5.6,27.9,1.23,8.605691057,10.585,7.085,14,8,68,47,69.10%,335,7.1,3,16,29,4.9,3.4,23.9,4,1,6,14
479,479,2008,Reggie Bush,NOR,23,2006,2,106,404,2,43,3.8,40.4,1.16,4.353448276,5.05,5.55,10,9,73,52,71.20%,440,8.5,4,22,42,6,5.2,44,3,6,16,7
480,480,2007,Reggie Bush,NOR,22,2006,2,157,581,4,22,3.7,48.4,1.09,3.371559633,3.675,13.375,12,10,98,73,74.50%,417,5.7,2,23,25,4.3,6.1,34.8,8,7,28,10
481,481,2006,Reggie Bush,NOR,21,2006,2,155,565,6,18,3.6,35.3,1.02,2.647058824,2.7,6.5,16,8,121,88,72.70%,742,8.4,2,34,74,6.1,5.5,46.4,2,12,21,14
482,482,2020,Ronald Jones II,TAM,23,2018,38,110,506,4,37,4.6,72.3,1.982,0.973111504,1.928707,1.122902,12,12,40,27,67.50%,161,6,1,2,37,4,2.3,13.4,2,9,10,4
483,483,2019,Ronald Jones II,TAM,22,2018,38,172,724,6,49,4.2,45.3,1.882,0.854014878,1.607256,0.801451,16,9,40,31,77.50%,309,10,0,12,41,7.7,1.9,19.3,3,23,29,30
484,484,2018,Ronald Jones II,TAM,21,2018,38,23,44,1,9,1.9,4.9,1.772,0.725623589,1.285805,3.70322,9,0,9,7,77.80%,33,4.7,0,2,15,3.7,0.8,3.7,0,31,30,30
486,486,2013,Ronnie Brown,SDG,32,2005,2,45,157,1,13,3.5,9.8,1.23,0.853658537,1.05,1.05,16,0,8,8,100.00%,60,7.5,0,3,15,7.5,0.5,3.8,0,3,13,1
487,487,2012,Ronnie Brown,SDG,31,2005,2,46,220,0,21,4.8,15.7,1.206,0.829187396,1,1,14,1,59,49,83.10%,371,7.6,0,16,25,6.3,3.5,26.5,0,23,29,6
489,489,2015,Ronnie Hillman,DEN,24,2012,67,207,863,7,72,4.2,53.9,1.4328,0.657948074,0.942708,0.77,16,10,35,24,68.60%,111,4.6,0,3,14,3.2,1.5,6.9,3,17,9,23
490,490,2014,Ronnie Hillman,DEN,23,2012,67,106,434,3,37,4.1,54.3,1.33,0.607299248,0.807708,0.635,8,4,34,21,61.80%,139,6.6,1,7,16,4.1,2.6,17.4,1,12,8,9
491,491,2013,Ronnie Hillman,DEN,22,2012,67,55,218,1,19,4,21.8,1.23,0.559112195,0.687708,0.515,10,0,14,12,85.70%,119,9.9,0,7,19,8.5,1.2,11.9,2,8,9,3
492,492,2012,Ronnie Hillman,DEN,21,2012,67,85,330,1,31,3.9,23.6,1.206,0.466590381,0.562708,1.080832,14,0,12,10,83.30%,62,6.2,0,3,29,5.2,0.7,4.4,2,12,19,20
493,493,2015,Roy Helu,OAK,27,2011,105,17,39,0,12,2.3,4.3,1.4328,1.465661642,2.1,2.1,9,0,16,9,56.30%,75,8.3,1,6,15,4.7,1,8.3,0,19,20,6
494,494,2014,Roy Helu,WAS,26,2011,105,40,216,1,18,5.4,15.4,1.33,1.164333083,1.548563,1.431,14,0,47,42,89.40%,477,11.4,2,16,55,10.1,3,34.1,2,19,12,16
495,495,2013,Roy Helu,WAS,25,2011,105,62,274,4,24,4.4,17.1,1.23,0.546799187,0.672563,0.555,16,0,42,31,73.80%,251,8.1,0,9,28,6,1.9,15.7,2,23,7,28
496,496,2011,Roy Helu,WAS,23,2011,105,151,640,2,28,4.2,42.7,1.2,0.410469167,0.492563,0.845252,15,5,59,49,83.10%,379,7.7,1,13,47,6.4,3.3,25.3,2,10,20,19
497,497,2020,Royce Freeman,DEN,24,2018,71,20,68,0,13,3.4,11.3,1.982,0.545537336,1.081255,0.832,11,0,10,9,90.00%,73,8.1,0,4,28,7.3,0.8,6.6,0,28,12,32
498,498,2019,Royce Freeman,DEN,23,2018,71,132,496,3,26,3.8,31,1.882,0.483663656,0.910255,0.661,16,0,50,43,86.00%,256,6,1,10,19,5.1,2.7,16,0,11,19,3
499,499,2018,Royce Freeman,DEN,22,2018,71,130,521,5,24,4,37.2,1.772,0.411543454,0.729255,1.47702,14,8,20,14,70.00%,72,5.1,0,2,9,3.6,1,5.1,1,6,3,14
500,500,2011,Ryan Grant,GNB,29,2005,257,134,559,2,47,4.2,37.3,1.2,3.75,4.5,4.5,15,14,24,19,79.20%,268,14.1,1,10,80,11.2,1.3,17.9,2,17,26,25
501,501,2009,Ryan Grant,GNB,27,2005,257,282,1253,11,62,4.4,78.3,1.23,3.455284553,4.25,4.25,16,16,30,25,83.30%,197,7.9,0,9,27,6.6,1.6,12.3,1,9,22,2
502,502,2008,Ryan Grant,GNB,26,2005,257,312,1203,4,57,3.9,75.2,1.16,3.676724138,4.265,4.265,16,14,22,18,81.80%,116,6.4,1,3,17,5.3,1.1,7.3,4,19,13,23
503,503,2007,Ryan Grant,GNB,25,2005,257,188,956,8,66,5.1,63.7,1.09,0.28440367,0.31,0.31,15,7,37,30,81.10%,145,4.8,0,9,21,3.9,2,9.7,1,26,7,24
504,504,2016,Ryan Mathews,PHI,29,2010,12,155,661,8,30,4.3,50.8,1.5527,2.576157661,4,3,13,8,14,13,92.90%,115,8.8,1,7,27,8.2,1,8.8,3,13,13,12
505,505,2015,Ryan Mathews,PHI,28,2010,12,106,539,6,63,5.1,41.5,1.4328,1.39586823,2,4,13,6,28,20,71.40%,146,7.3,1,6,23,5.2,1.5,11.2,3,30,13,18
506,506,2014,Ryan Mathews,SDG,27,2010,12,74,330,3,32,4.5,55,1.33,2.715789474,3.612,1.97825,6,6,10,9,90.00%,69,7.7,0,4,16,6.9,1.5,11.5,1,31,31,28
507,507,2013,Ryan Mathews,SDG,26,2010,12,285,1255,6,51,4.4,78.4,1.23,2.300203252,2.82925,1.1955,16,14,33,26,78.80%,189,7.3,1,9,17,5.7,1.6,11.8,2,3,13,1
508,508,2012,Ryan Mathews,SDG,25,2010,12,184,707,1,31,3.8,58.9,1.206,1.945688226,2.3465,0.71275,12,9,56,39,69.60%,252,6.5,0,9,24,4.5,3.3,21,2,23,29,6
509,509,2011,Ryan Mathews,SDG,24,2010,12,222,1091,6,39,4.9,77.9,1.2,1.736458333,2.08375,11.3025,14,14,59,50,84.70%,455,9.1,0,18,42,7.7,3.6,32.5,5,9,12,5
510,510,2020,Samaje Perine,CIN,25,2017,114,2,3,0,3,1.5,0.4,1.982,0.416246216,0.825,0.825,11,0,6,5,83.30%,16,3.2,0,1,7,2.7,0.5,1.5,0,31,27,26
511,511,2018,Samaje Perine,WAS,23,2017,114,8,32,0,11,4,6.4,1.772,0.406290632,0.719947,0.555,5,0,4,3,75.00%,5,1.7,0,0,8,1.3,0.6,1,0,26,23,28
512,512,2017,Samaje Perine,WAS,22,2017,114,175,603,1,30,3.4,37.7,1.67,0.377213772,0.629947,1.124788,16,8,24,22,91.70%,182,8.3,1,9,25,7.6,1.4,11.4,2,21,26,15
513,513,2020,Saquon Barkley,NYG,23,2018,2,19,34,0,18,1.8,17,1.982,4.337870333,8.597659,3.405886,2,2,9,6,66.70%,60,10,0,3,38,6.7,3,30,0,21,24,14
514,514,2019,Saquon Barkley,NYG,22,2018,2,217,1003,6,68,4.6,77.2,1.882,3.76711796,7.089716,1.897943,13,13,73,52,71.20%,438,8.4,2,14,65,6,4,33.7,1,25,18,19
515,515,2018,Saquon Barkley,NYG,21,2018,2,261,1307,11,78,5,81.7,1.772,3.200774831,5.671773,21.247092,16,16,121,91,75.20%,721,7.9,4,30,57,6,5.7,45.1,0,29,7,24
516,516,2017,Shane Vereen,NYG,28,2011,56,45,164,0,17,3.6,10.3,1.67,2.644711377,4.416668,3.45,16,0,53,44,83.00%,253,5.8,0,9,20,4.8,2.8,15.8,0,15,18,6
517,517,2016,Shane Vereen,NYG,27,2011,56,33,158,1,25,4.8,31.6,1.5527,3.166526695,4.916666,3.75,5,1,19,11,57.90%,94,8.5,0,4,16,4.9,2.2,18.8,2,24,28,9
518,518,2015,Shane Vereen,NYG,26,2011,56,61,260,0,39,4.3,16.3,1.4328,1.756467058,2.516666,4.85,16,0,81,59,72.80%,495,8.4,4,22,37,6.1,3.7,30.9,1,11,16,11
519,519,2014,Shane Vereen,NWE,25,2011,56,96,391,2,19,4.1,24.4,1.33,0.828026316,1.101275,0.846975,16,6,77,52,67.50%,447,8.6,3,24,49,5.8,3.3,27.9,0,5,16,27
520,520,2013,Shane Vereen,NWE,24,2011,56,44,208,1,21,4.7,26,1.23,0.767439024,0.94395,0.68965,8,1,69,47,68.10%,427,9.1,3,25,50,6.2,5.9,53.4,1,1,3,4
521,521,2012,Shane Vereen,NWE,23,2011,56,62,251,3,16,4,19.3,1.206,0.652259536,0.786625,0.532325,13,1,13,8,61.50%,149,18.6,1,6,83,11.5,0.6,11.5,1,3,13,10
522,522,2013,Shonn Greene,TEN,28,2009,65,77,295,4,29,3.8,26.8,1.23,2.100270732,2.583333,4.25,11,0,8,6,75.00%,39,6.5,0,1,28,4.9,0.5,3.5,0,19,26,19
523,523,2012,Shonn Greene,NYJ,27,2009,65,276,1063,8,36,3.9,66.4,1.206,0.697553897,0.84125,0.615,16,14,30,19,63.30%,151,7.9,0,3,30,5,1.2,9.4,4,5,21,2
524,524,2011,Shonn Greene,NYJ,26,2009,65,253,1054,6,31,4.2,65.9,1.2,0.626041667,0.75125,0.525,16,15,41,30,73.20%,211,7,0,7,36,5.1,1.9,13.2,1,8,28,4
525,525,2020,Sony Michel,NWE,25,2018,31,26,173,1,48,6.7,57.7,1.982,1.324652876,2.625462,1.355154,4,3,3,2,66.70%,23,11.5,0,1,14,7.7,0.5,5.8,0,3,7,3
526,526,2019,Sony Michel,NWE,24,2018,31,247,912,7,26,3.7,57,1.882,1.162531881,2.187885,0.917577,16,14,20,12,60.00%,94,7.8,0,7,19,4.7,0.8,5.9,2,9,25,24
527,527,2018,Sony Michel,NWE,23,2018,31,209,931,6,34,4.5,71.6,1.772,0.987758465,1.750308,5.561232,13,8,11,7,63.60%,50,7.1,0,3,13,4.5,0.5,3.8,1,3,22,4
528,528,2019,Spencer Ware,KAN,28,2013,194,17,51,0,6,3,17,1.882,0.100643996,0.189412,0.189412,3,1,7,5,71.40%,22,4.4,0,1,18,3.1,1.7,7.3,1,28,21,18
529,529,2018,Spencer Ware,KAN,27,2013,194,51,246,2,34,4.8,18.9,1.772,0.625470655,1.108334,1.75,13,2,23,20,87.00%,224,11.2,0,10,31,9.7,1.5,17.2,0,16,8,13
530,530,2016,Spencer Ware,KAN,25,2013,194,214,921,3,46,4.3,65.8,1.5527,0.617204225,0.958333,1.625,14,14,42,33,78.60%,447,13.5,2,17,46,10.6,2.4,31.9,4,17,22,10
531,531,2015,Spencer Ware,KAN,24,2013,194,72,403,6,52,5.6,36.6,1.4328,0.251256281,0.36,0.36,11,2,6,6,100.00%,5,0.8,0,0,5,0.8,0.5,0.5,0,5,8,6
532,532,2013,Stanley Havili,IND,26,2011,240,7,7,0,4,1,0.5,1.23,0.390243902,0.48,0.48,13,8,21,18,85.70%,128,7.1,1,6,20,6.1,1.4,9.8,0,15,20,10
533,533,2018,Stevan Ridley,PIT,29,2011,73,29,80,1,12,2.8,8,1.772,0.355530474,0.63,0.79,10,0,4,3,75.00%,18,6,0,1,10,4.5,0.3,1.8,2,15,18,5
534,534,2015,Stevan Ridley,NYJ,26,2011,73,36,90,0,13,2.5,11.3,1.4328,0.765546482,1.096875,1.016875,8,1,5,4,80.00%,-2,-0.5,0,0,3,-0.4,0.5,-0.3,0,26,15,26
535,535,2014,Stevan Ridley,NWE,25,2011,73,94,340,2,43,3.6,56.7,1.33,0.706578947,0.93975,0.77775,6,5,5,4,80.00%,20,5,0,0,7,4,0.7,3.3,0,5,16,27
536,536,2013,Stevan Ridley,NWE,24,2011,73,178,773,7,29,4.3,55.2,1.23,0.654878049,0.8055,0.6435,14,6,12,10,83.30%,62,6.2,0,2,24,5.2,0.7,4.4,4,1,3,4
537,537,2012,Stevan Ridley,NWE,23,2011,73,290,1263,12,41,4.4,78.9,1.206,0.55659204,0.67125,0.50925,16,12,14,6,42.90%,51,8.5,0,2,20,3.6,0.4,3.2,4,3,13,10
538,538,2011,Stevan Ridley,NWE,22,2011,73,87,441,1,33,5.1,27.6,1.2,0.4475,0.537,1.023,16,2,5,3,60.00%,13,4.3,0,0,8,2.6,0.2,0.8,1,2,21,7
539,539,2014,Steven Jackson,ATL,31,2004,24,190,707,6,55,3.7,47.1,1.33,3.132831579,4.166666,3,15,15,27,20,74.10%,148,7.4,0,6,17,5.5,1.3,9.9,0,14,21,20
540,540,2013,Steven Jackson,ATL,30,2004,24,157,543,6,50,3.5,45.3,1.23,2.371273171,2.916666,5.25,12,12,49,33,67.30%,191,5.8,1,11,25,3.9,2.8,15.9,0,24,22,25
541,541,2012,Steven Jackson,STL,29,2004,24,258,1045,4,46,4.1,65.3,1.206,7.379076285,8.899166,7,16,16,53,38,71.70%,321,8.4,0,13,22,6.1,2.4,20.1,0,13,14,21
542,542,2011,Steven Jackson,STL,28,2004,24,260,1145,5,47,4.4,76.3,1.2,7.582638333,9.099166,7.2,15,15,58,42,72.40%,333,7.9,1,17,50,5.7,2.8,22.2,2,30,17,20
543,543,2009,Steven Jackson,STL,26,2004,24,324,1416,4,58,4.4,94.4,1.23,6.015582114,7.399166,5.5,15,15,75,51,68.00%,322,6.3,0,16,38,4.3,3.4,21.5,2,28,9,28
544,544,2008,Steven Jackson,STL,25,2004,24,253,1042,7,56,4.1,86.8,1.16,2.628591379,3.049166,12,12,11,62,40,64.50%,379,9.5,1,15,53,6.1,3.3,31.6,5,29,24,21
545,545,2007,Steven Jackson,STL,24,2004,24,237,1002,5,54,4.2,83.5,1.09,1.112385321,1.2125,0.6675,12,12,52,38,73.10%,271,7.1,1,13,37,5.2,3.2,22.6,5,28,21,27
546,546,2006,Steven Jackson,STL,23,2004,24,346,1528,13,59,4.4,95.5,1.02,1.718137255,1.7525,0.5025,16,16,110,90,81.80%,806,9,3,32,64,7.3,5.6,50.4,4,8,10,19
547,547,2005,Steven Jackson,STL,22,2004,24,254,1046,8,51,4.1,69.7,0.855,1.856725146,1.5875,2.2875,15,15,55,43,78.20%,320,7.4,2,13,27,5.8,2.9,21.3,3,23,13,30
548,548,2004,Steven Jackson,STL,21,2004,24,134,673,4,48,5,48.1,0.80582,1.327839964,1.07,2.71,14,3,24,19,79.20%,189,9.9,0,6,28,7.9,1.4,13.5,1,10,15,7
549,549,2019,T.J. Yeldon,BUF,26,2015,36,17,63,0,12,3.7,10.5,1.882,0.690754516,1.3,1.55,6,0,15,13,86.70%,124,9.5,0,6,23,8.3,2.2,20.7,1,15,17,28
550,550,2018,T.J. Yeldon,JAX,25,2015,36,104,414,1,20,4,29.6,1.772,1.061882619,1.881656,1.241424,14,5,78,55,70.50%,487,8.9,4,20,37,6.2,3.9,34.8,1,21,32,19
551,551,2017,T.J. Yeldon,JAX,24,2015,36,49,253,2,58,5.2,25.3,1.67,0.965777246,1.612848,0.972616,10,0,41,30,73.20%,224,7.5,0,14,20,5.5,3,22.4,2,13,9,10
552,552,2016,T.J. Yeldon,JAX,23,2015,36,130,465,1,16,3.6,31,1.5527,0.865614736,1.34404,0.703808,15,13,68,50,73.50%,312,6.2,1,16,17,4.6,3.3,20.8,2,27,26,18
553,553,2015,T.J. Yeldon,JAX,22,2015,36,182,740,2,45,4.1,61.7,1.4328,0.750441094,1.075232,2.995928,12,12,46,36,78.30%,279,7.8,1,15,67,6.1,3,23.3,0,16,25,21
554,554,2020,Tarik Cohen,CHI,25,2017,119,14,74,0,17,5.3,24.7,1.982,1.534454591,3.041289,8.133,3,0,9,6,66.70%,41,6.8,0,1,20,4.6,2,13.7,0,25,14,29
555,555,2019,Tarik Cohen,CHI,24,2017,119,64,213,0,19,3.3,13.3,1.882,0.426827311,0.803289,0.645,16,11,104,79,76.00%,456,5.8,3,18,31,4.4,4.9,28.5,3,29,30,16
556,556,2018,Tarik Cohen,CHI,23,2017,119,99,444,3,32,4.5,27.8,1.772,0.402533296,0.713289,0.555,16,7,91,71,78.00%,725,10.2,5,30,70,8,4.4,45.3,7,28,28,22
557,557,2017,Tarik Cohen,CHI,22,2017,119,87,370,2,46,4.3,23.1,1.67,0.373226946,0.623289,1.098156,16,4,71,53,74.60%,353,6.7,1,9,70,5,3.3,22.1,3,28,15,28
558,558,2020,Tevin Coleman,SFO,27,2015,73,18,30,0,10,1.7,15,1.982,2.45648335,4.86875,4.9,3,1,4,3,75.00%,34,11.3,0,2,18,8.5,1,11.3,0,22,17,31
559,559,2019,Tevin Coleman,SFO,26,2015,73,137,544,6,48,4,38.9,1.882,1.912858661,3.6,3.56875,14,11,30,21,70.00%,180,8.6,1,9,37,6,1.5,12.9,0,8,5,20
560,560,2018,Tevin Coleman,ATL,25,2015,73,167,800,4,65,4.8,50,1.772,0.551884312,0.977939,0.791628,16,14,44,32,72.70%,276,8.6,5,15,39,6.3,2,17.3,2,24,14,31
561,561,2017,Tevin Coleman,ATL,24,2015,73,156,628,5,52,4,41.9,1.67,0.518749102,0.866311,0.68,15,3,39,27,69.20%,299,11.1,3,13,39,7.7,1.8,19.9,1,8,7,20
562,562,2016,Tevin Coleman,ATL,23,2015,73,118,520,8,55,4.4,40,1.5527,0.485483996,0.753811,0.5675,13,0,40,31,77.50%,421,13.6,3,16,49,10.5,2.4,32.4,1,10,7,23
563,563,2015,Tevin Coleman,ATL,22,2015,73,87,392,1,46,4.5,32.7,1.4328,0.433634143,0.621311,1.180244,12,3,11,2,18.20%,14,7,0,0,10,1.3,0.2,1.2,3,15,14,22
564,564,2018,Theo Riddick,DET,27,2013,199,40,171,0,19,4.3,12.2,1.772,2.33493228,4.1375,3.1625,14,3,74,61,82.40%,384,6.3,0,16,20,5.2,4.4,27.4,0,20,25,27
565,565,2017,Theo Riddick,DET,26,2013,199,84,286,3,21,3.4,17.9,1.67,1.437125749,2.4,1.475,16,5,71,53,74.60%,444,8.4,2,20,63,6.3,3.3,27.8,1,32,31,31
566,566,2016,Theo Riddick,DET,25,2013,199,92,357,1,42,3.9,35.7,1.5527,1.149771366,1.78525,4.65,10,8,67,53,79.10%,371,7,5,20,23,5.5,5.3,37.1,0,31,29,29
567,567,2015,Theo Riddick,DET,24,2013,199,43,133,0,16,3.1,8.3,1.4328,0.424169458,0.60775,0.585,16,1,99,80,80.80%,697,8.7,3,32,34,7,5,43.6,1,22,27,29
568,568,2014,Theo Riddick,DET,23,2013,199,20,51,0,9,2.6,3.6,1.33,0.389285714,0.51775,0.495,14,2,50,34,68.00%,316,9.3,4,14,41,6.3,2.4,22.6,0,21,28,30
569,569,2013,Theo Riddick,DET,22,2013,199,9,25,1,7,2.8,1.8,1.23,0.347764228,0.42775,0.496,14,0,8,4,50.00%,26,6.5,0,1,8,3.3,0.3,1.9,0,13,12,12
570,570,2017,Thomas Rawls,SEA,24,2015,257,58,157,0,23,2.7,13.1,1.67,0.371257485,0.62,0.615,12,3,13,9,69.20%,94,10.4,0,4,22,7.2,0.8,7.8,1,31,32,32
571,571,2016,Thomas Rawls,SEA,23,2015,257,109,349,3,45,3.2,38.8,1.5527,0.34134089,0.53,0.525,9,7,17,13,76.50%,96,7.4,0,4,20,5.6,1.4,10.7,0,26,25,30
572,572,2015,Thomas Rawls,SEA,22,2015,257,147,830,4,69,5.6,63.8,1.4328,0.292680765,0.419353,0.429353,13,7,11,9,81.80%,76,8.4,1,2,31,6.9,0.7,5.8,1,4,7,5
573,573,2016,Tim Hightower,NOR,30,2008,257,133,548,4,30,4.1,34.3,1.5527,0.540993109,0.84,0.84,16,1,26,22,84.60%,200,9.1,1,11,50,7.7,1.4,12.5,0,1,9,2
574,574,2015,Tim Hightower,NOR,29,2008,257,96,375,4,26,3.9,46.9,1.4328,0.216154383,0.309706,0.394412,8,3,13,12,92.30%,129,10.8,0,7,27,9.9,1.5,16.1,0,13,18,14
575,575,2020,Todd Gurley,ATL,26,2015,10,122,485,7,35,4,69.3,1.982,2.774974773,5.5,5.5,10,10,24,16,66.70%,82,5.1,0,3,14,3.4,1.6,8.2,2,26,29,16
576,576,2019,Todd Gurley,LAR,25,2015,10,223,857,12,25,3.8,57.1,1.882,4.888416578,9.2,5,15,15,49,31,63.30%,207,6.7,2,8,23,4.2,2.1,13.8,3,19,26,26
577,577,2018,Todd Gurley,LAR,24,2015,10,256,1251,17,36,4.9,89.4,1.772,4.079179458,7.228306,21.95,14,14,81,59,72.80%,580,9.8,4,27,56,7.2,4.2,41.4,1,1,1,2
578,578,2017,Todd Gurley,LAR,23,2015,10,279,1305,13,57,4.7,87,1.67,2.25745988,3.769958,1.691652,15,15,87,64,73.60%,788,12.3,6,32,80,9.1,4.3,52.5,5,3,3,23
579,579,2016,Todd Gurley,LAR,22,2015,10,278,885,6,24,3.2,55.3,1.5527,2.023334836,3.141632,1.063326,16,16,58,43,74.10%,327,7.6,0,16,33,5.6,2.7,20.4,2,29,31,28
580,580,2015,Todd Gurley,STL,21,2015,10,229,1106,10,71,4.8,85.1,1.4328,1.754121999,2.513306,8.748224,13,12,26,21,80.80%,188,9,0,9,31,7.2,1.6,14.5,3,24,11,28
581,581,2020,Tony Pollard,DAL,23,2019,128,31,109,1,13,3.5,15.6,1.982,0.425117053,0.842582,0.675,11,1,21,15,71.40%,88,5.9,0,5,18,4.2,1.4,8,0,12,21,23
582,582,2019,Tony Pollard,DAL,22,2019,128,86,455,2,44,5.3,30.3,1.882,0.352062699,0.662582,1.165328,15,0,20,15,75.00%,107,7.1,1,4,21,5.4,1,7.1,1,2,6,1
583,583,2015,Tre Mason,STL,22,2014,75,75,207,1,15,2.8,15.9,1.4328,0.481162758,0.68941,0.530035,13,3,25,18,72.00%,88,4.9,0,5,16,3.5,1.4,6.8,3,24,11,28
584,584,2014,Tre Mason,STL,21,2014,75,179,765,4,89,4.3,63.8,1.33,0.435620301,0.579375,1.0575,12,9,26,16,61.50%,148,9.3,1,8,35,5.7,1.3,12.3,2,18,17,29
586,586,2017,Ty Montgomery,GNB,24,2015,94,71,273,3,37,3.8,34.1,1.67,0.472237126,0.788636,0.637,8,5,31,23,74.20%,173,7.5,1,8,23,5.6,2.9,21.6,0,5,13,2
587,587,2016,Ty Montgomery,GNB,23,2015,94,77,457,3,61,5.9,30.5,1.5527,0.446567914,0.693386,0.54175,15,6,56,44,78.60%,348,7.9,0,20,24,6.2,2.9,23.2,2,19,12,17
588,588,2013,Vick Ballard,IND,23,2012,170,13,63,0,12,4.8,63,1.23,0.284188618,0.349552,0.313412,1,1,2,1,50.00%,-5,-5,0,0,-5,-2.5,1,-5,0,15,20,10
589,589,2012,Vick Ballard,IND,22,2012,170,211,814,2,26,3.9,50.9,1.206,0.353349917,0.42614,0.53456,16,12,27,17,63.00%,152,8.9,1,7,19,5.6,1.1,9.5,3,26,27,30
590,590,2013,Vonta Leach,BAL,32,2004,257,11,23,0,6,2.1,1.4,1.23,1.195121951,1.47,2,16,7,20,11,55.00%,47,4.3,1,3,12,2.4,0.7,2.9,1,32,32,32
591,591,2020,Wayne Gallman,NYG,26,2017,140,25,110,1,26,4.4,18.3,1.982,0.469178607,0.929912,0.825,10,5,21,16,76.20%,72,4.5,0,3,18,3.4,1.6,7.2,0,21,24,14
592,592,2019,Wayne Gallman,NYG,25,2017,140,29,110,2,22,3.8,11,1.882,0.398465462,0.749912,0.645,10,2,15,11,73.30%,102,9.3,1,4,21,6.8,1.1,10.2,1,25,18,19
593,593,2018,Wayne Gallman,NYG,24,2017,140,51,176,1,9,3.5,11.7,1.772,0.372410835,0.659912,0.555,15,1,22,14,63.60%,89,6.4,0,5,21,4,0.9,5.9,2,29,7,24
594,594,2017,Wayne Gallman,NYG,23,2017,140,111,476,0,24,4.3,36.6,1.67,0.341264671,0.569912,0.884648,13,1,48,34,70.80%,193,5.7,1,8,11,4,2.6,14.8,3,15,18,6
595,595,2019,Wendell Smallwood,WAS,25,2016,153,22,81,0,17,3.7,5.4,1.882,0.382571732,0.72,0.72,15,0,13,9,69.20%,64,7.1,0,4,18,4.9,0.6,4.3,0,18,15,17
596,596,2018,Wendell Smallwood,PHI,24,2016,153,87,364,3,15,4.2,22.8,1.772,0.390036682,0.691145,0.63,16,6,35,28,80.00%,230,8.2,2,11,36,6.6,1.8,14.4,2,19,24,26
597,597,2017,Wendell Smallwood,PHI,23,2016,153,47,174,1,26,3.7,21.8,1.67,0.359967066,0.601145,0.54,8,3,18,13,72.20%,103,7.9,0,6,24,5.7,1.6,12.9,0,22,4,21
598,598,2016,Wendell Smallwood,PHI,22,2016,153,77,312,1,19,4.1,24,1.5527,0.329197527,0.511145,0.69458,13,3,13,6,46.20%,55,9.2,0,1,18,4.2,0.5,4.2,1,13,13,12
599,599,2013,Willis McGahee,CLE,32,2004,23,138,377,2,16,2.7,31.4,1.23,0.398134959,0.489706,0.829412,12,6,11,8,72.70%,20,2.5,0,0,9,1.8,0.7,1.7,1,18,29,18
600,600,2015,Zac Stacy,NYJ,24,2013,160,31,89,1,18,2.9,11.1,1.4328,0.408291457,0.585,0.585,8,0,12,9,75.00%,65,7.2,0,4,16,5.4,1.1,8.1,0,26,15,26
601,601,2014,Zac Stacy,STL,23,2013,160,76,293,1,16,3.9,22.5,1.33,0.405357143,0.539125,0.495,13,5,23,18,78.30%,152,8.4,0,9,17,6.6,1.4,11.7,2,18,17,29
602,602,2013,Zac Stacy,STL,22,2013,160,250,973,7,40,3.9,69.5,1.23,0.365142276,0.449125,0.5815,14,12,35,26,74.30%,141,5.4,1,8,25,4,1.9,10.1,1,12,21,13
