,year,playername,team,age,attempts,yards_run,tds_run,longgain_run,yardsperatt,yardspergame_run,basesalarycap (10^8),Percenthit (%),caphit (M),cashspent (M),g,gs,tgt,rec,catchpercent,yards_rec,yardsperrec,tds_rec,firstdowns,longgain_rec,yardspertarget,recpergame,yardspergame_rec,fumbles
0,2020,Aaron Jones,GNB,26,75,389,5,75,5.2,77.8,1.982,1.100909182643794,2.182002,2.133,9,9,45.0,33,73.3%,261,7.9,2,12,30,5.8,3.7,29.0,2.0
1,2019,Aaron Jones,GNB,25,236,1084,16,56,4.6,67.8,1.882,0.36954675876726895,0.695487,0.645,16,16,68.0,49,72.1%,474,9.7,3,18,67,7.0,3.1,29.6,3.0
2,2018,Aaron Jones,GNB,24,133,728,8,67,5.5,60.7,1.7719999999999998,0.2930976297968397,0.519369,0.46888199999999997,12,8,35.0,26,74.3%,206,7.9,1,12,24,5.9,2.2,17.2,1.0
3,2017,Aaron Jones,GNB,23,81,448,4,46,5.5,37.3,1.67,0.3086748502994012,0.515487,0.666948,12,4,18.0,9,50.0%,22,2.4,0,2,9,1.2,0.8,1.8,0.0
4,2020,Adrian Peterson,DET,35,80,314,2,27,3.9,52.3,1.982,0.5297679112008072,1.05,1.05,11,8,16.0,11,68.8%,78,7.1,0,3,18,4.9,1.0,7.1,0.0
5,2019,Adrian Peterson,WAS,34,211,898,5,32,4.3,59.9,1.882,0.9458023379383635,1.78,2.53,15,15,23.0,17,73.9%,142,8.4,0,7,22,6.2,1.1,9.5,3.0
6,2018,Adrian Peterson,WAS,33,251,1042,7,90,4.2,65.1,1.7719999999999998,0.35553047404063204,0.63,1.015,16,16,26.0,20,76.9%,208,10.4,1,9,52,8.0,1.3,13.0,3.0
7,2017,Adrian Peterson,2TM,32,156,529,2,27,3.4,52.9,1.67,0.4226838323353293,0.705882,0.705882,10,7,19.0,11,57.9%,70,6.4,0,0,13,3.7,1.1,7.0,3.0
8,2016,Adrian Peterson,MIN,31,37,72,0,13,1.9,24.0,1.5527,7.728472982546532,12.0,12.0,3,3,6.0,3,50.0%,8,2.7,0,0,7,1.3,1.0,2.7,1.0
9,2015,Adrian Peterson,MIN,30,327,1485,11,80,4.5,92.8,1.4328,10.748185371300949,15.4,13.0,16,16,36.0,30,83.3%,222,7.4,0,9,49,6.2,1.9,13.9,7.0
10,2014,Adrian Peterson,MIN,29,21,75,0,17,3.6,75.0,1.33,9.268023308270676,12.326471000000002,9.926471000000001,1,1,3.0,2,66.7%,18,9.0,0,1,9,6.0,2.0,18.0,0.0
11,2013,Adrian Peterson,MIN,28,279,1266,10,78,4.5,90.4,1.23,11.300813008130081,13.9,11.5,14,14,40.0,29,72.5%,171,5.9,1,11,22,4.3,2.1,12.2,5.0
12,2012,Adrian Peterson,MIN,27,348,2097,12,82,6.0,131.1,1.206,10.534825870646767,12.705,8.0,16,16,51.0,40,78.4%,217,5.4,1,11,20,4.3,2.5,13.6,4.0
13,2011,Adrian Peterson,MIN,26,208,970,12,54,4.7,80.8,1.2,10.5875,12.705,20.25,12,12,24.0,18,75.0%,139,7.7,1,5,22,5.8,1.5,11.6,1.0
14,2009,Adrian Peterson,MIN,24,314,1383,18,64,4.4,86.4,1.23,2.284552845528456,2.81,0.755,16,15,57.0,43,75.4%,436,10.1,0,16,63,7.6,2.7,27.3,7.0
15,2008,Adrian Peterson,MIN,23,363,1760,10,67,4.8,110.0,1.16,2.0905172413793105,2.425,8.145,16,15,39.0,21,53.8%,125,6.0,0,4,16,3.2,1.3,7.8,9.0
16,2007,Adrian Peterson,MIN,22,238,1341,12,73,5.6,95.8,1.09,1.8715596330275237,2.04,6.99,14,9,28.0,19,67.9%,268,14.1,1,14,60,9.6,1.4,19.1,4.0
17,2015,Ahmad Bradshaw,IND,29,31,85,0,23,2.7,14.2,1.4328,0.2395554159687325,0.343235,0.487059,6,0,14.0,10,71.4%,64,6.4,3,5,10,4.6,1.7,10.7,0.0
18,2014,Ahmad Bradshaw,IND,28,90,425,2,29,4.7,42.5,1.33,0.36567894736842105,0.486353,0.702529,10,1,47.0,38,80.9%,300,7.9,6,20,22,6.4,3.8,30.0,3.0
19,2013,Ahmad Bradshaw,IND,27,41,186,2,27,4.5,62.0,1.23,1.5599593495934958,1.91875,1.471875,3,2,8.0,7,87.5%,42,6.0,0,3,14,5.3,2.3,14.0,0.0
20,2012,Ahmad Bradshaw,NYG,26,221,1015,6,37,4.6,72.5,1.206,3.731343283582088,4.5,3.25,14,12,31.0,23,74.2%,245,10.7,0,7,59,7.9,1.6,17.5,3.0
21,2011,Ahmad Bradshaw,NYG,25,171,659,9,37,3.9,54.9,1.2,2.291666666666666,2.75,6.5,12,9,44.0,34,77.3%,267,7.9,2,12,26,6.1,2.8,22.3,1.0
22,2009,Ahmad Bradshaw,NYG,23,163,778,7,38,4.8,51.9,1.23,0.3814479674796747,0.469181,0.46,15,1,30.0,21,70.0%,207,9.9,0,6,55,6.9,1.4,13.8,3.0
23,2008,Ahmad Bradshaw,NYG,22,67,355,1,77,5.3,23.7,1.16,0.3268801724137931,0.379181,0.37,15,0,6.0,5,83.3%,42,8.4,1,2,18,7.0,0.3,2.8,3.0
24,2007,Ahmad Bradshaw,NYG,21,23,190,1,88,8.3,15.8,1.09,0.2698908256880734,0.29418099999999997,0.321725,12,0,5.0,2,40.0%,12,6.0,0,1,11,2.4,0.2,1.0,2.0
25,2018,Alex Collins,BAL,24,114,411,7,19,3.6,41.1,1.7719999999999998,0.35553047404063204,0.63,0.63,10,10,21.0,15,71.4%,105,7.0,1,6,24,5.0,1.5,10.5,3.0
26,2017,Alex Collins,BAL,23,212,973,6,50,4.6,64.9,1.67,0.3043323353293413,0.508235,0.508235,15,12,36.0,23,63.9%,187,8.1,0,8,37,5.2,1.5,12.5,4.0
27,2016,Alex Collins,SEA,22,31,125,1,26,4.0,11.4,1.5527,0.319505377729117,0.496096,0.6343840000000001,11,0,11.0,11,100.0%,84,7.6,0,6,14,7.6,1.0,7.6,2.0
28,2020,Alexander Mattison,MIN,22,54,245,1,25,4.5,40.8,1.982,0.4442709384460141,0.880545,0.675,11,1,11.0,9,81.8%,61,6.8,0,3,14,5.5,0.8,5.5,0.0
29,2019,Alexander Mattison,MIN,21,100,462,1,35,4.6,35.5,1.882,0.3722343251859725,0.700545,1.31718,13,0,12.0,10,83.3%,82,8.2,0,3,17,6.8,0.8,6.3,1.0
30,2018,Alfred Blue,HOU,27,150,499,2,17,3.3,31.2,1.7719999999999998,0.40632054176072224,0.72,0.88,16,2,27.0,20,74.1%,154,7.7,0,4,28,5.7,1.3,9.6,0.0
31,2017,Alfred Blue,HOU,26,71,262,1,48,3.7,23.8,1.67,0.4308281437125749,0.719483,0.69,11,0,9.0,7,77.8%,54,7.7,0,4,14,6.0,0.6,4.9,0.0
32,2016,Alfred Blue,HOU,25,100,420,1,25,4.2,30.0,1.5527,0.4054118632060281,0.629483,0.6,14,2,16.0,12,75.0%,40,3.3,0,1,12,2.5,0.9,2.9,2.0
33,2015,Alfred Blue,HOU,24,183,698,2,41,3.8,43.6,1.4328,0.3765235901730877,0.539483,0.51,16,9,16.0,15,93.8%,109,7.3,1,2,21,6.8,0.9,6.8,2.0
34,2014,Alfred Blue,HOU,23,169,528,2,46,3.1,33.0,1.33,0.33795714285714284,0.44948299999999997,0.537932,16,3,18.0,15,83.3%,113,7.5,1,7,22,6.3,0.9,7.1,0.0
35,2020,Alvin Kamara,NOR,25,75,364,4,49,4.9,60.7,1.982,2.05660595358224,4.076193,15.833,11,6,83.0,68,81.9%,646,9.5,4,29,52,7.8,6.2,58.7,1.0
36,2019,Alvin Kamara,NOR,24,171,797,5,40,4.7,56.9,1.882,0.5582853347502658,1.050693,0.8075,14,9,97.0,81,83.5%,533,6.6,1,28,41,5.5,5.8,38.1,4.0
37,2018,Alvin Kamara,NOR,23,194,883,14,49,4.6,58.9,1.7719999999999998,0.495594243792325,0.878193,0.635,15,13,105.0,81,77.1%,709,8.8,4,37,42,6.8,5.4,47.3,1.0
38,2017,Alvin Kamara,NOR,22,120,728,8,74,6.1,45.5,1.67,0.42406766467065865,0.7081930000000001,1.4377719999999998,16,3,100.0,81,81.0%,826,10.2,5,38,40,8.3,5.1,51.6,1.0
39,2020,Ameer Abdullah,MIN,27,2,7,0,4,3.5,1.2,1.982,0.4477800201816347,0.8875,1.0475,11,0,2.0,2,100.0%,23,11.5,1,1,22,11.5,0.2,2.1,0.0
40,2019,Ameer Abdullah,MIN,26,23,115,0,15,5.0,7.2,1.882,0.3905419766206164,0.735,0.81,16,0,21.0,15,71.4%,88,5.9,1,5,16,4.2,0.9,5.5,1.0
41,2017,Ameer Abdullah,DET,24,165,552,4,34,3.3,39.4,1.67,0.6787359281437126,1.133489,0.81283,14,11,35.0,25,71.4%,162,6.5,1,13,22,4.6,1.8,11.6,2.0
42,2016,Ameer Abdullah,DET,23,18,101,0,24,5.6,50.5,1.5527,0.608342886584659,0.944574,0.623915,2,2,5.0,5,100.0%,57,11.4,1,4,18,11.4,2.5,28.5,0.0
43,2015,Ameer Abdullah,DET,22,143,597,2,36,4.2,37.3,1.4328,0.5274001954215523,0.755659,1.7176360000000002,16,9,38.0,25,65.8%,183,7.3,1,11,36,4.8,1.6,11.4,5.0
44,2013,Andre Brown,NYG,27,139,492,3,23,3.5,61.5,1.23,1.6447154471544716,2.023,2.023,8,8,29.0,20,69.0%,103,5.2,0,3,14,3.6,2.5,12.9,3.0
45,2012,Andre Brown,NYG,26,73,385,8,31,5.3,38.5,1.206,0.3424054726368159,0.412941,0.412941,10,2,17.0,12,70.6%,86,7.2,0,2,17,5.1,1.2,8.6,0.0
46,2017,Andre Ellington,2TM,28,20,55,1,14,2.8,4.6,1.67,0.16378982035928144,0.273529,0.273529,12,2,59.0,39,66.1%,369,9.5,0,0,29,6.3,3.3,30.8,0.0
47,2016,Andre Ellington,ARI,27,34,96,0,13,2.8,6.0,1.5527,1.092912990275005,1.696966,1.671,16,0,19.0,12,63.2%,85,7.1,0,5,16,4.5,0.8,5.3,0.0
48,2015,Andre Ellington,ARI,26,45,289,3,63,6.4,28.9,1.4328,0.4264140145170297,0.610966,0.585,10,2,24.0,15,62.5%,148,9.9,0,8,32,6.2,1.5,14.8,1.0
49,2014,Andre Ellington,ARI,25,201,660,3,22,3.3,55.0,1.33,0.3917037593984963,0.520966,0.495,12,12,64.0,46,71.9%,395,8.6,2,19,81,6.2,3.8,32.9,2.0
50,2013,Andre Ellington,ARI,24,118,652,3,80,5.5,43.5,1.23,0.3503788617886179,0.43096599999999996,0.508864,15,1,57.0,39,68.4%,371,9.5,1,21,38,6.5,2.6,24.7,1.0
51,2014,Andre Williams,NYG,22,217,721,7,50,3.3,45.1,1.33,0.4010526315789474,0.5334,0.8736,16,7,37.0,18,48.6%,130,7.2,0,6,24,3.5,1.1,8.1,1.0
52,2015,Antonio Andrews,TEN,23,143,520,3,38,3.6,37.1,1.4328,0.3559463986599665,0.51,0.51,14,10,29.0,21,72.4%,174,8.3,0,8,23,6.0,1.5,12.4,1.0
53,2020,Austin Ekeler,LAC,25,49,248,1,13,5.1,62.0,1.982,2.5227043390514634,5.0,9.5,5,5,33.0,28,84.8%,229,8.2,0,10,28,6.9,5.6,45.8,0.0
54,2019,Austin Ekeler,LAC,24,132,557,3,35,4.2,34.8,1.882,0.3436068012752391,0.646668,0.645,16,8,108.0,92,85.2%,993,10.8,8,42,84,9.2,5.8,62.1,3.0
55,2018,Austin Ekeler,LAC,23,106,554,3,41,5.2,39.6,1.7719999999999998,0.3141455981941309,0.556666,0.555,14,3,53.0,39,73.6%,404,10.4,3,19,44,7.6,2.8,28.9,1.0
56,2017,Austin Ekeler,LAC,22,47,260,2,35,5.5,16.3,1.67,0.2794407185628742,0.46666599999999997,0.47,16,0,35.0,27,77.1%,279,10.3,3,12,38,8.0,1.7,17.4,2.0
57,2013,Ben Tate,HOU,25,181,771,4,60,4.3,55.1,1.23,0.7310975609756099,0.89925,0.63,14,7,49.0,34,69.4%,140,4.1,0,2,10,2.9,2.4,10.0,5.0
58,2012,Ben Tate,HOU,24,65,279,2,25,4.3,25.4,1.206,0.6295605306799337,0.75925,0.49,11,0,11.0,11,100.0%,49,4.5,0,2,11,4.5,1.0,4.5,1.0
59,2011,Ben Tate,HOU,23,175,942,4,56,5.4,62.8,1.2,0.561875,0.67425,0.405,15,2,19.0,13,68.4%,98,7.5,0,4,14,5.2,0.9,6.5,4.0
60,2013,BenJarvus Green-Ellis,CIN,28,220,756,7,25,3.4,47.3,1.23,2.642276422764228,3.25,2.5,16,16,8.0,4,50.0%,22,5.5,0,1,10,2.8,0.3,1.4,2.0
61,2012,BenJarvus Green-Ellis,CIN,27,278,1094,6,48,3.9,72.9,1.206,2.487562189054726,3.0,4.25,15,15,30.0,22,73.3%,104,4.7,0,4,13,3.5,1.5,6.9,3.0
62,2011,BenJarvus Green-Ellis,NWE,26,181,667,11,18,3.7,41.7,1.2,1.5291666666666668,1.835,1.835,16,6,13.0,9,69.2%,159,17.7,0,7,53,12.2,0.6,9.9,0.0
63,2009,BenJarvus Green-Ellis,NWE,24,26,114,0,29,4.4,9.5,1.23,0.3130081300813008,0.385,0.385,12,0,5.0,2,40.0%,11,5.5,0,0,6,2.2,0.2,0.9,0.0
64,2008,BenJarvus Green-Ellis,NWE,23,74,275,5,15,3.7,30.6,1.16,0.17951293103448274,0.208235,0.208235,9,3,6.0,3,50.0%,37,12.3,0,2,20,6.2,0.3,4.1,0.0
65,2015,Bernard Pierce,JAX,24,6,11,0,4,1.8,1.6,1.4328,0.4606365159128978,0.66,0.66,7,0,5.0,3,60.0%,7,2.3,0,0,6,1.4,0.4,1.0,0.0
66,2014,Bernard Pierce,BAL,23,93,366,2,28,3.9,28.2,1.33,0.5330721804511278,0.708986,0.57,13,2,6.0,2,33.3%,13,6.5,0,0,7,2.2,0.2,1.0,1.0
67,2013,Bernard Pierce,BAL,22,152,436,2,28,2.9,27.3,1.23,0.503240650406504,0.6189859999999999,0.48,16,1,25.0,20,80.0%,104,5.2,0,3,15,4.2,1.3,6.5,0.0
68,2012,Bernard Pierce,BAL,21,108,532,1,78,4.9,33.3,1.206,0.43862852404643454,0.528986,0.945944,16,0,11.0,7,63.6%,47,6.7,0,4,11,4.3,0.4,2.9,0.0
69,2018,Bilal Powell,NYJ,30,80,343,0,38,4.3,49.0,1.7719999999999998,2.755831828442437,4.883334,4.0,7,7,18.0,11,61.1%,110,10.0,1,3,28,6.1,1.6,15.7,2.0
70,2017,Bilal Powell,NYJ,29,178,772,5,75,4.3,51.5,1.67,2.7744508982035936,4.633333,3.75,15,10,33.0,23,69.7%,170,7.4,0,9,31,5.2,1.5,11.3,1.0
71,2016,Bilal Powell,NYJ,28,131,722,3,35,5.5,45.1,1.5527,1.1163347716880272,1.7333330000000002,3.5,16,4,74.0,58,78.4%,388,6.7,2,21,22,5.2,3.6,24.3,1.0
72,2015,Bilal Powell,NYJ,27,70,313,1,24,4.5,28.5,1.4328,1.3958682300390843,2.0,2.0,11,2,63.0,47,74.6%,388,8.3,2,21,25,6.2,4.3,35.3,2.0
73,2014,Bilal Powell,NYJ,26,33,141,1,15,4.3,9.4,1.33,1.1512218045112783,1.531125,1.431,15,1,15.0,11,73.3%,92,8.4,0,5,20,6.1,0.7,6.1,0.0
74,2013,Bilal Powell,NYJ,25,176,697,1,39,4.0,43.6,1.23,0.5326219512195122,0.655125,0.555,16,11,57.0,36,63.2%,272,7.6,0,15,36,4.8,2.3,17.0,1.0
75,2012,Bilal Powell,NYJ,24,110,437,4,18,4.0,31.2,1.206,0.4685945273631841,0.565125,0.465,14,2,36.0,17,47.2%,140,8.2,0,9,16,3.9,1.2,10.0,0.0
76,2015,Bishop Sankey,TEN,23,47,193,1,16,4.1,14.8,1.4328,0.6096608040201005,0.8735219999999999,0.594704,13,3,22.0,14,63.6%,139,9.9,1,8,30,6.3,1.1,10.7,2.0
77,2014,Bishop Sankey,TEN,22,152,569,2,22,3.7,35.6,1.33,0.5254270676691729,0.698818,1.535272,16,9,23.0,18,78.3%,133,7.4,0,5,18,5.8,1.1,8.3,2.0
78,2016,Bobby Rainey,NYG,29,17,63,0,14,3.7,4.2,1.5527,0.4379468023443035,0.68,0.84,15,0,25.0,20,80.0%,153,7.7,0,7,24,6.1,1.3,10.2,1.0
79,2014,Bobby Rainey,TAM,27,94,406,1,31,4.3,27.1,1.33,0.4285714285714286,0.57,0.57,15,5,45.0,33,73.3%,315,9.5,1,13,34,7.0,2.2,21.0,3.0
80,2013,Bobby Rainey,2TM,26,150,566,5,80,3.8,37.7,1.23,0.2295552845528455,0.282353,0.282353,15,6,19.0,15,78.9%,46,3.1,1,0,15,2.4,1.0,3.1,1.0
81,2020,Boston Scott,PHI,25,33,113,0,13,3.4,16.1,1.982,0.3784056508577195,0.75,0.75,11,3,27.0,21,77.8%,180,8.6,1,7,18,6.7,1.9,16.4,1.0
82,2019,Boston Scott,PHI,24,61,245,5,25,4.0,22.3,1.882,0.21379011689691815,0.402353,0.402353,11,2,26.0,24,92.3%,204,8.5,0,10,39,7.8,2.2,18.5,4.0
83,2017,Branden Oliver,LAC,26,35,83,0,26,2.4,10.4,1.67,0.4790419161676647,0.8,0.8,8,0,11.0,6,54.5%,26,4.3,0,2,11,2.4,0.8,3.3,0.0
84,2015,Branden Oliver,SDG,24,31,108,0,15,3.5,13.5,1.4328,0.2905457844779453,0.41629399999999994,0.41629399999999994,8,1,15.0,13,86.7%,112,8.6,0,5,17,7.5,1.6,14.0,0.0
85,2014,Branden Oliver,SDG,23,160,582,3,52,3.6,41.6,1.33,0.3157894736842105,0.42,0.42,14,7,45.0,36,80.0%,271,7.5,1,11,50,6.0,2.6,19.4,0.0
86,2013,Brandon Jacobs,NYG,31,58,238,4,37,4.1,34.0,1.23,0.39067479674796746,0.48053,0.48053,7,1,7.0,2,28.6%,13,6.5,0,0,8,1.9,0.3,1.9,1.0
87,2018,C.J. Anderson,2TM,27,67,403,2,46,6.0,36.6,1.7719999999999998,0.052449774266365684,0.092941,0.092941,11,3,9.0,5,55.6%,41,8.2,1,2,24,4.6,0.5,3.7,0.0
88,2017,C.J. Anderson,DEN,26,245,1007,3,40,4.1,62.9,1.67,1.7964071856287425,3.0,3.0,16,16,40.0,28,70.0%,224,8.0,1,7,25,5.6,1.8,14.0,1.0
89,2016,C.J. Anderson,DEN,25,110,437,4,28,4.0,62.4,1.5527,3.8642364912732665,6.0,6.0,7,7,24.0,16,66.7%,128,8.0,1,6,25,5.3,2.3,18.3,0.0
90,2015,C.J. Anderson,DEN,24,152,720,5,48,4.7,48.0,1.4328,0.4112004466778336,0.589168,0.585,15,6,36.0,25,69.4%,183,7.3,0,6,27,5.1,1.7,12.2,2.0
91,2014,C.J. Anderson,DEN,23,179,849,8,27,4.7,56.6,1.33,0.3753127819548872,0.499166,0.495,15,7,44.0,34,77.3%,324,9.5,2,14,51,7.4,2.3,21.6,1.0
92,2015,C.J. Spiller,NOR,28,36,112,0,11,3.1,8.6,1.4328,1.3958682300390843,2.0,5.75,13,2,44.0,34,77.3%,239,7.0,2,13,80,5.4,2.6,18.4,1.0
93,2014,C.J. Spiller,BUF,27,78,300,0,53,3.8,33.3,1.33,4.4486210526315775,5.916666,3.74875,9,5,22.0,19,86.4%,125,6.6,1,7,25,5.7,2.1,13.9,3.0
94,2013,C.J. Spiller,BUF,26,202,933,2,77,4.6,62.2,1.23,3.023373983739837,3.71875,1.550834,15,10,41.0,33,80.5%,185,5.6,0,7,27,4.5,2.2,12.3,4.0
95,2012,C.J. Spiller,BUF,25,207,1244,6,62,6.0,77.8,1.206,2.9194303482587065,3.520833,1.352917,16,9,57.0,43,75.4%,459,10.7,2,20,66,8.1,2.7,28.7,3.0
96,2011,C.J. Spiller,BUF,24,107,561,4,38,5.2,35.1,1.2,7.208680000000001,8.650416,9.622919,16,11,54.0,39,72.2%,269,6.9,2,16,19,5.0,2.4,16.8,2.0
97,2020,Carlos Hyde,SEA,30,31,125,2,24,4.0,31.3,1.982,1.3874873864783048,2.75,2.75,6,1,13.0,10,76.9%,57,5.7,0,3,11,4.4,1.7,9.5,0.0
98,2019,Carlos Hyde,HOU,29,245,1070,6,58,4.4,66.9,1.882,1.0095642933049944,1.9,1.9,16,14,16.0,10,62.5%,42,4.2,0,2,14,2.6,0.6,2.6,4.0
99,2018,Carlos Hyde,2TM,28,172,571,5,22,3.3,40.8,1.7719999999999998,0.6888194130925508,1.220588,1.1955879999999999,14,7,16.0,10,62.5%,33,3.3,0,0,9,2.1,0.7,2.4,2.0
100,2017,Carlos Hyde,SFO,27,240,938,8,61,3.9,58.6,1.67,0.7014628742514971,1.171443,0.922047,16,16,88.0,59,67.0%,350,5.9,0,18,18,4.0,3.7,21.9,2.0
101,2016,Carlos Hyde,SFO,26,217,988,6,47,4.6,76.0,1.5527,0.6466761125780898,1.004094,0.754698,13,13,33.0,27,81.8%,163,6.0,3,7,19,4.9,2.1,12.5,5.0
102,2015,Carlos Hyde,SFO,25,115,470,3,22,4.1,67.1,1.4328,0.5839928810720268,0.8367450000000001,0.587349,7,7,15.0,11,73.3%,53,4.8,0,4,11,3.5,1.6,7.6,1.0
103,2014,Carlos Hyde,SFO,24,83,333,4,28,4.0,23.8,1.33,0.5033052631578948,0.669396,1.417584,14,0,16.0,12,75.0%,68,5.7,0,4,16,4.3,0.9,4.9,1.0
104,2020,Chase Edmonds,ARI,24,29,176,1,32,6.1,25.1,1.982,0.4354636730575177,0.863089,0.75,11,2,47.0,40,85.1%,311,7.8,3,18,30,6.6,3.6,28.3,2.0
105,2019,Chase Edmonds,ARI,23,60,303,4,37,5.1,23.3,1.882,0.3629590860786397,0.6830890000000001,0.57,13,2,21.0,12,57.1%,105,8.8,1,5,31,5.0,0.9,8.1,0.0
106,2018,Chase Edmonds,ARI,22,60,208,2,29,3.5,13.0,1.7719999999999998,0.33470033860045145,0.593089,0.932356,16,0,23.0,20,87.0%,103,5.2,0,5,13,4.5,1.3,6.4,1.0
107,2020,Chris Carson,SEA,26,66,323,3,29,4.9,53.8,1.982,1.0844021190716449,2.149285,2.133,7,7,27.0,24,88.9%,165,6.9,3,9,19,6.1,3.4,23.6,1.0
108,2019,Chris Carson,SEA,25,278,1230,7,59,4.4,82.0,1.882,0.35137353878852284,0.661285,0.645,15,15,47.0,37,78.7%,266,7.2,2,10,21,5.7,2.5,17.7,7.0
109,2018,Chris Carson,SEA,24,247,1151,9,61,4.7,82.2,1.7719999999999998,0.3223955981941309,0.571285,0.555,14,14,24.0,20,83.3%,163,8.2,0,7,27,6.8,1.4,11.6,3.0
110,2017,Chris Carson,SEA,23,49,208,0,30,4.2,52.0,1.67,0.23461916167664676,0.391814,0.440669,4,3,8.0,7,87.5%,59,8.4,1,3,10,7.4,1.8,14.8,0.0
111,2018,Chris Ivory,BUF,30,115,385,1,21,3.3,29.6,1.7719999999999998,1.3931997742663655,2.46875,3.15625,13,1,21.0,13,61.9%,205,15.8,0,7,55,9.8,1.0,15.8,1.0
112,2017,Chris Ivory,JAX,29,112,382,1,34,3.4,27.3,1.67,3.5928143712574854,6.0,5.0,14,3,28.0,21,75.0%,175,8.3,1,8,29,6.3,1.5,12.5,2.0
113,2016,Chris Ivory,JAX,28,117,439,3,42,3.8,39.9,1.5527,2.2541379532427386,3.5,7.5,11,1,28.0,20,71.4%,186,9.3,0,10,37,6.6,1.8,16.9,5.0
114,2015,Chris Ivory,NYJ,27,247,1070,7,58,4.3,71.3,1.4328,1.9193188163037411,2.75,2.0,15,14,37.0,30,81.1%,217,7.2,1,10,36,5.9,2.0,14.5,4.0
115,2014,Chris Ivory,NYJ,26,198,821,6,71,4.1,51.3,1.33,1.3157894736842104,1.75,1.0,16,10,27.0,18,66.7%,123,6.8,1,4,23,4.6,1.1,7.7,2.0
116,2013,Chris Ivory,NYJ,25,182,833,3,69,4.6,55.5,1.23,1.2195121951219512,1.5,3.0,15,6,7.0,2,28.6%,10,5.0,0,1,12,1.4,0.1,0.7,2.0
117,2012,Chris Ivory,NOR,24,40,217,2,56,5.4,36.2,1.206,0.509592039800995,0.614568,0.6192,6,2,3.0,2,66.7%,15,7.5,0,1,13,5.0,0.3,2.5,0.0
118,2013,Chris Ogbonnaya,CLE,27,49,240,0,43,4.9,15.0,1.23,0.6300813008130082,0.775,0.775,16,7,74.0,48,64.9%,343,7.1,2,15,17,4.6,3.0,21.4,2.0
119,2009,Clinton Portis,WAS,28,124,494,1,78,4.0,61.8,1.23,5.017140650406503,6.171083,1.245,8,8,12.0,9,75.0%,57,6.3,1,2,10,4.8,1.1,7.1,1.0
120,2008,Clinton Portis,WAS,27,342,1487,9,31,4.3,92.9,1.16,5.19920948275862,6.031083,10.4305,16,16,35.0,28,80.0%,218,7.8,0,11,29,6.2,1.8,13.6,3.0
121,2007,Clinton Portis,WAS,26,325,1262,11,32,3.9,78.9,1.09,3.6392963302752297,3.9668330000000003,4.5,16,16,60.0,47,78.3%,389,8.3,0,19,54,6.5,2.9,24.3,6.0
122,2006,Clinton Portis,WAS,25,127,523,7,38,4.1,65.4,1.02,3.1135617647058824,3.1758330000000004,3.585,8,7,26.0,17,65.4%,170,10.0,0,4,74,6.5,2.1,21.3,0.0
123,2005,Clinton Portis,WAS,24,352,1516,11,47,4.3,94.8,0.855,2.7904479532163737,2.3858330000000003,0.455,16,16,41.0,30,73.2%,216,7.2,0,13,23,5.3,1.9,13.5,3.0
124,2004,Clinton Portis,WAS,23,343,1315,5,64,3.8,87.7,0.80582,4.623654165942766,3.725833,13.38,15,15,57.0,40,70.2%,235,5.9,2,10,18,4.1,2.7,15.7,5.0
125,2003,Clinton Portis,DEN,22,290,1591,14,65,5.5,122.4,0.75007,0.8299225405628808,0.6225,0.3,13,13,51.0,38,74.5%,314,8.3,0,10,72,6.2,2.9,24.2,3.0
126,2002,Clinton Portis,DEN,21,273,1508,15,59,5.5,94.3,0.71101,0.7700313638345452,0.5475,1.515,16,12,49.0,33,67.3%,364,11.0,2,16,66,7.4,2.1,22.8,5.0
127,2020,Dalvin Cook,MIN,25,92,489,7,39,5.3,97.8,1.982,2.3291720484359235,4.6164190000000005,16.331360999999998,10,10,34.0,29,85.3%,255,8.8,1,12,50,7.5,2.9,25.5,4.0
128,2019,Dalvin Cook,MIN,24,250,1135,13,75,4.5,81.1,1.882,0.9206806588735388,1.732721,1.042574,14,14,63.0,53,84.1%,519,9.8,0,26,31,8.2,3.8,37.1,4.0
129,2018,Dalvin Cook,MIN,23,133,615,2,70,4.6,55.9,1.7719999999999998,0.8148611738148984,1.443934,0.753787,11,10,49.0,40,81.6%,305,7.6,2,15,27,6.2,3.6,27.7,2.0
130,2017,Dalvin Cook,MIN,22,74,354,2,33,4.8,88.5,1.67,0.6917047904191618,1.155147,3.225588,4,4,16.0,11,68.8%,90,8.2,0,3,36,5.6,2.8,22.5,1.0
131,2014,Daniel Thomas,MIA,27,44,168,2,15,3.8,14.0,1.33,0.4279082706766917,0.569118,0.569118,12,0,19.0,13,68.4%,121,9.3,0,8,25,6.4,1.1,10.1,1.0
132,2013,Daniel Thomas,MIA,26,109,406,4,55,3.7,27.1,1.23,0.7176032520325204,0.882652,0.6692170000000001,15,1,17.0,15,88.2%,63,4.2,2,6,16,3.7,1.0,4.2,0.0
133,2012,Daniel Thomas,MIA,25,91,325,4,20,3.6,27.1,1.206,0.6099038142620232,0.735544,0.522109,12,0,22.0,15,68.2%,156,10.4,0,5,32,7.1,1.3,13.0,3.0
134,2011,Daniel Thomas,MIA,24,165,581,0,28,3.5,44.7,1.2,0.4903625,0.588435,1.22874,13,2,16.0,12,75.0%,72,6.0,1,5,12,4.5,0.9,5.5,2.0
135,2020,Darrell Henderson,LAR,23,87,412,3,40,4.7,58.9,1.982,0.4841473259334007,0.9595799999999999,0.686916,11,9,20.0,13,65.0%,129,9.9,1,7,28,6.5,1.2,11.7,0.0
136,2019,Darrell Henderson,LAR,22,39,147,0,22,3.8,11.3,1.882,0.4078979808714135,0.767664,1.585656,13,0,6.0,4,66.7%,37,9.3,0,1,14,6.2,0.3,2.8,0.0
137,2016,Darren McFadden,DAL,29,24,87,0,24,3.6,29.0,1.5527,1.3846847427062536,2.15,1.34375,3,1,5.0,3,60.0%,17,5.7,0,1,11,3.4,1.0,5.7,0.0
138,2015,Darren McFadden,DAL,28,239,1089,3,50,4.6,68.1,1.4328,0.8026242322724735,1.15,1.55,16,10,53.0,40,75.5%,328,8.2,0,12,21,6.2,2.5,20.5,3.0
139,2014,Darren McFadden,OAK,27,155,534,2,25,3.4,33.4,1.33,1.3157894736842104,1.75,1.75,16,12,56.0,36,64.3%,212,5.9,0,8,23,3.8,2.3,13.3,1.0
140,2013,Darren McFadden,OAK,26,114,379,5,30,3.3,37.9,1.23,7.849661788617886,9.655084,5.82625,10,7,25.0,17,68.0%,108,6.4,0,4,16,4.3,1.7,10.8,1.0
141,2012,Darren McFadden,OAK,25,216,707,2,64,3.3,58.9,1.206,7.843145107794361,9.458833,5.63,12,12,63.0,42,66.7%,258,6.1,1,12,20,4.1,3.5,21.5,2.0
142,2011,Darren McFadden,OAK,24,113,614,4,70,5.4,87.7,1.2,9.061527499999999,10.873833,7.045,7,7,23.0,19,82.6%,154,8.1,1,7,26,6.7,2.7,22.0,1.0
143,2009,Darren McFadden,OAK,22,104,357,1,28,3.4,29.8,1.23,3.786991869918699,4.658,20.4175,12,7,36.0,21,58.3%,245,11.7,0,10,48,6.8,1.8,20.4,5.0
144,2008,Darren McFadden,OAK,21,113,499,4,50,4.4,38.4,1.16,2.2629310344827585,2.625,2.625,13,5,39.0,29,74.4%,285,9.8,0,13,27,7.3,2.2,21.9,3.0
145,2020,David Johnson,HOU,29,101,392,3,29,3.9,56.0,1.982,5.628784056508577,11.15625,11.25,8,8,25.0,16,64.0%,161,10.1,1,10,20,6.4,2.0,20.1,1.0
146,2019,David Johnson,ARI,28,94,345,2,18,3.7,26.5,1.882,5.180658873538788,9.75,6.65625,13,9,47.0,36,76.6%,370,10.3,4,17,31,7.9,2.8,28.5,1.0
147,2018,David Johnson,ARI,27,258,940,7,53,3.6,58.8,1.7719999999999998,2.845283860045147,5.041843,13.8825,16,16,76.0,50,65.8%,446,8.9,3,22,40,5.9,3.1,27.9,3.0
148,2017,David Johnson,ARI,26,11,23,0,6,2.1,23.0,1.67,0.4789479041916168,0.7998430000000001,0.64,1,1,9.0,6,66.7%,67,11.2,0,3,24,7.4,6.0,67.0,2.0
149,2016,David Johnson,ARI,25,293,1239,16,58,4.2,77.4,1.5527,0.4565228311972693,0.708843,0.5489999999999999,16,16,120.0,80,66.7%,879,11.0,4,42,58,7.3,5.0,54.9,5.0
150,2015,David Johnson,ARI,24,125,581,8,47,4.6,36.3,1.4328,0.4151612227805695,0.594843,1.0743719999999999,16,5,57.0,36,63.2%,457,12.7,4,21,55,8.0,2.3,28.6,4.0
151,2020,David Montgomery,CHI,23,96,353,1,23,3.7,50.4,1.982,0.4771347124117054,0.945681,0.684136,10,9,47.0,35,74.5%,252,7.2,2,14,28,5.4,3.5,25.2,1.0
152,2019,David Montgomery,CHI,22,242,889,6,55,3.7,55.6,1.882,0.4019899043570669,0.756545,1.54118,16,8,35.0,25,71.4%,185,7.4,1,7,30,5.3,1.6,11.6,2.0
153,2016,DeAngelo Williams,PIT,33,98,343,4,17,3.5,38.1,1.5527,1.6519611000193213,2.565,2.0,9,4,27.0,18,66.7%,118,6.6,2,6,20,4.4,2.0,13.1,0.0
154,2015,DeAngelo Williams,PIT,32,200,907,11,55,4.5,56.7,1.4328,1.0015354550530429,1.435,2.0,16,10,47.0,40,85.1%,367,9.2,0,15,34,7.8,2.5,22.9,4.0
155,2014,DeAngelo Williams,CAR,31,62,219,0,17,3.5,36.5,1.33,4.511278195488722,6.0,2.0,6,6,6.0,5,83.3%,44,8.8,0,2,30,7.3,0.8,7.3,1.0
156,2013,DeAngelo Williams,CAR,30,201,843,3,43,4.2,56.2,1.23,4.065040650406504,5.0,5.0,15,15,36.0,26,72.2%,333,12.8,1,10,72,9.3,1.7,22.2,3.0
157,2012,DeAngelo Williams,CAR,29,173,737,5,65,4.3,46.1,1.206,7.213930348258708,8.7,5.5,16,10,20.0,13,65.0%,187,14.4,2,5,53,9.4,0.8,11.7,2.0
158,2011,DeAngelo Williams,CAR,28,155,836,7,74,5.4,52.3,1.2,5.583333333333332,6.7,19.5,16,14,25.0,16,64.0%,135,8.4,0,6,32,5.4,1.0,8.4,0.0
159,2009,DeAngelo Williams,CAR,26,216,1117,7,77,5.2,85.9,1.23,1.3089430894308944,1.61,0.745,13,13,41.0,29,70.7%,252,8.7,0,14,30,6.1,2.2,19.4,3.0
160,2008,DeAngelo Williams,CAR,25,273,1515,18,69,5.5,94.7,1.16,1.9353448275862069,2.245,1.38,16,16,30.0,22,73.3%,121,5.5,2,8,25,4.0,1.4,7.6,0.0
161,2007,DeAngelo Williams,CAR,24,144,717,4,75,5.0,44.8,1.09,1.1238532110091743,1.225,3.82,16,0,38.0,23,60.5%,175,7.6,1,5,30,4.6,1.4,10.9,1.0
162,2006,DeAngelo Williams,CAR,23,121,501,1,31,4.1,38.5,1.02,0.96078431372549,0.98,0.98,13,2,36.0,33,91.7%,313,9.5,1,11,41,8.7,2.5,24.1,1.0
163,2017,DeMarco Murray,TEN,29,184,659,6,75,3.6,43.9,1.67,4.161676646706587,6.95,6.25,15,15,47.0,39,83.0%,266,6.8,1,11,18,5.7,2.6,17.7,1.0
164,2016,DeMarco Murray,TEN,28,293,1287,9,75,4.4,80.4,1.5527,3.8642364912732665,6.0,6.7,16,16,67.0,53,79.1%,377,7.1,3,20,35,5.6,3.3,23.6,3.0
165,2015,DeMarco Murray,PHI,27,193,702,6,54,3.6,46.8,1.4328,3.4896705750977115,5.0,9.0,15,8,55.0,44,80.0%,322,7.3,1,13,44,5.9,2.9,21.5,2.0
166,2014,DeMarco Murray,DAL,26,392,1845,13,51,4.7,115.3,1.33,1.20046992481203,1.596625,1.431,16,16,64.0,57,89.1%,416,7.3,0,17,34,6.5,3.6,26.0,6.0
167,2013,DeMarco Murray,DAL,25,217,1121,9,43,5.2,80.1,1.23,0.6592991869918698,0.810938,0.645313,14,14,66.0,53,80.3%,350,6.6,1,18,22,5.3,3.8,25.0,3.0
168,2012,DeMarco Murray,DAL,24,161,663,4,48,4.1,66.3,1.206,0.560349087893864,0.6757810000000001,0.510156,10,10,42.0,35,83.3%,251,7.2,0,11,22,6.0,3.5,25.1,3.0
169,2011,DeMarco Murray,DAL,23,164,897,2,91,5.5,69.0,1.2,0.4505208333333333,0.540625,1.0375,13,7,35.0,26,74.3%,183,7.0,0,9,18,5.2,2.0,14.1,1.0
170,2020,Devin Singletary,BUF,23,79,299,1,18,3.8,42.7,1.982,0.4712189707366297,0.9339559999999999,0.675,11,11,39.0,28,71.8%,207,7.4,0,6,34,5.3,2.5,18.8,1.0
171,2019,Devin Singletary,BUF,22,151,775,2,38,5.1,64.6,1.882,0.4006142401700319,0.7539560000000001,1.530824,12,8,41.0,29,70.7%,194,6.7,2,5,49,4.7,2.4,16.2,4.0
172,2020,Devontae Booker,LVR,28,20,126,0,43,6.3,21.0,1.982,0.4477800201816347,0.8875,1.0475,11,0,14.0,11,78.6%,64,5.8,0,1,17,4.6,1.0,5.8,1.0
173,2018,Devontae Booker,DEN,26,34,183,1,26,5.4,11.4,1.7719999999999998,0.4096207674943567,0.7258479999999999,0.63,16,0,51.0,38,74.5%,275,7.2,0,9,30,5.4,2.4,17.2,1.0
174,2017,Devontae Booker,DEN,25,79,299,1,26,3.8,23.0,1.67,0.3807473053892216,0.635848,0.54,13,0,38.0,30,78.9%,275,9.2,0,13,29,7.2,2.3,21.2,2.0
175,2016,Devontae Booker,DEN,24,174,612,4,18,3.5,38.3,1.5527,0.3515476267147549,0.545848,0.833392,16,6,45.0,31,68.9%,265,8.5,1,8,43,5.9,1.9,16.6,4.0
176,2015,Dexter McCluster,TEN,26,55,247,1,44,4.5,22.5,1.4328,2.3380792853154664,3.35,2.35,11,2,41.0,31,75.6%,260,8.4,1,12,35,6.3,2.8,23.6,2.0
177,2014,Dexter McCluster,TEN,25,40,131,0,16,3.3,9.4,1.33,1.5037593984962403,2.0,4.0,14,2,36.0,26,72.2%,197,7.6,1,10,25,5.5,1.9,14.1,1.0
178,2020,Dion Lewis,NYG,30,16,54,1,19,3.4,7.7,1.982,0.7820383451059534,1.55,1.55,11,0,27.0,17,63.0%,113,6.6,1,8,17,4.2,1.5,10.3,1.0
179,2018,Dion Lewis,TEN,28,155,517,1,36,3.3,32.3,1.7719999999999998,2.433690744920993,4.3125,6.0,16,7,67.0,59,88.1%,400,6.8,1,13,37,6.0,3.7,25.0,1.0
180,2017,Dion Lewis,NWE,27,180,896,6,44,5.0,56.0,1.67,0.8907185628742514,1.4875,1.4,16,8,35.0,32,91.4%,214,6.7,3,11,20,6.1,2.0,13.4,0.0
181,2016,Dion Lewis,NWE,26,64,283,0,15,4.4,40.4,1.5527,0.7003928640432795,1.0875,1.0,7,5,24.0,17,70.8%,94,5.5,0,4,16,3.9,2.4,13.4,1.0
182,2015,Dion Lewis,NWE,25,49,234,2,13,4.8,33.4,1.4328,0.4700383863763261,0.673471,1.0734709999999998,7,6,50.0,36,72.0%,388,10.8,2,17,40,7.8,5.1,55.4,2.0
183,2012,Dion Lewis,PHI,22,13,69,1,17,5.3,7.7,1.206,0.424726368159204,0.51222,0.465,9,0,2.0,2,100.0%,24,12.0,0,1,28,12.0,0.2,2.7,0.0
184,2015,Donald Brown,SDG,28,59,229,1,53,3.9,22.9,1.4328,1.6011432160804018,2.294118,2.294118,10,2,13.0,8,61.5%,88,11.0,0,2,31,6.8,0.8,8.8,1.0
185,2014,Donald Brown,SDG,27,85,223,0,16,2.6,17.2,1.33,1.3784458646616542,1.833333,4.0,13,3,41.0,29,70.7%,211,7.3,0,7,24,5.1,2.2,16.2,1.0
186,2013,Donald Brown,IND,26,102,537,6,51,5.3,33.6,1.23,2.2113821138211387,2.72,1.705,16,5,35.0,27,77.1%,214,7.9,2,10,33,6.1,1.7,13.4,1.0
187,2012,Donald Brown,IND,25,108,417,1,19,3.9,41.7,1.206,1.558872305140962,1.88,0.865,10,4,13.0,9,69.2%,93,10.3,0,2,39,7.2,0.9,9.3,0.0
188,2011,Donald Brown,IND,24,134,645,5,80,4.8,40.3,1.2,2.7125,3.255,2.24,16,2,19.0,16,84.2%,86,5.4,0,3,17,4.5,1.0,5.4,0.0
189,2009,Donald Brown,IND,22,78,281,3,45,3.6,25.5,1.23,0.951219512195122,1.17,1.97,11,1,14.0,11,78.6%,169,15.4,0,7,72,12.1,1.0,15.4,1.0
190,2020,Duke Johnson,HOU,27,18,54,0,10,3.0,10.8,1.982,2.0686175580221997,4.1,4.1,9,3,27.0,20,74.1%,172,8.6,1,6,33,6.4,2.2,19.1,2.0
191,2019,Duke Johnson,HOU,26,83,410,2,40,4.9,25.6,1.882,1.1689691817215728,2.2,2.2,16,2,62.0,44,71.0%,410,9.3,3,18,21,6.6,2.8,25.6,1.0
192,2018,Duke Johnson,CLE,25,40,201,0,23,5.0,12.6,1.7719999999999998,2.197812076749436,3.8945230000000004,5.9670000000000005,16,2,62.0,47,75.8%,429,9.1,3,25,32,6.9,2.9,26.8,1.0
193,2017,Duke Johnson,CLE,24,82,348,4,19,4.2,21.8,1.67,0.4970197604790419,0.830023,0.6525,16,0,93.0,74,79.6%,693,9.4,3,32,41,7.5,4.6,43.3,4.0
194,2016,Duke Johnson,CLE,23,73,358,1,22,4.9,22.4,1.5527,0.4717736845494944,0.7325229999999999,0.555,16,1,74.0,53,71.6%,514,9.7,0,24,32,6.9,3.3,32.1,2.0
195,2015,Duke Johnson,CLE,22,104,379,0,39,3.6,23.7,1.4328,0.4275006979341151,0.6125229999999999,1.145092,16,7,74.0,61,82.4%,534,8.8,2,24,52,7.2,3.8,33.4,1.0
196,2017,Eddie Lacy,SEA,27,69,179,0,19,2.6,19.9,1.67,2.133233532934132,3.5625,4.25,9,3,6.0,6,100.0%,47,7.8,0,2,14,7.8,0.7,5.2,0.0
197,2016,Eddie Lacy,GNB,26,71,360,0,31,5.1,72.0,1.5527,0.6951787209377215,1.079404,0.8676020000000001,5,5,7.0,4,57.1%,28,7.0,0,1,17,4.0,0.8,5.6,0.0
198,2015,Eddie Lacy,GNB,25,187,758,3,29,4.1,50.5,1.4328,0.6457307370184254,0.9252030000000001,0.7134010000000001,15,12,28.0,20,71.4%,188,9.4,2,7,28,6.7,1.3,12.5,4.0
199,2014,Eddie Lacy,GNB,24,246,1139,9,44,4.6,71.2,1.33,0.5797015037593986,0.771003,0.5592010000000001,16,16,55.0,42,76.4%,427,10.2,4,18,67,7.8,2.6,26.7,3.0
200,2013,Eddie Lacy,GNB,23,284,1178,11,60,4.1,78.5,1.23,0.5014650406504064,0.6168020000000001,1.252208,15,15,44.0,35,79.5%,257,7.3,0,12,34,5.8,2.3,17.1,1.0
201,2008,Edgerrin James,ARI,30,133,514,3,35,3.9,39.5,1.16,5.818965517241378,6.75,6.75,13,7,18.0,12,66.7%,85,7.1,0,4,16,4.7,0.9,6.5,2.0
202,2007,Edgerrin James,ARI,29,324,1222,7,27,3.8,76.4,1.09,6.422018348623854,7.0,7.0,16,16,39.0,24,61.5%,204,8.5,0,9,26,5.2,1.5,12.8,5.0
203,2006,Edgerrin James,ARI,28,337,1159,6,18,3.4,72.4,1.02,9.31372549019608,9.5,9.5,16,16,61.0,38,62.3%,217,5.7,0,10,14,3.6,2.4,13.6,3.0
204,2005,Edgerrin James,IND,27,360,1506,13,33,4.2,100.4,0.855,10.621052631578948,9.081,9.081,15,15,50.0,44,88.0%,337,7.7,1,22,20,6.7,2.9,22.5,2.0
205,2020,Ezekiel Elliott,DAL,25,113,458,5,24,4.1,65.4,1.982,5.4994954591321905,10.9,19.8,11,11,54.0,39,72.2%,256,6.6,2,15,19,4.7,3.5,23.3,6.0
206,2019,Ezekiel Elliott,DAL,24,301,1357,12,33,4.5,84.8,1.882,3.3685722635494164,6.339653,8.252137,16,16,71.0,54,76.1%,420,7.8,2,21,27,5.9,3.4,26.3,3.0
207,2018,Ezekiel Elliott,DAL,23,304,1434,6,41,4.7,95.6,1.7719999999999998,3.841012415349887,6.806274,2.7187580000000002,15,15,95.0,77,81.1%,567,7.4,3,24,38,6.0,5.1,37.8,6.0
208,2017,Ezekiel Elliott,DAL,22,242,983,7,30,4.1,98.3,1.67,3.0614982035928144,5.112702,1.0251860000000002,10,10,38.0,26,68.4%,269,10.3,2,6,72,7.1,2.6,26.9,1.0
209,2016,Ezekiel Elliott,DAL,21,322,1631,15,60,5.1,108.7,1.5527,2.9223391511560513,4.537516,16.800064000000003,15,15,39.0,32,82.1%,363,11.3,1,11,83,9.3,2.1,24.2,5.0
210,2013,Felix Jones,PIT,26,48,184,0,14,3.8,11.5,1.23,0.4776422764227642,0.5875,0.78,16,2,13.0,9,69.2%,63,7.0,0,2,15,4.8,0.6,3.9,1.0
211,2020,Frank Gore,NYJ,37,86,310,0,14,3.6,44.3,1.982,0.3784056508577195,0.75,1.05,11,10,16.0,13,81.3%,70,5.4,0,0,9,4.4,1.2,6.4,0.0
212,2019,Frank Gore,BUF,36,166,599,2,41,3.6,37.4,1.882,1.0626992561105209,2.0,2.0,16,8,16.0,13,81.3%,100,7.7,0,5,18,6.3,0.8,6.3,0.0
213,2018,Frank Gore,MIA,35,156,722,0,39,4.6,51.6,1.7719999999999998,0.623589164785553,1.105,1.105,14,14,16.0,12,75.0%,124,10.3,1,8,24,7.8,0.9,8.9,1.0
214,2017,Frank Gore,IND,34,261,961,3,21,3.7,60.1,1.67,2.0958083832335332,3.5,3.5,16,16,38.0,29,76.3%,245,8.4,1,9,26,6.4,1.8,15.3,3.0
215,2016,Frank Gore,IND,33,263,1025,4,22,3.9,64.1,1.5527,2.5761576608488443,4.0,4.0,16,16,47.0,38,80.9%,277,7.3,4,14,49,5.9,2.4,17.3,2.0
216,2015,Frank Gore,IND,32,260,967,6,37,3.7,60.4,1.4328,3.1407035175879394,4.5,4.5,16,16,58.0,34,58.6%,267,7.9,1,11,34,4.6,2.1,16.7,4.0
217,2014,Frank Gore,SFO,31,255,1106,4,52,4.3,69.1,1.33,4.849624060150376,6.45,6.45,16,16,19.0,11,57.9%,111,10.1,1,2,55,5.8,0.7,6.9,2.0
218,2013,Frank Gore,SFO,30,276,1128,9,51,4.1,70.5,1.23,5.243902439024391,6.45,6.45,16,16,27.0,16,59.3%,141,8.8,0,5,29,5.2,1.0,8.8,3.0
219,2012,Frank Gore,SFO,29,258,1214,8,37,4.7,75.9,1.206,4.975124378109453,6.0,5.6,16,16,36.0,28,77.8%,234,8.4,1,10,26,6.5,1.8,14.6,3.0
220,2011,Frank Gore,SFO,28,282,1211,8,55,4.3,75.7,1.2,5.944166666666665,7.132999999999999,5.0,16,15,31.0,17,54.8%,114,6.7,0,4,13,3.7,1.1,7.1,2.0
221,2009,Frank Gore,SFO,26,229,1120,10,80,4.9,80.0,1.23,5.011585365853659,6.16425,4.03125,14,14,75.0,52,69.3%,406,7.8,3,14,48,5.4,3.7,29.0,4.0
222,2008,Frank Gore,SFO,25,240,1036,6,41,4.3,74.0,1.16,4.1336206896551735,4.795,6.827000000000001,14,14,66.0,43,65.2%,373,8.7,2,13,26,5.7,3.1,26.6,6.0
223,2007,Frank Gore,SFO,24,260,1102,5,43,4.2,73.5,1.09,2.6310403669724773,2.867834,7.035,15,15,69.0,53,76.8%,436,8.2,1,20,23,6.3,3.5,29.1,4.0
224,2006,Frank Gore,SFO,23,312,1695,8,72,5.4,105.9,1.02,0.5390519607843138,0.549833,0.35,16,16,86.0,61,70.9%,485,8.0,1,23,39,5.6,3.8,30.3,6.0
225,2005,Frank Gore,SFO,22,127,608,3,72,4.8,43.4,0.855,0.5027286549707602,0.42983299999999997,0.8295,14,1,22.0,15,68.2%,131,8.7,0,4,47,6.0,1.1,9.4,2.0
226,2013,Frank Summers,BUF,28,12,46,1,16,3.8,3.1,1.23,0.3902439024390244,0.48,0.48,15,9,8.0,7,87.5%,79,11.3,1,5,34,9.9,0.5,5.3,0.0
227,2015,Fred Jackson,SEA,34,26,100,0,16,3.8,6.3,1.4328,0.628140703517588,0.9,0.9,16,0,41.0,32,78.0%,257,8.0,2,12,26,6.3,2.0,16.1,1.0
228,2014,Fred Jackson,BUF,33,141,525,2,38,3.7,37.5,1.33,2.8947368421052637,3.85,2.7,14,9,90.0,66,73.3%,501,7.6,1,26,34,5.6,4.7,35.8,5.0
229,2013,Fred Jackson,BUF,32,206,890,9,59,4.3,55.6,1.23,3.008130081300813,3.7,2.85,16,6,65.0,47,72.3%,387,8.2,1,17,37,6.0,2.9,24.2,3.0
230,2012,Fred Jackson,BUF,31,115,437,3,15,3.8,43.7,1.206,3.0514096185737976,3.68,5.405,10,8,42.0,34,81.0%,217,6.4,1,10,34,5.2,3.4,21.7,5.0
231,2011,Fred Jackson,BUF,30,170,934,6,80,5.5,93.4,1.2,1.8125,2.175,1.9,10,10,50.0,39,78.0%,442,11.3,0,15,49,8.8,3.9,44.2,2.0
232,2009,Fred Jackson,BUF,28,237,1062,2,43,4.5,66.4,1.23,1.1585365853658536,1.425,2.25,16,11,61.0,46,75.4%,371,8.1,2,22,21,6.1,2.9,23.2,4.0
233,2008,Fred Jackson,BUF,27,130,571,3,32,4.4,35.7,1.16,0.3189655172413793,0.37,0.37,16,3,45.0,37,82.2%,317,8.6,0,12,65,7.0,2.3,19.8,3.0
234,2007,Fred Jackson,BUF,26,58,300,0,27,5.2,37.5,1.09,0.2614678899082569,0.285,0.285,8,1,30.0,22,73.3%,190,8.6,0,8,54,6.3,2.8,23.8,0.0
235,2020,Giovani Bernard,CIN,29,25,81,1,11,3.2,11.6,1.982,2.404977800201816,4.766666000000001,4.1,11,5,44.0,34,77.3%,261,7.7,2,12,42,5.9,3.1,23.7,0.0
236,2019,Giovani Bernard,CIN,28,53,170,0,25,3.2,10.6,1.882,2.8250085015940485,5.316666000000001,5.9,16,2,43.0,30,69.8%,234,7.8,0,7,35,5.4,1.9,14.6,2.0
237,2018,Giovani Bernard,CIN,27,56,211,3,23,3.8,17.6,1.7719999999999998,2.39841986455982,4.25,3.45,12,4,48.0,35,72.9%,218,6.2,0,8,26,4.5,2.9,18.2,0.0
238,2017,Giovani Bernard,CIN,26,105,458,2,25,4.4,28.6,1.67,2.200598802395209,3.675,3.0,16,2,60.0,43,71.7%,389,9.0,2,17,61,6.5,2.7,24.3,0.0
239,2016,Giovani Bernard,CIN,25,91,337,2,17,3.7,33.7,1.5527,2.976439106073292,4.621517,6.321364,10,2,51.0,39,76.5%,336,8.6,1,16,32,6.6,3.9,33.6,1.0
240,2015,Giovani Bernard,CIN,24,154,730,2,28,4.7,45.6,1.4328,0.9999504466778336,1.4327290000000001,0.882576,16,1,66.0,49,74.2%,472,9.6,0,19,45,7.2,3.1,29.5,1.0
241,2014,Giovani Bernard,CIN,23,168,680,5,89,4.0,52.3,1.33,0.8976999999999999,1.193941,0.643788,13,9,59.0,43,72.9%,349,8.1,2,14,46,5.9,3.3,26.8,0.0
242,2013,Giovani Bernard,CIN,22,170,695,5,35,4.1,43.4,1.23,0.7765471544715449,0.955153,2.605612,16,0,71.0,56,78.9%,514,9.2,3,22,41,7.2,3.5,32.1,2.0
243,2018,Isaiah Crowell,NYJ,25,143,685,6,77,4.8,52.7,1.7719999999999998,1.1286681715575622,2.0,4.0,13,6,28.0,21,75.0%,152,7.2,0,7,21,5.4,1.6,11.7,0.0
244,2017,Isaiah Crowell,CLE,24,206,853,2,59,4.1,53.3,1.67,1.6443113772455091,2.7460000000000004,2.7460000000000004,16,16,42.0,28,66.7%,182,6.5,0,9,38,4.3,1.8,11.4,1.0
245,2016,Isaiah Crowell,CLE,23,198,952,7,85,4.8,59.5,1.5527,0.3885708765376441,0.603334,0.6,16,16,53.0,40,75.5%,319,8.0,0,14,44,6.0,2.5,19.9,2.0
246,2015,Isaiah Crowell,CLE,22,185,706,4,54,3.8,44.1,1.4328,0.35827261306532665,0.513333,0.51,16,9,22.0,19,86.4%,182,9.6,1,6,53,8.3,1.2,11.4,0.0
247,2014,Isaiah Crowell,CLE,21,148,607,8,35,4.1,37.9,1.33,0.3182954887218045,0.423333,0.43,16,4,14.0,9,64.3%,87,9.7,0,4,19,6.2,0.6,5.4,3.0
248,2017,Jamaal Charles,DEN,31,69,296,1,19,4.3,21.1,1.67,1.1695359281437123,1.953125,2.5,14,0,28.0,23,82.1%,129,5.6,0,6,20,4.6,1.6,9.2,2.0
249,2016,Jamaal Charles,KAN,30,12,40,1,17,3.3,13.3,1.5527,3.4214593933148705,5.3125,5.1875,3,0,3.0,2,66.7%,14,7.0,0,1,16,4.7,0.7,4.7,0.0
250,2015,Jamaal Charles,KAN,29,71,364,4,34,5.1,72.8,1.4328,5.563117671691793,7.970835000000001,6.0125,5,5,29.0,21,72.4%,177,8.4,1,10,26,6.1,4.2,35.4,2.0
251,2014,Jamaal Charles,KAN,28,206,1033,9,63,5.0,68.9,1.33,7.243107518796992,9.633333,8.3,15,15,59.0,40,67.8%,291,7.3,5,16,30,4.9,2.7,19.4,5.0
252,2013,Jamaal Charles,KAN,27,259,1287,12,46,5.0,85.8,1.23,3.523034959349593,4.3333330000000005,3.0,15,15,104.0,70,67.3%,693,9.9,7,32,71,6.7,4.7,46.2,4.0
253,2012,Jamaal Charles,KAN,26,285,1509,5,91,5.3,94.3,1.206,4.007738805970148,4.8333330000000005,3.5,16,15,49.0,35,71.4%,236,6.7,1,11,22,4.8,2.2,14.8,5.0
254,2011,Jamaal Charles,KAN,25,12,83,0,24,6.9,41.5,1.2,4.111110833333333,4.933333,3.6,2,1,6.0,5,83.3%,9,1.8,1,2,9,1.5,2.5,4.5,1.0
255,2009,Jamaal Charles,KAN,23,190,1120,7,76,5.9,74.7,1.23,0.475609756097561,0.585,0.385,15,10,55.0,40,72.7%,297,7.4,1,11,49,5.4,2.7,19.8,4.0
256,2008,Jamaal Charles,KAN,22,67,357,0,30,5.3,22.3,1.16,0.4267241379310345,0.495,0.895,16,2,39.0,27,69.2%,272,10.1,1,9,75,7.0,1.7,17.0,2.0
257,2020,Jamaal Williams,GNB,25,52,219,1,25,4.2,36.5,1.982,1.1475771947527749,2.274498,2.133,10,3,31.0,27,87.1%,212,7.9,1,10,29,6.8,2.7,21.2,0.0
258,2019,Jamaal Williams,GNB,24,107,460,1,45,4.3,32.9,1.882,0.4179054197662062,0.7864979999999999,0.645,14,2,45.0,39,86.7%,253,6.5,5,16,17,5.6,2.8,18.1,0.0
259,2018,Jamaal Williams,GNB,23,121,464,3,20,3.8,29.0,1.7719999999999998,0.39305756207674936,0.696498,0.555,16,8,41.0,27,65.9%,210,7.8,0,11,26,5.1,1.7,13.1,0.0
260,2017,Jamaal Williams,GNB,22,153,556,4,25,3.6,34.8,1.67,0.3631724550898204,0.606498,1.030992,16,7,34.0,25,73.5%,262,10.5,2,12,54,7.7,1.6,16.4,0.0
261,2020,James Conner,PIT,25,95,451,4,59,4.7,75.2,1.982,0.5053340060544904,1.001572,0.825,10,9,30.0,25,83.3%,145,5.8,0,7,18,4.8,2.5,14.5,1.0
262,2019,James Conner,PIT,24,116,464,4,25,4.0,46.4,1.882,0.44876301806588736,0.844572,0.6679999999999999,10,10,38.0,34,89.5%,251,7.4,3,14,26,6.6,3.4,25.1,1.0
263,2018,James Conner,PIT,23,215,973,12,30,4.5,74.8,1.7719999999999998,0.4258306997742665,0.754572,0.578,13,12,71.0,55,77.5%,497,9.0,1,20,29,7.0,4.2,38.2,4.0
264,2020,James Robinson,JAX,22,107,481,4,39,4.5,68.7,1.982,0.3086104944500505,0.6116659999999999,0.615,11,11,47.0,36,76.6%,280,7.8,2,12,28,6.0,3.3,25.5,2.0
265,2018,Jay Ajayi,PHI,25,45,184,3,20,4.1,46.0,1.7719999999999998,1.0761851015801354,1.9069999999999998,1.9069999999999998,4,3,6.0,5,83.3%,20,4.0,0,1,12,3.3,1.3,5.0,1.0
266,2017,Jay Ajayi,2TM,24,208,873,1,71,4.2,62.4,1.67,0.19496287425149697,0.325588,0.325588,14,8,34.0,24,70.6%,158,6.6,1,0,32,4.6,1.7,11.3,3.0
267,2016,Jay Ajayi,MIA,23,260,1272,8,62,4.9,84.8,1.5527,0.3736736008243704,0.580203,0.525,15,12,35.0,27,77.1%,151,5.6,0,8,15,4.3,1.8,10.1,4.0
268,2015,Jay Ajayi,MIA,22,49,187,1,24,3.8,20.8,1.4328,0.3037018425460637,0.435144,0.614518,9,0,11.0,7,63.6%,90,12.9,0,5,20,8.2,0.8,10.0,0.0
269,2020,Jeff Wilson,SFO,25,38,163,4,17,4.3,27.2,1.982,0.3784056508577195,0.75,0.75,7,1,7.0,6,85.7%,75,12.5,1,4,19,10.7,0.9,10.7,1.0
270,2019,Jeff Wilson,SFO,24,27,105,4,25,3.9,10.5,1.882,0.2850536663124336,0.536471,0.536471,10,0,5.0,3,60.0%,34,11.3,1,1,25,6.8,0.3,3.4,0.0
271,2018,Jeff Wilson,SFO,23,66,266,0,18,4.0,44.3,1.7719999999999998,0.09560496613995488,0.16941199999999998,0.16941199999999998,6,2,15.0,12,80.0%,98,8.2,0,5,24,6.5,2.0,16.3,3.0
272,2017,Jeremy Hill,CIN,25,37,116,0,13,3.1,16.6,1.67,0.7151664670658682,1.194328,0.9318549999999999,7,7,4.0,4,100.0%,16,4.0,0,1,10,4.0,0.6,2.3,1.0
273,2016,Jeremy Hill,CIN,24,222,839,9,74,3.8,55.9,1.5527,0.6593095897468925,1.0237100000000001,0.7612369999999999,15,13,27.0,21,77.8%,174,8.3,0,6,25,6.4,1.4,11.6,0.0
274,2015,Jeremy Hill,CIN,23,223,794,11,38,3.6,49.6,1.4328,0.5954013121161361,0.8530909999999999,0.590618,16,15,19.0,15,78.9%,79,5.3,1,6,14,4.2,0.9,4.9,3.0
275,2014,Jeremy Hill,CIN,22,222,1124,9,85,5.1,70.3,1.33,0.5131375939849624,0.682473,1.469892,16,8,32.0,27,84.4%,215,8.0,0,7,38,6.7,1.7,13.4,5.0
276,2020,Joe Mixon,CIN,24,119,428,3,34,3.6,71.3,1.982,1.9429556004036328,3.8509379999999998,11.325,6,6,26.0,21,80.8%,138,6.6,1,5,19,5.3,3.5,23.0,1.0
277,2019,Joe Mixon,CIN,23,278,1137,5,41,4.1,71.1,1.882,0.7898023379383634,1.486408,0.96047,16,15,45.0,35,77.8%,287,8.2,3,14,33,6.4,2.2,17.9,0.0
278,2017,Joe Mixon,CIN,21,178,626,4,25,3.5,44.7,1.67,0.5933760479041915,0.9909379999999999,2.568752,14,7,34.0,30,88.2%,287,9.6,0,10,67,8.4,2.1,20.5,3.0
279,2015,Joique Bell,DET,29,90,311,4,36,3.5,23.9,1.4328,2.442769402568397,3.5,2.5,13,5,27.0,22,81.5%,286,13.0,0,10,39,10.6,1.7,22.0,1.0
280,2014,Joique Bell,DET,28,223,860,7,57,3.9,57.3,1.33,1.7293233082706767,2.3,4.3,15,6,53.0,34,64.2%,322,9.5,1,14,28,6.1,2.3,21.5,5.0
281,2013,Joique Bell,DET,27,166,650,8,20,3.9,40.6,1.23,0.5121951219512195,0.63,0.63,16,4,69.0,53,76.8%,547,10.3,0,23,37,7.9,3.3,34.2,4.0
282,2012,Joique Bell,DET,26,82,414,3,67,5.0,25.9,1.206,0.4477611940298508,0.54,0.54,16,0,68.0,52,76.5%,485,9.3,0,29,50,7.1,3.3,30.3,2.0
283,2014,Jonathan Dwyer,ARI,25,16,51,1,20,3.2,25.5,1.33,0.4774436090225564,0.635,0.795,2,0,3.0,2,66.7%,8,4.0,0,0,5,2.7,1.0,4.0,0.0
284,2013,Jonathan Dwyer,PIT,24,49,197,0,30,4.0,13.1,1.23,0.4820658536585366,0.5929409999999999,0.5929409999999999,15,0,11.0,8,72.7%,64,8.0,0,3,23,5.8,0.5,4.3,0.0
285,2017,Jonathan Stewart,CAR,30,198,680,6,60,3.4,45.3,1.67,3.697604790419161,6.175,4.21875,15,10,15.0,8,53.3%,52,6.5,1,2,21,3.5,0.5,3.5,3.0
286,2016,Jonathan Stewart,CAR,29,218,824,9,47,3.8,63.4,1.5527,6.150576415276616,9.55,5.75,13,13,21.0,8,38.1%,60,7.5,0,1,25,2.9,0.6,4.6,3.0
287,2015,Jonathan Stewart,CAR,28,242,989,6,44,4.1,76.1,1.4328,5.7928531546622,8.3,4.5,13,13,21.0,16,76.2%,99,6.2,1,5,15,4.7,1.2,7.6,3.0
288,2014,Jonathan Stewart,CAR,27,175,809,3,69,4.6,62.2,1.33,3.4473684210526314,4.585,8.285,13,8,31.0,25,80.6%,181,7.2,1,7,22,5.8,1.9,13.9,3.0
289,2013,Jonathan Stewart,CAR,26,48,180,0,16,3.8,30.0,1.23,2.451219512195122,3.015,3.215,6,1,7.0,7,100.0%,44,6.3,0,3,16,6.3,1.2,7.3,1.0
290,2012,Jonathan Stewart,CAR,25,93,336,1,21,3.6,37.3,1.206,3.640479270315091,4.390418,9.81125,9,6,23.0,17,73.9%,157,9.2,1,5,30,6.8,1.9,17.4,2.0
291,2011,Jonathan Stewart,CAR,24,142,761,4,32,5.4,47.6,1.2,1.9284716666666668,2.314166,1.31,16,3,61.0,47,77.0%,413,8.8,1,18,26,6.8,2.9,25.8,1.0
292,2009,Jonathan Stewart,CAR,22,221,1133,10,67,5.1,70.8,1.23,2.3628048780487796,2.90625,6.29375,16,3,26.0,18,69.2%,139,7.7,1,7,19,5.3,1.1,8.7,3.0
293,2008,Jonathan Stewart,CAR,21,184,836,10,41,4.5,52.3,1.16,1.2887931034482758,1.495,1.895,16,0,17.0,8,47.1%,47,5.9,0,2,15,2.8,0.5,2.9,2.0
294,2020,Jonathan Taylor,IND,21,89,367,3,21,4.1,61.2,1.982,0.7182048435923309,1.423482,3.863928,10,8,27.0,26,96.3%,227,8.7,0,10,35,8.4,2.6,22.7,1.0
295,2018,Jordan Howard,CHI,24,250,935,9,42,3.7,58.4,1.7719999999999998,0.3905225733634311,0.692006,0.63,16,15,26.0,20,76.9%,145,7.3,0,7,18,5.6,1.3,9.1,2.0
296,2017,Jordan Howard,CHI,23,276,1122,9,53,4.1,70.1,1.67,0.3604826347305389,0.602006,0.54,16,16,32.0,23,71.9%,125,5.4,0,4,12,3.9,1.4,7.8,1.0
297,2016,Jordan Howard,CHI,22,252,1313,6,69,5.2,87.5,1.5527,0.3297520448251433,0.5120060000000001,0.698024,15,13,50.0,29,58.0%,298,10.3,1,12,34,6.0,1.9,19.9,2.0
298,2020,Josh Adams,NYJ,24,3,8,1,6,2.7,4.0,1.982,0.10809031281533804,0.21423499999999998,0.21423499999999998,3,0,2.0,2,100.0%,14,7.0,0,0,7,7.0,0.7,4.7,0.0
299,2018,Josh Adams,PHI,22,120,511,3,29,4.3,36.5,1.7719999999999998,0.23901185101580136,0.423529,0.423529,14,5,13.0,7,53.8%,58,8.3,0,3,13,4.5,0.5,4.1,1.0
300,2020,Josh Jacobs,LVR,22,116,394,5,16,3.4,65.7,1.982,1.3683834510595358,2.712136,1.037427,11,11,34.0,27,79.4%,175,6.5,0,5,29,5.1,2.5,15.9,2.0
301,2019,Josh Jacobs,OAK,21,242,1150,7,51,4.8,88.5,1.882,1.1528740701381508,2.169709,7.193836,13,13,27.0,20,74.1%,166,8.3,0,8,28,6.1,1.5,12.8,1.0
302,2016,Justin Forsett,3TM,31,87,291,1,64,3.3,32.3,1.5527,0.13411154762671473,0.208235,0.208235,9,6,27.0,20,74.1%,85,4.3,0,0,11,3.1,2.2,9.4,2.0
303,2015,Justin Forsett,BAL,30,151,641,2,33,4.2,64.1,1.4328,1.1166945840312676,1.6,3.0,10,10,41.0,31,75.6%,153,4.9,0,4,32,3.7,3.1,15.3,0.0
304,2014,Justin Forsett,BAL,29,235,1266,8,52,5.4,79.1,1.33,0.4285714285714286,0.57,0.73,16,14,59.0,44,74.6%,263,6.0,0,10,26,4.5,2.8,16.4,2.0
305,2013,Justin Forsett,JAX,28,6,31,0,10,5.2,3.4,1.23,0.853658536585366,1.05,1.15,9,0,16.0,15,93.8%,82,5.5,0,5,14,5.1,1.7,9.1,1.0
306,2012,Justin Forsett,HOU,27,63,374,1,81,5.9,23.4,1.206,0.4601990049751244,0.555,0.715,16,0,5.0,3,60.0%,38,12.7,0,2,18,7.6,0.2,2.4,0.0
307,2011,Justin Forsett,SEA,26,46,145,1,22,3.2,9.1,1.2,0.5,0.6,0.6,16,0,34.0,23,67.6%,128,5.6,0,6,18,3.8,1.4,8.0,0.0
308,2009,Justin Forsett,SEA,24,114,619,4,35,5.4,38.7,1.23,0.3130081300813008,0.385,0.385,16,2,57.0,41,71.9%,350,8.5,1,13,47,6.1,2.6,21.9,4.0
309,2019,Kalen Ballage,MIA,24,74,135,3,8,1.8,11.3,1.882,0.35900531349628045,0.6756479999999999,0.528353,12,6,24.0,14,58.3%,63,4.5,0,4,13,2.6,1.2,5.3,0.0
310,2018,Kalen Ballage,MIA,23,36,191,1,75,5.3,15.9,1.7719999999999998,0.3540039503386005,0.6272949999999999,1.06918,12,0,11.0,9,81.8%,56,6.2,0,2,31,5.1,0.8,4.7,1.0
311,2020,Kareem Hunt,CLE,25,101,463,3,33,4.6,66.1,1.982,2.022704339051463,4.0089999999999995,4.0089999999999995,11,4,32.0,22,68.8%,151,6.9,4,11,13,4.7,2.0,13.7,1.0
312,2019,Kareem Hunt,CLE,24,43,179,2,16,4.2,22.4,1.882,0.3567853347502657,0.67147,0.596471,8,3,44.0,37,84.1%,285,7.7,1,17,29,6.5,4.6,35.6,1.0
313,2018,Kareem Hunt,KAN,23,181,824,7,45,4.6,74.9,1.7719999999999998,0.0,0.0,0.0,11,11,35.0,26,74.3%,378,14.5,7,16,67,10.8,2.4,34.4,0.0
314,2017,Kareem Hunt,KAN,22,272,1327,8,69,4.9,82.9,1.67,0.39460359281437135,0.658988,1.240952,16,16,63.0,53,84.1%,455,8.6,3,17,78,7.2,3.3,28.4,1.0
315,2020,Kenyan Drake,ARI,26,119,512,4,69,4.3,73.1,1.982,4.280020181634711,8.482999999999999,8.482999999999999,10,8,20.0,15,75.0%,84,5.6,0,3,18,4.2,1.5,8.4,1.0
316,2019,Kenyan Drake,2TM,25,170,817,8,80,4.8,58.4,1.882,0.5696381509032944,1.072059,1.072059,14,10,68.0,50,73.5%,345,6.9,0,15,26,5.1,3.6,24.6,2.0
317,2018,Kenyan Drake,MIA,24,120,535,4,54,4.5,33.4,1.7719999999999998,0.5137217832957109,0.910315,0.705,16,7,73.0,53,72.6%,477,9.0,5,23,52,6.5,3.3,29.8,2.0
318,2017,Kenyan Drake,MIA,23,133,644,3,66,4.8,40.3,1.67,0.4792305389221557,0.800315,0.595,16,6,48.0,32,66.7%,239,7.5,1,7,47,5.0,2.0,14.9,2.0
319,2016,Kenyan Drake,MIA,22,33,179,2,45,5.4,11.2,1.5527,0.42204868937978995,0.655315,1.27126,16,1,10.0,9,90.0%,46,5.1,0,2,9,4.6,0.6,2.9,1.0
320,2020,Kerryon Johnson,DET,23,25,80,1,9,3.2,13.3,1.982,0.8949223007063573,1.773736,1.071246,11,2,19.0,14,73.7%,152,10.9,1,10,20,8.0,1.3,13.8,1.0
321,2019,Kerryon Johnson,DET,22,113,403,3,20,3.6,50.4,1.882,0.7853947927736451,1.478113,0.775623,8,7,15.0,10,66.7%,127,12.7,1,7,36,8.5,1.3,15.9,1.0
322,2018,Kerryon Johnson,DET,21,118,641,3,71,5.4,64.1,1.7719999999999998,0.6673194130925508,1.18249,3.2899599999999998,10,7,39.0,32,82.1%,213,6.7,1,11,24,5.5,3.2,21.3,1.0
323,2012,Kevin Smith,DET,26,37,134,1,19,3.6,11.2,1.206,0.4477611940298508,0.54,0.0,12,2,16.0,10,62.5%,79,7.9,1,6,13,4.9,0.8,6.6,0.0
324,2011,Kevin Smith,DET,25,72,356,4,43,4.9,50.9,1.2,0.17647333333333332,0.21176799999999998,0.21176799999999998,7,4,28.0,22,78.6%,179,8.1,3,9,28,6.4,3.1,25.6,1.0
325,2009,Kevin Smith,DET,23,217,747,4,31,3.4,57.5,1.23,0.489130081300813,0.60163,0.385,13,13,57.0,41,71.9%,415,10.1,1,16,63,7.3,3.2,31.9,3.0
326,2008,Kevin Smith,DET,22,238,976,8,50,4.1,61.0,1.16,0.44106034482758616,0.51163,0.944891,16,12,54.0,39,72.2%,286,7.3,0,9,27,5.3,2.4,17.9,2.0
327,2013,Knowshon Moreno,DEN,26,241,1038,10,31,4.3,64.9,1.23,2.7186016260162598,3.3438800000000004,1.7,16,15,74.0,60,81.1%,548,9.1,3,30,35,7.4,3.8,34.3,2.0
328,2012,Knowshon Moreno,DEN,25,138,525,4,20,3.8,65.6,1.206,2.0248756218905477,2.4419999999999997,0.855,8,6,26.0,21,80.8%,167,8.0,0,11,26,6.4,2.6,20.9,1.0
329,2011,Knowshon Moreno,DEN,24,37,179,0,24,4.8,25.6,1.2,2.1558333333333333,2.5869999999999997,1.0,7,2,15.0,11,73.3%,101,9.2,1,3,28,6.7,1.6,14.4,1.0
330,2009,Knowshon Moreno,DEN,22,247,947,7,36,3.8,59.2,1.23,1.4243902439024392,1.7519999999999998,5.08,16,9,41.0,28,68.3%,213,7.6,2,8,27,5.2,1.8,13.3,4.0
331,2011,LaDainian Tomlinson,NYJ,32,75,280,1,20,3.7,20.0,1.2,2.1875,2.625,2.625,14,1,61.0,42,68.9%,449,10.7,2,12,74,7.4,3.0,32.1,0.0
332,2009,LaDainian Tomlinson,SDG,30,223,730,12,36,3.3,52.1,1.23,6.131438211382114,7.541669000000001,6.725,14,14,30.0,20,66.7%,154,7.7,0,8,36,5.1,1.4,11.0,2.0
333,2008,LaDainian Tomlinson,SDG,29,292,1110,11,45,3.8,69.4,1.16,6.7385051724137925,7.816666000000001,5.75,16,16,77.0,52,67.5%,426,8.2,1,18,32,5.5,3.3,26.6,1.0
334,2007,LaDainian Tomlinson,SDG,28,315,1474,15,49,4.7,92.1,1.09,6.48317981651376,7.066666000000001,5.0,16,16,86.0,60,69.8%,475,7.9,3,20,36,5.5,3.8,29.7,0.0
335,2006,LaDainian Tomlinson,SDG,27,348,1815,28,85,5.2,113.4,1.02,6.192809803921568,6.316666000000001,4.25,16,16,80.0,56,70.0%,508,9.1,3,23,51,6.4,3.5,31.8,2.0
336,2005,LaDainian Tomlinson,SDG,26,339,1462,18,62,4.3,91.4,0.855,9.434697076023392,8.066666,5.0,16,16,77.0,51,66.2%,370,7.3,2,15,41,4.8,3.2,23.1,3.0
337,2004,LaDainian Tomlinson,SDG,25,339,1335,17,42,3.9,89.0,0.80582,8.273145367451788,6.666666,16.0,15,15,66.0,53,80.3%,441,8.3,1,16,74,6.7,3.5,29.4,6.0
338,2003,LaDainian Tomlinson,SDG,24,313,1645,13,73,5.3,102.8,0.75007,3.9996267015078586,3.0,1.5,16,16,137.0,100,73.0%,725,7.3,4,26,73,5.3,6.3,45.3,2.0
339,2002,LaDainian Tomlinson,SDG,23,372,1683,14,76,4.5,105.2,0.71101,4.5709624337210455,3.25,1.75,16,16,101.0,79,78.2%,489,6.2,1,21,30,4.8,4.9,30.6,3.0
340,2001,LaDainian Tomlinson,SDG,22,339,1236,10,54,3.6,77.3,0.67405,2.9671389362806915,2.0,7.0,16,16,74.0,59,79.7%,367,6.2,0,12,27,5.0,3.7,22.9,8.0
341,2013,LaRod Stephens-Howling,PIT,26,6,19,0,5,3.2,19.0,1.23,0.5040650406504066,0.62,0.78,1,0,3.0,2,66.7%,11,5.5,0,0,7,3.7,2.0,11.0,0.0
342,2018,Lamar Miller,HOU,27,210,973,5,97,4.6,69.5,1.7719999999999998,3.809255079006772,6.75,5.703125,14,14,35.0,25,71.4%,163,6.5,1,10,16,4.7,1.8,11.6,1.0
343,2017,Lamar Miller,HOU,26,238,888,3,21,3.7,55.5,1.67,3.892215568862276,6.5,5.5,16,13,45.0,36,80.0%,327,9.1,3,18,32,7.3,2.3,20.4,1.0
344,2016,Lamar Miller,HOU,25,268,1073,5,45,4.0,76.6,1.5527,3.5422167836671603,5.5,8.5,14,14,39.0,31,79.5%,188,6.1,1,9,16,4.8,2.2,13.4,2.0
345,2015,Lamar Miller,MIA,24,194,872,8,85,4.5,54.5,1.4328,1.1610134003350083,1.6635,1.5419999999999998,16,16,57.0,47,82.5%,397,8.4,2,15,54,7.0,2.9,24.8,1.0
346,2014,Lamar Miller,MIA,23,216,1099,8,97,5.1,68.7,1.33,0.5199248120300752,0.6915,0.57,16,16,52.0,38,73.1%,275,7.2,1,10,20,5.3,2.4,17.2,3.0
347,2013,Lamar Miller,MIA,22,177,709,2,49,4.0,44.3,1.23,0.4890243902439024,0.6015,0.48,16,15,35.0,26,74.3%,170,6.5,0,6,22,4.9,1.6,10.6,1.0
348,2012,Lamar Miller,MIA,21,51,250,1,28,4.9,19.2,1.206,0.4241293532338308,0.5115,0.8759999999999999,13,1,8.0,6,75.0%,45,7.5,0,3,12,5.6,0.5,3.5,0.0
349,2020,Latavius Murray,NOR,30,63,265,2,25,4.2,44.2,1.982,2.0433905146316853,4.05,3.2,11,6,17.0,15,88.2%,132,8.8,0,5,25,7.8,1.4,12.0,1.0
350,2019,Latavius Murray,NOR,29,146,637,5,30,4.4,39.8,1.882,0.9829968119022316,1.85,4.4,16,8,43.0,34,79.1%,235,6.9,1,9,30,5.5,2.1,14.7,0.0
351,2018,Latavius Murray,MIN,28,140,578,6,38,4.1,36.1,1.7719999999999998,2.9345372460496613,5.2,4.0,16,6,26.0,22,84.6%,141,6.4,0,7,16,5.4,1.4,8.8,0.0
352,2017,Latavius Murray,MIN,27,216,842,8,46,3.9,52.6,1.67,1.7702095808383234,2.95625,4.25,16,11,17.0,15,88.2%,103,6.9,0,4,28,6.1,0.9,6.4,1.0
353,2016,Latavius Murray,OAK,26,195,788,12,42,4.0,56.3,1.5527,0.4518258517421265,0.70155,0.675,14,12,43.0,33,76.7%,264,8.0,0,11,39,6.1,2.4,18.9,2.0
354,2015,Latavius Murray,OAK,25,266,1066,6,54,4.0,66.6,1.4328,0.426821608040201,0.61155,0.585,16,16,53.0,41,77.4%,232,5.7,0,9,23,4.4,2.6,14.5,4.0
355,2014,Latavius Murray,OAK,24,82,424,2,90,5.2,28.3,1.33,0.3357518796992481,0.44655,0.42,15,3,23.0,17,73.9%,143,8.4,0,3,46,6.2,1.1,9.5,1.0
356,2020,Le'Veon Bell,2TM,28,25,113,0,16,4.5,37.7,1.982,0.356146316851665,0.705882,0.705882,7,2,10.0,10,100.0%,86,8.6,0,5,30,8.6,1.4,12.3,1.0
357,2019,Le'Veon Bell,NYJ,27,245,789,3,19,3.2,52.6,1.882,4.765541976620616,8.96875,14.46875,15,15,78.0,66,84.6%,461,7.0,1,20,23,5.9,4.4,30.7,1.0
358,2017,Le'Veon Bell,PIT,25,321,1291,9,27,4.0,86.1,1.67,7.25748502994012,12.12,12.12,15,15,106.0,85,80.2%,655,7.7,2,32,42,6.2,5.7,43.7,3.0
359,2016,Le'Veon Bell,PIT,24,261,1268,7,44,4.9,105.7,1.5527,0.7279873768274618,1.1303459999999999,0.796271,12,12,94.0,75,79.8%,616,8.2,2,32,32,6.6,6.3,51.3,4.0
360,2015,Le'Veon Bell,PIT,23,113,556,3,42,4.9,92.7,1.4328,0.7203252372975991,1.032082,0.687882,6,6,26.0,24,92.3%,136,5.7,0,4,20,5.2,4.0,22.7,0.0
361,2014,Le'Veon Bell,PIT,22,290,1361,8,81,4.7,85.1,1.33,0.7041353383458647,0.9365,0.5923,16,16,105.0,83,79.0%,854,10.3,3,41,48,8.1,5.2,53.4,0.0
362,2013,Le'Veon Bell,PIT,21,244,860,8,43,3.5,66.2,1.23,0.6091056910569106,0.7492,1.7818,13,13,66.0,45,68.2%,399,8.9,0,15,43,6.0,3.5,30.7,1.0
363,2018,LeGarrette Blount,DET,32,154,418,5,27,2.7,26.1,1.7719999999999998,1.1286681715575622,2.0,2.0,16,8,15.0,10,66.7%,67,6.7,0,4,23,4.5,0.6,4.2,2.0
364,2017,LeGarrette Blount,PHI,31,173,766,2,68,4.4,47.9,1.67,0.748502994011976,1.25,1.25,16,11,8.0,8,100.0%,50,6.3,1,3,20,6.3,0.5,3.1,1.0
365,2016,LeGarrette Blount,NWE,30,299,1161,18,44,3.9,72.6,1.5527,0.6601404005925161,1.025,1.0,16,8,8.0,7,87.5%,38,5.4,0,1,16,4.8,0.4,2.4,2.0
366,2015,LeGarrette Blount,NWE,29,165,703,6,38,4.3,58.6,1.4328,0.66714265773311,0.955882,1.130882,12,6,7.0,6,85.7%,43,7.2,1,3,14,6.1,0.5,3.6,1.0
367,2014,LeGarrette Blount,2TM,28,125,547,5,50,4.4,34.2,1.33,0.19371954887218049,0.25764699999999996,0.25764699999999996,16,1,12.0,10,83.3%,54,5.4,0,0,13,4.5,0.6,3.4,1.0
368,2013,LeGarrette Blount,NWE,27,153,772,7,47,5.0,48.3,1.23,0.5528455284552847,0.68,0.78,16,7,5.0,2,40.0%,38,19.0,0,1,32,7.6,0.1,2.4,3.0
369,2012,LeGarrette Blount,TAM,26,41,151,2,35,3.7,11.6,1.206,0.4477611940298508,0.54,0.54,13,0,2.0,1,50.0%,2,2.0,0,0,2,1.0,0.1,0.2,0.0
370,2011,LeGarrette Blount,TAM,25,184,781,5,54,4.2,55.8,1.2,0.375,0.45,0.45,14,14,25.0,15,60.0%,148,9.9,0,6,35,5.9,1.1,10.6,5.0
371,2020,LeSean McCoy,TAM,32,6,-1,0,3,-0.2,-0.2,1.982,0.3784056508577195,0.75,1.05,7,0,14.0,10,71.4%,61,6.1,0,3,15,4.4,1.4,8.7,0.0
372,2018,LeSean McCoy,BUF,30,161,514,3,28,3.2,36.7,1.7719999999999998,5.050790067720089,8.95,6.325,14,13,46.0,34,73.9%,238,7.0,0,10,24,5.2,2.4,17.0,0.0
373,2017,LeSean McCoy,BUF,29,287,1138,6,48,4.0,71.1,1.67,6.2125748502994025,10.375,6.25,16,16,77.0,59,76.6%,448,7.6,2,23,39,5.8,3.7,28.0,3.0
374,2016,LeSean McCoy,BUF,28,234,1267,13,75,5.4,84.5,1.5527,4.943002511753719,7.675,5.05,15,15,57.0,50,87.7%,356,7.1,1,17,41,6.2,3.3,23.7,3.0
375,2015,LeSean McCoy,BUF,27,203,895,3,48,4.4,74.6,1.4328,3.8386376326074823,5.5,16.0,12,12,50.0,32,64.0%,292,9.1,2,12,22,5.8,2.7,24.3,2.0
376,2014,LeSean McCoy,PHI,26,312,1319,5,53,4.2,82.4,1.33,7.2932330827067675,9.7,8.0,16,16,37.0,28,75.7%,155,5.5,0,10,18,4.2,1.8,9.7,4.0
377,2013,LeSean McCoy,PHI,25,314,1607,9,57,5.1,100.4,1.23,4.024390243902438,4.95,3.25,16,16,64.0,52,81.3%,539,10.4,2,24,70,8.4,3.3,33.7,1.0
378,2012,LeSean McCoy,PHI,24,200,840,2,34,4.2,70.0,1.206,2.203592868988392,2.6575330000000004,9.115,12,12,67.0,54,80.6%,373,6.9,3,20,36,5.6,4.5,31.1,4.0
379,2011,LeSean McCoy,PHI,23,273,1309,17,60,4.8,87.3,1.2,0.7229416666666667,0.8675299999999999,0.525,15,15,69.0,48,69.6%,315,6.6,3,18,26,4.6,3.2,21.0,1.0
380,2009,LeSean McCoy,PHI,21,155,637,4,66,4.1,39.8,1.23,0.5305121951219511,0.65253,1.680123,16,4,55.0,40,72.7%,308,7.7,0,13,45,5.6,2.5,19.3,2.0
381,2014,Leon Washington,TEN,32,13,57,0,16,4.4,3.6,1.33,0.4774436090225564,0.635,0.92,16,0,31.0,22,71.0%,159,7.2,2,8,25,5.1,1.4,9.9,3.0
382,2020,Mark Ingram,BAL,31,50,225,2,30,4.5,37.5,1.982,2.690884460141272,5.3333330000000005,4.0,8,7,7.0,5,71.4%,49,9.8,0,2,18,7.0,0.6,6.1,0.0
383,2019,Mark Ingram,BAL,30,202,1018,10,53,5.0,67.9,1.882,1.7711652497343249,3.333333,6.0,15,15,29.0,26,89.7%,247,9.5,5,16,25,8.5,1.7,16.5,2.0
384,2018,Mark Ingram,NOR,29,138,645,6,38,4.7,53.8,1.7719999999999998,2.9931286681715576,5.303824,3.558824,12,6,27.0,21,77.8%,170,8.1,1,5,28,6.3,1.8,14.2,3.0
385,2017,Mark Ingram,NOR,28,230,1124,12,72,4.9,70.3,1.67,3.2005988023952097,5.345,3.7,16,12,71.0,58,81.7%,416,7.2,0,19,54,5.9,3.6,26.0,3.0
386,2016,Mark Ingram,NOR,27,205,1043,6,75,5.1,65.2,1.5527,1.6165389321826498,2.51,3.1,16,14,58.0,46,79.3%,319,6.9,4,18,22,5.5,2.9,19.9,2.0
387,2015,Mark Ingram,NOR,26,166,769,6,70,4.6,64.1,1.4328,1.3958682300390843,2.0,4.7,12,10,60.0,50,83.3%,405,8.1,0,22,59,6.8,4.2,33.8,2.0
388,2014,Mark Ingram,NOR,25,226,964,9,31,4.3,74.2,1.33,1.7743421052631585,2.359875,1.386375,13,9,36.0,29,80.6%,145,5.0,0,5,14,4.0,2.2,11.2,3.0
389,2013,Mark Ingram,NOR,24,78,386,1,34,4.9,35.1,1.23,1.6445121951219512,2.02275,1.04925,11,3,11.0,7,63.6%,68,9.7,0,3,23,6.2,0.6,6.2,1.0
390,2012,Mark Ingram,NOR,23,156,602,5,31,3.9,37.6,1.206,1.3976990049751243,1.685625,0.712125,16,5,10.0,6,60.0%,29,4.8,0,2,16,2.9,0.4,1.8,0.0
391,2011,Mark Ingram,NOR,22,122,474,5,35,3.9,47.4,1.2,1.12375,1.3485,4.269,10,4,13.0,11,84.6%,46,4.2,0,3,9,3.5,1.1,4.6,1.0
392,2020,Marlon Mack,IND,24,4,26,0,18,6.5,26.0,1.982,1.1291180625630677,2.2379119999999997,2.133,1,1,3.0,3,100.0%,30,10.0,0,1,19,10.0,3.0,30.0,0.0
393,2019,Marlon Mack,IND,23,247,1091,8,63,4.4,77.9,1.882,0.3984654622741764,0.749912,0.645,14,12,17.0,14,82.4%,82,5.9,0,2,14,4.8,1.0,5.9,0.0
394,2018,Marlon Mack,IND,22,195,908,9,49,4.7,75.7,1.7719999999999998,0.37241083521444696,0.6599119999999999,0.555,12,10,26.0,17,65.4%,103,6.1,1,3,29,4.0,1.4,8.6,2.0
395,2017,Marlon Mack,IND,21,93,358,3,35,3.8,25.6,1.67,0.34126467065868266,0.569912,0.884648,14,0,33.0,21,63.6%,225,10.7,1,10,34,6.8,1.5,16.1,1.0
396,2016,Matt Asiata,MIN,29,121,402,6,29,3.3,25.1,1.5527,0.5409931087782572,0.84,0.84,16,6,38.0,32,84.2%,263,8.2,0,9,31,6.9,2.0,16.4,1.0
397,2015,Matt Asiata,MIN,28,29,112,0,19,3.9,7.0,1.4328,0.5583472920156336,0.8,0.8,16,0,22.0,19,86.4%,132,6.9,0,5,22,6.0,1.2,8.3,0.0
398,2014,Matt Asiata,MIN,27,164,570,9,19,3.5,38.0,1.33,0.4285714285714286,0.57,0.57,15,9,63.0,44,69.8%,312,7.1,1,7,41,5.0,2.9,20.8,1.0
399,2013,Matt Asiata,MIN,26,44,166,3,39,3.8,15.1,1.23,0.3902439024390244,0.48,0.48,11,1,8.0,5,62.5%,13,2.6,0,1,8,1.6,0.5,1.2,1.0
400,2020,Matt Breida,MIA,25,33,115,0,12,3.5,19.2,1.982,1.6442986881937436,3.259,3.259,9,1,10.0,9,90.0%,96,10.7,0,5,31,9.6,1.0,10.7,2.0
401,2019,Matt Breida,SFO,24,123,623,1,83,5.1,47.9,1.882,0.3436068012752391,0.646668,0.645,13,5,22.0,19,86.4%,120,6.3,1,6,17,5.5,1.5,9.2,2.0
402,2018,Matt Breida,SFO,23,153,814,3,66,5.3,58.1,1.7719999999999998,0.3082697516930023,0.546254,0.544588,14,13,31.0,27,87.1%,261,9.7,2,12,26,8.4,1.9,18.6,1.0
403,2017,Matt Breida,SFO,22,105,465,2,33,4.4,29.1,1.67,0.2794407185628742,0.46666599999999997,0.47,16,0,36.0,21,58.3%,180,8.6,1,9,32,5.0,1.3,11.3,1.0
404,2016,Matt Jones,WAS,23,99,460,3,57,4.6,65.7,1.5527,0.4436491273265925,0.688854,0.539,7,7,8.0,8,100.0%,73,9.1,0,4,16,9.1,1.1,10.4,3.0
405,2015,Matt Jones,WAS,22,144,490,3,39,3.4,37.7,1.4328,0.40818955890563935,0.584854,1.034416,13,0,25.0,19,76.0%,304,16.0,1,10,78,12.2,1.5,23.4,5.0
406,2014,Maurice Jones-Drew,OAK,29,43,96,0,13,2.2,8.0,1.33,1.879699248120301,2.5,2.5,12,1,16.0,11,68.8%,71,6.5,0,3,12,4.4,0.9,5.9,1.0
407,2013,Maurice Jones-Drew,JAX,28,234,803,5,48,3.4,53.5,1.23,5.5284552845528445,6.8,4.95,15,15,60.0,43,71.7%,314,7.3,0,13,17,5.2,2.9,20.9,1.0
408,2012,Maurice Jones-Drew,JAX,27,86,414,1,59,4.8,69.0,1.206,5.306799336650083,6.4,4.45,6,5,18.0,14,77.8%,86,6.1,1,3,13,4.8,2.3,14.3,2.0
409,2011,Maurice Jones-Drew,JAX,26,343,1606,8,56,4.7,100.4,1.2,5.0,6.0,4.2,16,16,64.0,43,67.2%,374,8.7,3,18,48,5.8,2.7,23.4,6.0
410,2009,Maurice Jones-Drew,JAX,24,312,1391,15,80,4.5,86.9,1.23,5.032520325203252,6.19,13.15,16,16,71.0,53,74.6%,374,7.1,1,16,19,5.3,3.3,23.4,2.0
411,2008,Maurice Jones-Drew,JAX,23,197,824,12,46,4.2,51.5,1.16,0.5905172413793103,0.685,0.445,16,3,75.0,62,82.7%,565,9.1,2,28,26,7.5,3.9,35.3,6.0
412,2007,Maurice Jones-Drew,JAX,22,167,768,9,57,4.6,51.2,1.09,0.5504587155963303,0.6,0.78,15,0,55.0,40,72.7%,407,10.2,0,22,43,7.4,2.7,27.1,2.0
413,2006,Maurice Jones-Drew,JAX,21,166,941,13,74,5.7,58.8,1.02,0.4901960784313725,0.5,1.03,16,1,62.0,46,74.2%,436,9.5,2,17,51,7.0,2.9,27.3,1.0
414,2020,Melvin Gordon,DEN,27,82,349,4,43,4.3,69.8,1.982,3.5317860746720484,7.0,9.0,10,7,29.0,20,69.0%,87,4.4,1,3,16,3.0,2.0,8.7,4.0
415,2019,Melvin Gordon,LAC,26,162,612,8,24,3.8,51.0,1.882,2.452647183846971,4.615882,4.615882,12,11,55.0,42,76.4%,296,7.0,1,11,25,5.4,3.5,24.7,4.0
416,2018,Melvin Gordon,LAC,25,175,885,10,34,5.1,73.8,1.7719999999999998,1.9158713318284424,3.3949239999999996,1.8899669999999997,12,12,66.0,50,75.8%,490,9.8,4,22,66,7.4,4.2,40.8,1.0
417,2017,Melvin Gordon,LAC,24,284,1105,8,87,3.9,69.1,1.67,1.7424760479041914,2.909935,1.404978,16,16,83.0,58,69.9%,476,8.2,4,22,49,5.7,3.6,29.8,1.0
418,2016,Melvin Gordon,SDG,23,254,997,10,48,3.9,76.7,1.5527,1.56176080376119,2.424946,0.919989,13,11,57.0,41,71.9%,419,10.2,2,21,35,7.4,3.2,32.2,2.0
419,2015,Melvin Gordon,SDG,22,184,641,0,27,3.5,45.8,1.4328,1.3539621719709658,1.939957,6.454828,14,12,37.0,33,89.2%,192,5.8,0,8,18,5.2,2.4,13.7,6.0
420,2013,Michael Bush,CHI,29,63,197,3,40,3.1,13.1,1.23,2.8861788617886184,3.55,2.55,15,0,8.0,4,50.0%,48,12.0,1,2,17,6.0,0.3,3.2,0.0
421,2012,Michael Bush,CHI,28,114,411,5,20,3.6,31.6,1.206,1.658374792703151,2.0,5.0,13,1,11.0,9,81.8%,83,9.2,0,6,18,7.5,0.7,6.4,1.0
422,2011,Michael Bush,OAK,27,256,977,7,44,3.8,61.1,1.2,2.1758333333333333,2.611,2.611,16,9,47.0,37,78.7%,418,11.3,1,14,55,8.9,2.3,26.1,1.0
423,2009,Michael Bush,OAK,25,123,589,3,60,4.8,36.8,1.23,0.4755894308943089,0.584975,0.46,16,7,19.0,17,89.5%,105,6.2,0,3,17,5.5,1.1,6.6,2.0
424,2008,Michael Bush,OAK,24,95,421,3,67,4.4,28.1,1.16,0.36204741379310346,0.419975,0.295,15,0,30.0,19,63.3%,162,8.5,0,6,25,5.4,1.3,10.8,1.0
425,2012,Mikel Leshoure,DET,22,215,798,9,16,3.7,57.0,1.206,0.395019071310116,0.476393,0.476393,14,14,49.0,34,69.4%,214,6.3,0,12,15,4.4,2.4,15.3,3.0
426,2020,Myles Gaskin,MIA,23,82,340,1,21,4.1,56.7,1.982,0.3515524722502523,0.6967770000000001,0.675,7,5,35.0,30,85.7%,198,6.6,0,5,16,5.7,4.3,28.3,1.0
427,2019,Myles Gaskin,MIA,22,36,133,1,27,3.7,19.0,1.882,0.270932518597237,0.509895,0.575226,7,0,12.0,7,58.3%,51,7.3,0,2,20,4.3,1.0,7.3,0.0
428,2020,Nick Chubb,CLE,25,57,335,4,29,5.9,83.8,1.982,1.0159288597376386,2.0135709999999998,1.15119,7,7,7.0,6,85.7%,49,8.2,0,3,14,7.0,0.9,7.0,1.0
429,2019,Nick Chubb,CLE,24,298,1494,8,88,5.0,93.4,1.882,0.8915919234856535,1.677976,0.815595,16,16,49.0,36,73.5%,278,7.7,0,13,32,5.7,2.3,17.4,3.0
430,2018,Nick Chubb,CLE,23,192,996,8,92,5.2,62.3,1.7719999999999998,0.7575513544018059,1.342381,4.791905,16,9,29.0,20,69.0%,149,7.5,2,5,24,5.1,1.3,9.3,0.0
431,2017,Orleans Darkwa,NYG,25,171,751,5,75,4.4,50.1,1.67,0.6212574850299399,1.0375,1.1,15,11,28.0,19,67.9%,116,6.1,0,7,13,4.1,1.3,7.7,1.0
432,2016,Orleans Darkwa,NYG,24,30,111,2,17,3.7,11.1,1.5527,0.3864236491273266,0.6,0.6,10,2,4.0,2,50.0%,12,6.0,0,0,9,3.0,0.2,1.2,0.0
433,2015,Orleans Darkwa,NYG,23,36,153,1,17,4.3,9.6,1.4328,0.3559463986599665,0.51,0.51,16,0,5.0,3,60.0%,31,10.3,0,2,15,6.2,0.2,1.9,0.0
434,2014,Orleans Darkwa,2TM,22,9,23,1,12,2.6,2.1,1.33,0.1300308270676692,0.172941,0.172941,11,0,6.0,5,83.3%,48,9.6,0,0,17,8.0,0.5,4.4,0.0
435,2020,Peyton Barber,WAS,26,38,81,2,11,2.1,11.6,1.982,0.6861755802219979,1.36,1.66,11,2,3.0,2,66.7%,11,5.5,0,1,7,3.7,0.2,1.0,0.0
436,2019,Peyton Barber,TAM,25,154,470,6,17,3.1,29.4,1.882,1.129117959617428,2.125,2.125,16,7,24.0,16,66.7%,115,7.2,1,4,16,4.8,1.0,7.2,1.0
437,2018,Peyton Barber,TAM,24,234,871,5,28,3.7,54.4,1.7719999999999998,0.35553047404063204,0.63,0.63,16,16,29.0,20,69.0%,92,4.6,1,4,10,3.2,1.3,5.8,1.0
438,2017,Peyton Barber,TAM,23,108,423,3,34,3.9,26.4,1.67,0.3233532934131737,0.54,0.54,16,4,19.0,16,84.2%,114,7.1,0,4,34,6.0,1.0,7.1,2.0
439,2016,Peyton Barber,TAM,22,55,223,1,44,4.1,14.9,1.5527,0.2898177368454949,0.45,0.45,15,1,6.0,5,83.3%,28,5.6,0,1,11,4.7,0.3,1.9,0.0
440,2014,Peyton Hillis,NYG,28,26,115,0,16,4.4,12.8,1.33,0.6428571428571429,0.855,0.855,9,0,16.0,10,62.5%,87,8.7,0,2,26,5.4,1.1,9.7,0.0
441,2013,Peyton Hillis,NYG,27,73,247,2,27,3.4,35.3,1.23,0.2919658536585366,0.359118,0.359118,7,1,21.0,13,61.9%,96,7.4,0,5,16,4.6,1.9,13.7,2.0
442,2020,Phillip Lindsay,DEN,26,39,204,0,20,5.2,68.0,1.982,0.3809283551967709,0.755,0.75,8,6,8.0,2,25.0%,14,7.0,0,1,11,1.8,0.3,1.8,0.0
443,2019,Phillip Lindsay,DEN,25,224,1011,7,40,4.5,63.2,1.882,0.30552603613177465,0.575,0.57,16,16,48.0,35,72.9%,196,5.6,0,9,36,4.1,2.2,12.3,0.0
444,2018,Phillip Lindsay,DEN,24,192,1037,9,65,5.4,69.1,1.7719999999999998,0.2698182844243792,0.47811800000000004,0.48811800000000005,15,8,47.0,35,74.5%,241,6.9,1,12,29,5.1,2.3,16.1,0.0
445,2015,Pierre Thomas,2TM,31,15,64,0,11,4.3,12.8,1.4328,0.09606853713009493,0.137647,0.204706,5,0,11.0,9,81.8%,84,9.3,0,0,15,7.6,1.8,16.8,0.0
446,2014,Pierre Thomas,NOR,30,45,222,2,27,4.9,20.2,1.33,1.180451127819549,1.57,2.4,11,3,55.0,45,81.8%,378,8.4,1,19,39,6.9,4.1,34.4,0.0
447,2013,Pierre Thomas,NOR,29,147,549,2,18,3.7,34.3,1.23,2.032520325203252,2.5,2.5,16,9,84.0,77,91.7%,513,6.7,3,21,29,6.1,4.8,32.1,2.0
448,2012,Pierre Thomas,NOR,28,105,473,1,48,4.5,31.5,1.206,1.8739635157545609,2.26,2.26,15,4,53.0,39,73.6%,354,9.1,1,20,36,6.7,2.6,23.6,0.0
449,2011,Pierre Thomas,NOR,27,110,562,5,33,5.1,35.1,1.2,3.2375000000000003,3.885,3.385,16,7,59.0,50,84.7%,425,8.5,1,18,57,7.2,3.1,26.6,2.0
450,2009,Pierre Thomas,NOR,25,147,793,6,34,5.4,56.6,1.23,0.37533983739837395,0.461668,0.46,14,6,45.0,39,86.7%,302,7.7,2,12,36,6.7,2.8,21.6,2.0
451,2008,Pierre Thomas,NOR,24,129,625,9,42,4.8,41.7,1.16,0.320401724137931,0.371666,0.37,15,5,41.0,31,75.6%,284,9.2,3,15,24,6.9,2.1,18.9,1.0
452,2007,Pierre Thomas,NOR,23,52,252,1,24,4.8,21.0,1.09,0.2629963302752293,0.286666,0.29,12,1,23.0,17,73.9%,151,8.9,1,10,17,6.6,1.4,12.6,0.0
453,2020,Raheem Mostert,SFO,28,51,303,1,80,5.9,75.8,1.982,1.681802724520686,3.333333,3.125,5,5,14.0,13,92.9%,150,11.5,1,5,76,10.7,2.6,30.0,1.0
454,2019,Raheem Mostert,SFO,27,137,772,8,41,5.6,48.3,1.882,1.0538432518597236,1.9833330000000002,2.65,16,0,22.0,14,63.6%,180,12.9,2,6,39,8.2,0.9,11.3,2.0
455,2018,Raheem Mostert,SFO,26,34,261,1,52,7.7,29.0,1.7719999999999998,0.3978555304740407,0.705,0.705,9,0,7.0,6,85.7%,25,4.2,0,1,23,3.6,0.7,2.8,1.0
456,2016,Rashad Jennings,NYG,31,181,593,3,25,3.3,45.6,1.5527,1.811360855284344,2.8125,2.25,13,12,42.0,35,83.3%,201,5.7,1,8,24,4.8,2.7,15.5,1.0
457,2015,Rashad Jennings,NYG,30,195,863,3,38,4.4,53.9,1.4328,1.9629396984924623,2.8125,2.25,16,16,40.0,29,72.5%,296,10.2,1,8,51,7.4,1.8,18.5,2.0
458,2014,Rashad Jennings,NYG,29,167,639,4,18,3.8,58.1,1.33,0.986842105263158,1.3125,3.0,11,9,41.0,30,73.2%,226,7.5,0,8,27,5.5,2.7,20.5,1.0
459,2013,Rashad Jennings,OAK,28,163,733,6,80,4.5,48.9,1.23,0.5121951219512195,0.63,0.63,15,8,48.0,36,75.0%,292,8.1,0,12,24,6.1,2.4,19.5,0.0
460,2012,Rashad Jennings,JAX,27,101,283,2,21,2.8,28.3,1.206,0.4764626865671642,0.5746140000000001,0.565,10,6,26.0,19,73.1%,130,6.8,0,5,26,5.0,1.9,13.0,3.0
461,2009,Rashad Jennings,JAX,24,39,202,1,28,5.2,13.5,1.23,0.2598471544715447,0.319612,0.34845,15,0,18.0,16,88.9%,101,6.3,0,4,14,5.6,1.1,6.7,0.0
462,2013,Rashard Mendenhall,ARI,26,217,687,8,28,3.2,45.8,1.23,2.032520325203252,2.5,2.5,15,15,21.0,18,85.7%,134,7.4,0,5,24,6.4,1.2,8.9,4.0
463,2012,Rashard Mendenhall,PIT,25,51,182,0,20,3.6,30.3,1.206,2.8493565505804312,3.436324,2.3338240000000003,6,4,10.0,9,90.0%,62,6.9,1,4,15,6.2,1.5,10.3,3.0
464,2011,Rashard Mendenhall,PIT,24,228,928,9,68,4.1,61.9,1.2,1.56875,1.8825,0.78,15,15,28.0,18,64.3%,154,8.6,0,5,35,5.5,1.2,10.3,1.0
465,2009,Rashard Mendenhall,PIT,22,242,1108,7,60,4.6,69.3,1.23,2.4491869918699187,3.0125,6.32,16,12,32.0,25,78.1%,261,10.4,1,13,26,8.2,1.6,16.3,3.0
466,2008,Rashard Mendenhall,PIT,21,19,58,0,12,3.1,14.5,1.16,1.0258620689655171,1.19,1.19,4,1,3.0,2,66.7%,17,8.5,0,1,11,5.7,0.5,4.3,0.0
467,2013,Ray Rice,BAL,26,214,660,4,47,3.1,44.0,1.23,4.6747967479674815,5.75,8.0,15,15,72.0,58,80.6%,321,5.5,0,13,22,4.5,3.9,21.4,2.0
468,2012,Ray Rice,BAL,25,257,1143,9,46,4.4,71.4,1.206,4.1459369817578775,5.0,17.0,16,16,83.0,61,73.5%,478,7.8,1,24,43,5.8,3.8,29.9,1.0
469,2011,Ray Rice,BAL,24,291,1364,12,70,4.7,85.3,1.2,0.7312500000000001,0.8775,0.6,16,16,104.0,76,73.1%,704,9.3,3,30,52,6.8,4.8,44.0,2.0
470,2009,Ray Rice,BAL,22,254,1339,7,59,5.3,83.7,1.23,0.5386178861788617,0.6625,0.385,16,15,101.0,78,77.2%,702,9.0,1,27,63,7.0,4.9,43.9,3.0
471,2008,Ray Rice,BAL,21,107,454,0,60,4.2,34.9,1.16,0.7900862068965517,0.9165,1.405,13,4,43.0,33,76.7%,273,8.3,0,12,40,6.3,2.5,21.0,1.0
472,2016,Reggie Bush,BUF,31,12,-3,1,5,-0.3,-0.2,1.5527,0.9660591228183164,1.5,1.5,13,0,10.0,7,70.0%,90,12.9,0,6,25,9.0,0.5,6.9,1.0
473,2015,Reggie Bush,SFO,30,8,28,0,9,3.5,5.6,1.4328,1.6794039642657732,2.40625,2.29375,5,1,10.0,4,40.0%,19,4.8,0,1,8,1.9,0.8,3.8,0.0
474,2014,Reggie Bush,DET,29,76,297,2,26,3.9,27.0,1.33,2.2136218045112783,2.944117,3.5,11,9,56.0,40,71.4%,253,6.3,0,13,28,4.5,3.6,23.0,1.0
475,2013,Reggie Bush,DET,28,223,1006,4,39,4.5,71.9,1.23,1.6260162601626018,2.0,5.0,14,14,80.0,54,67.5%,506,9.4,3,22,77,6.3,3.9,36.1,5.0
476,2012,Reggie Bush,MIA,27,227,986,6,65,4.3,61.6,1.206,4.975124378109453,6.0,4.75,16,16,52.0,35,67.3%,292,8.3,2,14,25,5.6,2.2,18.3,4.0
477,2011,Reggie Bush,MIA,26,216,1086,6,76,5.0,72.4,1.2,3.125,3.75,5.0,15,15,52.0,43,82.7%,296,6.9,1,12,34,5.7,2.9,19.7,4.0
478,2009,Reggie Bush,NOR,24,70,390,5,55,5.6,27.9,1.23,8.605691056910569,10.585,7.085,14,8,68.0,47,69.1%,335,7.1,3,16,29,4.9,3.4,23.9,4.0
479,2008,Reggie Bush,NOR,23,106,404,2,43,3.8,40.4,1.16,4.3534482758620685,5.05,5.55,10,9,73.0,52,71.2%,440,8.5,4,22,42,6.0,5.2,44.0,3.0
480,2007,Reggie Bush,NOR,22,157,581,4,22,3.7,48.4,1.09,3.3715596330275237,3.675,13.375,12,10,98.0,73,74.5%,417,5.7,2,23,25,4.3,6.1,34.8,8.0
481,2006,Reggie Bush,NOR,21,155,565,6,18,3.6,35.3,1.02,2.647058823529412,2.7,6.5,16,8,121.0,88,72.7%,742,8.4,2,34,74,6.1,5.5,46.4,2.0
482,2020,Ronald Jones II,TAM,23,110,506,4,37,4.6,72.3,1.982,0.9731115035317859,1.928707,1.122902,12,12,40.0,27,67.5%,161,6.0,1,2,37,4.0,2.3,13.4,2.0
483,2019,Ronald Jones II,TAM,22,172,724,6,49,4.2,45.3,1.882,0.8540148777895856,1.607256,0.801451,16,9,40.0,31,77.5%,309,10.0,0,12,41,7.7,1.9,19.3,3.0
484,2018,Ronald Jones II,TAM,21,23,44,1,9,1.9,4.9,1.7719999999999998,0.7256235891647854,1.2858049999999999,3.7032199999999995,9,0,9.0,7,77.8%,33,4.7,0,2,15,3.7,0.8,3.7,0.0
485,2014,Ronnie Brown,2TM,33,20,63,0,11,3.2,6.3,1.33,0.3025210526315789,0.402353,0.603529,10,0,8.0,5,62.5%,44,8.8,0,0,24,5.5,0.5,4.4,0.0
486,2013,Ronnie Brown,SDG,32,45,157,1,13,3.5,9.8,1.23,0.853658536585366,1.05,1.05,16,0,8.0,8,100.0%,60,7.5,0,3,15,7.5,0.5,3.8,0.0
487,2012,Ronnie Brown,SDG,31,46,220,0,21,4.8,15.7,1.206,0.8291873963515755,1.0,1.0,14,1,59.0,49,83.1%,371,7.6,0,16,25,6.3,3.5,26.5,0.0
488,2016,Ronnie Hillman,2TM,25,41,131,0,17,3.2,16.4,1.5527,0.1727539125394474,0.268235,0.268235,8,1,15.0,7,46.7%,93,13.3,0,0,32,6.2,0.9,11.6,0.0
489,2015,Ronnie Hillman,DEN,24,207,863,7,72,4.2,53.9,1.4328,0.6579480737018426,0.942708,0.77,16,10,35.0,24,68.6%,111,4.6,0,3,14,3.2,1.5,6.9,3.0
490,2014,Ronnie Hillman,DEN,23,106,434,3,37,4.1,54.3,1.33,0.6072992481203008,0.807708,0.635,8,4,34.0,21,61.8%,139,6.6,1,7,16,4.1,2.6,17.4,1.0
491,2013,Ronnie Hillman,DEN,22,55,218,1,19,4.0,21.8,1.23,0.5591121951219512,0.687708,0.515,10,0,14.0,12,85.7%,119,9.9,0,7,19,8.5,1.2,11.9,2.0
492,2012,Ronnie Hillman,DEN,21,85,330,1,31,3.9,23.6,1.206,0.4665903814262022,0.562708,1.080832,14,0,12.0,10,83.3%,62,6.2,0,3,29,5.2,0.7,4.4,2.0
493,2015,Roy Helu,OAK,27,17,39,0,12,2.3,4.3,1.4328,1.4656616415410388,2.1,2.1,9,0,16.0,9,56.3%,75,8.3,1,6,15,4.7,1.0,8.3,0.0
494,2014,Roy Helu,WAS,26,40,216,1,18,5.4,15.4,1.33,1.164333082706767,1.548563,1.431,14,0,47.0,42,89.4%,477,11.4,2,16,55,10.1,3.0,34.1,2.0
495,2013,Roy Helu,WAS,25,62,274,4,24,4.4,17.1,1.23,0.5467991869918699,0.672563,0.555,16,0,42.0,31,73.8%,251,8.1,0,9,28,6.0,1.9,15.7,2.0
496,2011,Roy Helu,WAS,23,151,640,2,28,4.2,42.7,1.2,0.41046916666666666,0.49256300000000003,0.845252,15,5,59.0,49,83.1%,379,7.7,1,13,47,6.4,3.3,25.3,2.0
497,2020,Royce Freeman,DEN,24,20,68,0,13,3.4,11.3,1.982,0.545537336024218,1.0812549999999999,0.8320000000000001,11,0,10.0,9,90.0%,73,8.1,0,4,28,7.3,0.8,6.6,0.0
498,2019,Royce Freeman,DEN,23,132,496,3,26,3.8,31.0,1.882,0.48366365568544106,0.9102549999999999,0.6609999999999999,16,0,50.0,43,86.0%,256,6.0,1,10,19,5.1,2.7,16.0,0.0
499,2018,Royce Freeman,DEN,22,130,521,5,24,4.0,37.2,1.7719999999999998,0.411543453724605,0.729255,1.47702,14,8,20.0,14,70.0%,72,5.1,0,2,9,3.6,1.0,5.1,1.0
500,2011,Ryan Grant,GNB,29,134,559,2,47,4.2,37.3,1.2,3.75,4.5,4.5,15,14,24.0,19,79.2%,268,14.1,1,10,80,11.2,1.3,17.9,2.0
501,2009,Ryan Grant,GNB,27,282,1253,11,62,4.4,78.3,1.23,3.4552845528455283,4.25,4.25,16,16,30.0,25,83.3%,197,7.9,0,9,27,6.6,1.6,12.3,1.0
502,2008,Ryan Grant,GNB,26,312,1203,4,57,3.9,75.2,1.16,3.6767241379310343,4.265,4.265,16,14,22.0,18,81.8%,116,6.4,1,3,17,5.3,1.1,7.3,4.0
503,2007,Ryan Grant,GNB,25,188,956,8,66,5.1,63.7,1.09,0.28440366972477066,0.31,0.31,15,7,37.0,30,81.1%,145,4.8,0,9,21,3.9,2.0,9.7,1.0
504,2016,Ryan Mathews,PHI,29,155,661,8,30,4.3,50.8,1.5527,2.5761576608488443,4.0,3.0,13,8,14.0,13,92.9%,115,8.8,1,7,27,8.2,1.0,8.8,3.0
505,2015,Ryan Mathews,PHI,28,106,539,6,63,5.1,41.5,1.4328,1.3958682300390843,2.0,4.0,13,6,28.0,20,71.4%,146,7.3,1,6,23,5.2,1.5,11.2,3.0
506,2014,Ryan Mathews,SDG,27,74,330,3,32,4.5,55.0,1.33,2.715789473684211,3.612,1.97825,6,6,10.0,9,90.0%,69,7.7,0,4,16,6.9,1.5,11.5,1.0
507,2013,Ryan Mathews,SDG,26,285,1255,6,51,4.4,78.4,1.23,2.30020325203252,2.82925,1.1955,16,14,33.0,26,78.8%,189,7.3,1,9,17,5.7,1.6,11.8,2.0
508,2012,Ryan Mathews,SDG,25,184,707,1,31,3.8,58.9,1.206,1.945688225538972,2.3465,0.71275,12,9,56.0,39,69.6%,252,6.5,0,9,24,4.5,3.3,21.0,2.0
509,2011,Ryan Mathews,SDG,24,222,1091,6,39,4.9,77.9,1.2,1.7364583333333332,2.08375,11.3025,14,14,59.0,50,84.7%,455,9.1,0,18,42,7.7,3.6,32.5,5.0
510,2020,Samaje Perine,CIN,25,2,3,0,3,1.5,0.4,1.982,0.4162462159434914,0.825,0.825,11,0,6.0,5,83.3%,16,3.2,0,1,7,2.7,0.5,1.5,0.0
511,2018,Samaje Perine,WAS,23,8,32,0,11,4.0,6.4,1.7719999999999998,0.40629063205417615,0.719947,0.555,5,0,4.0,3,75.0%,5,1.7,0,0,8,1.3,0.6,1.0,0.0
512,2017,Samaje Perine,WAS,22,175,603,1,30,3.4,37.7,1.67,0.37721377245508975,0.629947,1.124788,16,8,24.0,22,91.7%,182,8.3,1,9,25,7.6,1.4,11.4,2.0
513,2020,Saquon Barkley,NYG,23,19,34,0,18,1.8,17.0,1.982,4.337870332996974,8.597659,3.405886,2,2,9.0,6,66.7%,60,10.0,0,3,38,6.7,3.0,30.0,0.0
514,2019,Saquon Barkley,NYG,22,217,1003,6,68,4.6,77.2,1.882,3.767117959617429,7.089716,1.897943,13,13,73.0,52,71.2%,438,8.4,2,14,65,6.0,4.0,33.7,1.0
515,2018,Saquon Barkley,NYG,21,261,1307,11,78,5.0,81.7,1.7719999999999998,3.2007748306997734,5.671773,21.247092000000002,16,16,121.0,91,75.2%,721,7.9,4,30,57,6.0,5.7,45.1,0.0
516,2017,Shane Vereen,NYG,28,45,164,0,17,3.6,10.3,1.67,2.6447113772455095,4.416668,3.45,16,0,53.0,44,83.0%,253,5.8,0,9,20,4.8,2.8,15.8,0.0
517,2016,Shane Vereen,NYG,27,33,158,1,25,4.8,31.6,1.5527,3.1665266954337605,4.916666,3.75,5,1,19.0,11,57.9%,94,8.5,0,4,16,4.9,2.2,18.8,2.0
518,2015,Shane Vereen,NYG,26,61,260,0,39,4.3,16.3,1.4328,1.756467057509771,2.516666,4.85,16,0,81.0,59,72.8%,495,8.4,4,22,37,6.1,3.7,30.9,1.0
519,2014,Shane Vereen,NWE,25,96,391,2,19,4.1,24.4,1.33,0.8280263157894737,1.101275,0.846975,16,6,77.0,52,67.5%,447,8.6,3,24,49,5.8,3.3,27.9,0.0
520,2013,Shane Vereen,NWE,24,44,208,1,21,4.7,26.0,1.23,0.7674390243902439,0.94395,0.68965,8,1,69.0,47,68.1%,427,9.1,3,25,50,6.2,5.9,53.4,1.0
521,2012,Shane Vereen,NWE,23,62,251,3,16,4.0,19.3,1.206,0.6522595356550581,0.786625,0.532325,13,1,13.0,8,61.5%,149,18.6,1,6,83,11.5,0.6,11.5,1.0
522,2013,Shonn Greene,TEN,28,77,295,4,29,3.8,26.8,1.23,2.100270731707317,2.583333,4.25,11,0,8.0,6,75.0%,39,6.5,0,1,28,4.9,0.5,3.5,0.0
523,2012,Shonn Greene,NYJ,27,276,1063,8,36,3.9,66.4,1.206,0.6975538971807628,0.84125,0.615,16,14,30.0,19,63.3%,151,7.9,0,3,30,5.0,1.2,9.4,4.0
524,2011,Shonn Greene,NYJ,26,253,1054,6,31,4.2,65.9,1.2,0.6260416666666667,0.75125,0.525,16,15,41.0,30,73.2%,211,7.0,0,7,36,5.1,1.9,13.2,1.0
525,2020,Sony Michel,NWE,25,26,173,1,48,6.7,57.7,1.982,1.3246528758829463,2.6254619999999997,1.3551540000000002,4,3,3.0,2,66.7%,23,11.5,0,1,14,7.7,0.5,5.8,0.0
526,2019,Sony Michel,NWE,24,247,912,7,26,3.7,57.0,1.882,1.1625318809776832,2.1878849999999996,0.9175770000000001,16,14,20.0,12,60.0%,94,7.8,0,7,19,4.7,0.8,5.9,2.0
527,2018,Sony Michel,NWE,23,209,931,6,34,4.5,71.6,1.7719999999999998,0.9877584650112866,1.7503080000000002,5.561232,13,8,11.0,7,63.6%,50,7.1,0,3,13,4.5,0.5,3.8,1.0
528,2019,Spencer Ware,KAN,28,17,51,0,6,3.0,17.0,1.882,0.10064399574920296,0.189412,0.189412,3,1,7.0,5,71.4%,22,4.4,0,1,18,3.1,1.7,7.3,1.0
529,2018,Spencer Ware,KAN,27,51,246,2,34,4.8,18.9,1.7719999999999998,0.6254706546275395,1.108334,1.75,13,2,23.0,20,87.0%,224,11.2,0,10,31,9.7,1.5,17.2,0.0
530,2016,Spencer Ware,KAN,25,214,921,3,46,4.3,65.8,1.5527,0.6172042248985639,0.958333,1.625,14,14,42.0,33,78.6%,447,13.5,2,17,46,10.6,2.4,31.9,4.0
531,2015,Spencer Ware,KAN,24,72,403,6,52,5.6,36.6,1.4328,0.25125628140703515,0.36,0.36,11,2,6.0,6,100.0%,5,0.8,0,0,5,0.8,0.5,0.5,0.0
532,2013,Stanley Havili,IND,26,7,7,0,4,1.0,0.5,1.23,0.3902439024390244,0.48,0.48,13,8,21.0,18,85.7%,128,7.1,1,6,20,6.1,1.4,9.8,0.0
533,2018,Stevan Ridley,PIT,29,29,80,1,12,2.8,8.0,1.7719999999999998,0.35553047404063204,0.63,0.79,10,0,4.0,3,75.0%,18,6.0,0,1,10,4.5,0.3,1.8,2.0
534,2015,Stevan Ridley,NYJ,26,36,90,0,13,2.5,11.3,1.4328,0.7655464824120604,1.096875,1.016875,8,1,5.0,4,80.0%,-2,-0.5,0,0,3,-0.4,0.5,-0.3,0.0
535,2014,Stevan Ridley,NWE,25,94,340,2,43,3.6,56.7,1.33,0.706578947368421,0.93975,0.77775,6,5,5.0,4,80.0%,20,5.0,0,0,7,4.0,0.7,3.3,0.0
536,2013,Stevan Ridley,NWE,24,178,773,7,29,4.3,55.2,1.23,0.6548780487804878,0.8055,0.6435,14,6,12.0,10,83.3%,62,6.2,0,2,24,5.2,0.7,4.4,4.0
537,2012,Stevan Ridley,NWE,23,290,1263,12,41,4.4,78.9,1.206,0.556592039800995,0.67125,0.50925,16,12,14.0,6,42.9%,51,8.5,0,2,20,3.6,0.4,3.2,4.0
538,2011,Stevan Ridley,NWE,22,87,441,1,33,5.1,27.6,1.2,0.4475,0.537,1.023,16,2,5.0,3,60.0%,13,4.3,0,0,8,2.6,0.2,0.8,1.0
539,2014,Steven Jackson,ATL,31,190,707,6,55,3.7,47.1,1.33,3.132831578947368,4.166666,3.0,15,15,27.0,20,74.1%,148,7.4,0,6,17,5.5,1.3,9.9,0.0
540,2013,Steven Jackson,ATL,30,157,543,6,50,3.5,45.3,1.23,2.3712731707317074,2.916666,5.25,12,12,49.0,33,67.3%,191,5.8,1,11,25,3.9,2.8,15.9,0.0
541,2012,Steven Jackson,STL,29,258,1045,4,46,4.1,65.3,1.206,7.379076285240464,8.899166000000001,7.0,16,16,53.0,38,71.7%,321,8.4,0,13,22,6.1,2.4,20.1,0.0
542,2011,Steven Jackson,STL,28,260,1145,5,47,4.4,76.3,1.2,7.582638333333333,9.099166,7.2,15,15,58.0,42,72.4%,333,7.9,1,17,50,5.7,2.8,22.2,2.0
543,2009,Steven Jackson,STL,26,324,1416,4,58,4.4,94.4,1.23,6.0155821138211385,7.399166,5.5,15,15,75.0,51,68.0%,322,6.3,0,16,38,4.3,3.4,21.5,2.0
544,2008,Steven Jackson,STL,25,253,1042,7,56,4.1,86.8,1.16,2.6285913793103455,3.049166,12.0,12,11,62.0,40,64.5%,379,9.5,1,15,53,6.1,3.3,31.6,5.0
545,2007,Steven Jackson,STL,24,237,1002,5,54,4.2,83.5,1.09,1.1123853211009176,1.2125,0.6675,12,12,52.0,38,73.1%,271,7.1,1,13,37,5.2,3.2,22.6,5.0
546,2006,Steven Jackson,STL,23,346,1528,13,59,4.4,95.5,1.02,1.718137254901961,1.7525,0.5025,16,16,110.0,90,81.8%,806,9.0,3,32,64,7.3,5.6,50.4,4.0
547,2005,Steven Jackson,STL,22,254,1046,8,51,4.1,69.7,0.855,1.85672514619883,1.5875,2.2875,15,15,55.0,43,78.2%,320,7.4,2,13,27,5.8,2.9,21.3,3.0
548,2004,Steven Jackson,STL,21,134,673,4,48,5.0,48.1,0.80582,1.3278399642600085,1.07,2.71,14,3,24.0,19,79.2%,189,9.9,0,6,28,7.9,1.4,13.5,1.0
549,2019,T.J. Yeldon,BUF,26,17,63,0,12,3.7,10.5,1.882,0.6907545164718385,1.3,1.55,6,0,15.0,13,86.7%,124,9.5,0,6,23,8.3,2.2,20.7,1.0
550,2018,T.J. Yeldon,JAX,25,104,414,1,20,4.0,29.6,1.7719999999999998,1.061882618510158,1.8816560000000002,1.241424,14,5,78.0,55,70.5%,487,8.9,4,20,37,6.2,3.9,34.8,1.0
551,2017,T.J. Yeldon,JAX,24,49,253,2,58,5.2,25.3,1.67,0.9657772455089821,1.612848,0.972616,10,0,41.0,30,73.2%,224,7.5,0,14,20,5.5,3.0,22.4,2.0
552,2016,T.J. Yeldon,JAX,23,130,465,1,16,3.6,31.0,1.5527,0.8656147356218199,1.34404,0.703808,15,13,68.0,50,73.5%,312,6.2,1,16,17,4.6,3.3,20.8,2.0
553,2015,T.J. Yeldon,JAX,22,182,740,2,45,4.1,61.7,1.4328,0.7504410943606923,1.075232,2.9959279999999997,12,12,46.0,36,78.3%,279,7.8,1,15,67,6.1,3.0,23.3,0.0
554,2020,Tarik Cohen,CHI,25,14,74,0,17,5.3,24.7,1.982,1.5344545913218968,3.041289,8.133,3,0,9.0,6,66.7%,41,6.8,0,1,20,4.6,2.0,13.7,0.0
555,2019,Tarik Cohen,CHI,24,64,213,0,19,3.3,13.3,1.882,0.42682731137088215,0.803289,0.645,16,11,104.0,79,76.0%,456,5.8,3,18,31,4.4,4.9,28.5,3.0
556,2018,Tarik Cohen,CHI,23,99,444,3,32,4.5,27.8,1.7719999999999998,0.40253329571106106,0.7132890000000001,0.555,16,7,91.0,71,78.0%,725,10.2,5,30,70,8.0,4.4,45.3,7.0
557,2017,Tarik Cohen,CHI,22,87,370,2,46,4.3,23.1,1.67,0.3732269461077844,0.623289,1.098156,16,4,71.0,53,74.6%,353,6.7,1,9,70,5.0,3.3,22.1,3.0
558,2020,Tevin Coleman,SFO,27,18,30,0,10,1.7,15.0,1.982,2.4564833501513625,4.86875,4.9,3,1,4.0,3,75.0%,34,11.3,0,2,18,8.5,1.0,11.3,0.0
559,2019,Tevin Coleman,SFO,26,137,544,6,48,4.0,38.9,1.882,1.9128586609989369,3.6,3.56875,14,11,30.0,21,70.0%,180,8.6,1,9,37,6.0,1.5,12.9,0.0
560,2018,Tevin Coleman,ATL,25,167,800,4,65,4.8,50.0,1.7719999999999998,0.5518843115124153,0.9779389999999999,0.791628,16,14,44.0,32,72.7%,276,8.6,5,15,39,6.3,2.0,17.3,2.0
561,2017,Tevin Coleman,ATL,24,156,628,5,52,4.0,41.9,1.67,0.5187491017964072,0.866311,0.68,15,3,39.0,27,69.2%,299,11.1,3,13,39,7.7,1.8,19.9,1.0
562,2016,Tevin Coleman,ATL,23,118,520,8,55,4.4,40.0,1.5527,0.485483995620532,0.753811,0.5675,13,0,40.0,31,77.5%,421,13.6,3,16,49,10.5,2.4,32.4,1.0
563,2015,Tevin Coleman,ATL,22,87,392,1,46,4.5,32.7,1.4328,0.4336341429369068,0.621311,1.180244,12,3,11.0,2,18.2%,14,7.0,0,0,10,1.3,0.2,1.2,3.0
564,2018,Theo Riddick,DET,27,40,171,0,19,4.3,12.2,1.7719999999999998,2.3349322799097063,4.1375,3.1625,14,3,74.0,61,82.4%,384,6.3,0,16,20,5.2,4.4,27.4,0.0
565,2017,Theo Riddick,DET,26,84,286,3,21,3.4,17.9,1.67,1.4371257485029942,2.4,1.475,16,5,71.0,53,74.6%,444,8.4,2,20,63,6.3,3.3,27.8,1.0
566,2016,Theo Riddick,DET,25,92,357,1,42,3.9,35.7,1.5527,1.1497713660075994,1.78525,4.65,10,8,67.0,53,79.1%,371,7.0,5,20,23,5.5,5.3,37.1,0.0
567,2015,Theo Riddick,DET,24,43,133,0,16,3.1,8.3,1.4328,0.4241694584031268,0.60775,0.585,16,1,99.0,80,80.8%,697,8.7,3,32,34,7.0,5.0,43.6,1.0
568,2014,Theo Riddick,DET,23,20,51,0,9,2.6,3.6,1.33,0.3892857142857143,0.51775,0.495,14,2,50.0,34,68.0%,316,9.3,4,14,41,6.3,2.4,22.6,0.0
569,2013,Theo Riddick,DET,22,9,25,1,7,2.8,1.8,1.23,0.34776422764227644,0.42775,0.496,14,0,8.0,4,50.0%,26,6.5,0,1,8,3.3,0.3,1.9,0.0
570,2017,Thomas Rawls,SEA,24,58,157,0,23,2.7,13.1,1.67,0.37125748502994016,0.62,0.615,12,3,13.0,9,69.2%,94,10.4,0,4,22,7.2,0.8,7.8,1.0
571,2016,Thomas Rawls,SEA,23,109,349,3,45,3.2,38.8,1.5527,0.34134089006247176,0.53,0.525,9,7,17.0,13,76.5%,96,7.4,0,4,20,5.6,1.4,10.7,0.0
572,2015,Thomas Rawls,SEA,22,147,830,4,69,5.6,63.8,1.4328,0.2926807649357901,0.419353,0.429353,13,7,11.0,9,81.8%,76,8.4,1,2,31,6.9,0.7,5.8,1.0
573,2016,Tim Hightower,NOR,30,133,548,4,30,4.1,34.3,1.5527,0.5409931087782572,0.84,0.84,16,1,26.0,22,84.6%,200,9.1,1,11,50,7.7,1.4,12.5,0.0
574,2015,Tim Hightower,NOR,29,96,375,4,26,3.9,46.9,1.4328,0.21615438302624232,0.309706,0.394412,8,3,13.0,12,92.3%,129,10.8,0,7,27,9.9,1.5,16.1,0.0
575,2020,Todd Gurley,ATL,26,122,485,7,35,4.0,69.3,1.982,2.7749747729566088,5.5,5.5,10,10,24.0,16,66.7%,82,5.1,0,3,14,3.4,1.6,8.2,2.0
576,2019,Todd Gurley,LAR,25,223,857,12,25,3.8,57.1,1.882,4.888416578108396,9.2,5.0,15,15,49.0,31,63.3%,207,6.7,2,8,23,4.2,2.1,13.8,3.0
577,2018,Todd Gurley,LAR,24,256,1251,17,36,4.9,89.4,1.7719999999999998,4.0791794582392775,7.228306,21.95,14,14,81.0,59,72.8%,580,9.8,4,27,56,7.2,4.2,41.4,1.0
578,2017,Todd Gurley,LAR,23,279,1305,13,57,4.7,87.0,1.67,2.257459880239521,3.7699580000000004,1.691652,15,15,87.0,64,73.6%,788,12.3,6,32,80,9.1,4.3,52.5,5.0
579,2016,Todd Gurley,LAR,22,278,885,6,24,3.2,55.3,1.5527,2.0233348360919687,3.141632,1.063326,16,16,58.0,43,74.1%,327,7.6,0,16,33,5.6,2.7,20.4,2.0
580,2015,Todd Gurley,STL,21,229,1106,10,71,4.8,85.1,1.4328,1.7541219988833054,2.513306,8.748224,13,12,26.0,21,80.8%,188,9.0,0,9,31,7.2,1.6,14.5,3.0
581,2020,Tony Pollard,DAL,23,31,109,1,13,3.5,15.6,1.982,0.4251170534813321,0.8425819999999999,0.675,11,1,21.0,15,71.4%,88,5.9,0,5,18,4.2,1.4,8.0,0.0
582,2019,Tony Pollard,DAL,22,86,455,2,44,5.3,30.3,1.882,0.35206269925611045,0.662582,1.1653280000000001,15,0,20.0,15,75.0%,107,7.1,1,4,21,5.4,1.0,7.1,1.0
583,2015,Tre Mason,STL,22,75,207,1,15,2.8,15.9,1.4328,0.4811627582356226,0.6894100000000001,0.530035,13,3,25.0,18,72.0%,88,4.9,0,5,16,3.5,1.4,6.8,3.0
584,2014,Tre Mason,STL,21,179,765,4,89,4.3,63.8,1.33,0.4356203007518797,0.579375,1.0575,12,9,26.0,16,61.5%,148,9.3,1,8,35,5.7,1.3,12.3,2.0
585,2018,Ty Montgomery,2TM,25,41,188,1,16,4.6,14.5,1.7719999999999998,0.2140654627539504,0.379324,0.379324,13,0,40.0,25,62.5%,235,9.4,0,7,43,5.9,1.9,18.1,2.0
586,2017,Ty Montgomery,GNB,24,71,273,3,37,3.8,34.1,1.67,0.472237125748503,0.788636,0.637,8,5,31.0,23,74.2%,173,7.5,1,8,23,5.6,2.9,21.6,0.0
587,2016,Ty Montgomery,GNB,23,77,457,3,61,5.9,30.5,1.5527,0.446567913956334,0.693386,0.54175,15,6,56.0,44,78.6%,348,7.9,0,20,24,6.2,2.9,23.2,2.0
588,2013,Vick Ballard,IND,23,13,63,0,12,4.8,63.0,1.23,0.2841886178861789,0.349552,0.31341199999999997,1,1,2.0,1,50.0%,-5,-5.0,0,0,-5,-2.5,1.0,-5.0,0.0
589,2012,Vick Ballard,IND,22,211,814,2,26,3.9,50.9,1.206,0.3533499170812603,0.42613999999999996,0.53456,16,12,27.0,17,63.0%,152,8.9,1,7,19,5.6,1.1,9.5,3.0
590,2013,Vonta Leach,BAL,32,11,23,0,6,2.1,1.4,1.23,1.195121951219512,1.47,2.0,16,7,20.0,11,55.0%,47,4.3,1,3,12,2.4,0.7,2.9,1.0
591,2020,Wayne Gallman,NYG,26,25,110,1,26,4.4,18.3,1.982,0.4691786074672049,0.9299120000000001,0.825,10,5,21.0,16,76.2%,72,4.5,0,3,18,3.4,1.6,7.2,0.0
592,2019,Wayne Gallman,NYG,25,29,110,2,22,3.8,11.0,1.882,0.3984654622741764,0.749912,0.645,10,2,15.0,11,73.3%,102,9.3,1,4,21,6.8,1.1,10.2,1.0
593,2018,Wayne Gallman,NYG,24,51,176,1,9,3.5,11.7,1.7719999999999998,0.37241083521444696,0.6599119999999999,0.555,15,1,22.0,14,63.6%,89,6.4,0,5,21,4.0,0.9,5.9,2.0
594,2017,Wayne Gallman,NYG,23,111,476,0,24,4.3,36.6,1.67,0.34126467065868266,0.569912,0.884648,13,1,48.0,34,70.8%,193,5.7,1,8,11,4.0,2.6,14.8,3.0
595,2019,Wendell Smallwood,WAS,25,22,81,0,17,3.7,5.4,1.882,0.3825717321997874,0.72,0.72,15,0,13.0,9,69.2%,64,7.1,0,4,18,4.9,0.6,4.3,0.0
596,2018,Wendell Smallwood,PHI,24,87,364,3,15,4.2,22.8,1.7719999999999998,0.3900366817155757,0.691145,0.63,16,6,35.0,28,80.0%,230,8.2,2,11,36,6.6,1.8,14.4,2.0
597,2017,Wendell Smallwood,PHI,23,47,174,1,26,3.7,21.8,1.67,0.35996706586826344,0.6011449999999999,0.54,8,3,18.0,13,72.2%,103,7.9,0,6,24,5.7,1.6,12.9,0.0
598,2016,Wendell Smallwood,PHI,22,77,312,1,19,4.1,24.0,1.5527,0.3291975268886456,0.511145,0.69458,13,3,13.0,6,46.2%,55,9.2,0,1,18,4.2,0.5,4.2,1.0
599,2013,Willis McGahee,CLE,32,138,377,2,16,2.7,31.4,1.23,0.3981349593495935,0.48970600000000003,0.829412,12,6,11.0,8,72.7%,20,2.5,0,0,9,1.8,0.7,1.7,1.0
600,2015,Zac Stacy,NYJ,24,31,89,1,18,2.9,11.1,1.4328,0.4082914572864322,0.585,0.585,8,0,12.0,9,75.0%,65,7.2,0,4,16,5.4,1.1,8.1,0.0
601,2014,Zac Stacy,STL,23,76,293,1,16,3.9,22.5,1.33,0.4053571428571429,0.539125,0.495,13,5,23.0,18,78.3%,152,8.4,0,9,17,6.6,1.4,11.7,2.0
602,2013,Zac Stacy,STL,22,250,973,7,40,3.9,69.5,1.23,0.3651422764227642,0.449125,0.5815,14,12,35.0,26,74.3%,141,5.4,1,8,25,4.0,1.9,10.1,1.0
