Year,Team,Adjusted Line yards,,Running Back Yards,,Power Success Rate,,Open Field Yards,,Second Level Yards,,Stuffed Rate,,Adjusted Sack Rate,,Sacks
2020,ARI,30,3.91,19,4.16,16,66%,16,0.74,27,1.08,25,18.60%,8,5.40%,29
2020,ATL,26,4.12,29,3.9,26,57%,26,0.55,30,1.03,16,17.00%,18,6.70%,41
2020,BAL,8,4.59,1,5.21,5,75%,1,1.24,9,1.3,5,14.10%,23,7.50%,32
2020,BUF,15,4.36,11,4.49,17,66%,9,0.87,13,1.26,15,16.90%,5,4.80%,27
2020,CAR,13,4.43,31,3.85,6,73%,32,0.32,19,1.17,13,16.30%,17,6.60%,36
2020,CHI,25,4.16,14,4.39,25,61%,10,0.84,20,1.16,29,19.20%,15,6.20%,36
2020,CIN,31,3.89,27,3.92,24,61%,25,0.56,22,1.13,26,18.70%,24,7.60%,48
2020,CLE,6,4.79,4,4.91,28,56%,4,1.1,1,1.45,24,18.50%,16,6.50%,26
2020,DAL,12,4.48,21,4.09,11,71%,27,0.54,23,1.12,23,18.50%,14,6.10%,44
2020,DEN,28,4.02,12,4.46,3,78%,8,0.87,14,1.26,32,21.30%,19,6.80%,32
2020,DET,19,4.3,22,4.07,14,67%,20,0.62,29,1.06,18,17.30%,21,7.20%,42
2020,GNB,5,4.85,3,5.03,19,66%,5,1.04,5,1.37,1,13.50%,6,5.00%,21
2020,HOU,27,4.02,25,4.04,14,67%,18,0.68,32,0.94,8,15.10%,32,9.50%,50
2020,IND,20,4.23,9,4.6,17,66%,7,0.97,8,1.31,22,18.30%,7,5.20%,21
2020,JAX,11,4.49,13,4.41,7,73%,19,0.68,15,1.22,7,14.90%,25,7.60%,44
2020,KAN,14,4.37,18,4.22,32,51%,30,0.48,7,1.32,20,17.70%,4,4.50%,24
2020,LAC,29,4,28,3.91,31,54%,24,0.57,28,1.07,27,18.90%,12,6.10%,34
2020,LAR,7,4.66,16,4.34,12,69%,15,0.78,17,1.18,30,19.30%,2,4.20%,25
2020,LVR,18,4.32,20,4.1,21,63%,21,0.61,18,1.18,19,17.30%,10,5.50%,28
2020,MIA,24,4.18,26,3.95,13,67%,29,0.5,26,1.09,21,17.90%,20,6.90%,34
2020,MIN,1,5.06,5,4.88,27,57%,11,0.83,3,1.43,6,14.10%,26,7.70%,39
2020,NWE,3,4.93,7,4.82,4,78%,13,0.81,4,1.39,3,13.80%,28,8.00%,37
2020,NOR,4,4.88,8,4.69,2,78%,12,0.82,12,1.28,2,13.60%,13,6.10%,29
2020,NYG,21,4.2,24,4.05,20,66%,22,0.6,24,1.11,14,16.80%,27,7.90%,50
2020,NYJ,16,4.35,30,3.89,22,62%,31,0.33,25,1.09,10,15.20%,29,8.10%,43
2020,PHI,23,4.19,6,4.86,9,73%,2,1.18,11,1.29,12,16.20%,31,9.40%,65
2020,PIT,32,3.78,32,3.82,30,56%,17,0.72,31,1.02,28,18.90%,1,2.70%,14
2020,SEA,10,4.53,15,4.35,22,62%,23,0.58,6,1.33,17,17.00%,30,8.20%,48
2020,SFO,22,4.2,17,4.31,29,56%,14,0.78,10,1.29,31,20.70%,9,5.50%,39
2020,TAM,9,4.55,10,4.57,1,88%,6,0.97,21,1.15,4,13.80%,3,4.30%,22
2020,TEN,2,4.97,2,5.17,10,71%,3,1.14,2,1.44,9,15.20%,11,5.50%,25
2020,WAS,17,4.35,23,4.06,7,73%,28,0.51,16,1.21,11,15.20%,22,7.30%,50
2019,ARI,22,4.12,8,4.61,4,74%,9,0.97,8,1.3,8,17.50%,26,8.40%,50
2019,ATL,24,3.98,28,3.73,16,65%,27,0.52,25,1.08,27,21.30%,13,6.60%,50
2019,BAL,3,4.73,1,4.97,23,61%,11,0.95,2,1.37,2,13.00%,8,6.00%,28
2019,BUF,15,4.33,17,4.26,24,58%,17,0.78,10,1.27,28,22.40%,23,7.80%,40
2019,CAR,17,4.3,3,4.84,32,43%,1,1.26,15,1.2,10,17.80%,29,8.60%,58
2019,CHI,29,3.86,30,3.56,31,50%,30,0.39,31,0.89,16,18.50%,21,7.30%,45
2019,CIN,26,3.9,23,3.95,13,67%,19,0.7,23,1.1,29,22.40%,20,7.30%,48
2019,CLE,10,4.46,2,4.85,29,53%,2,1.17,5,1.34,14,18.40%,18,7.20%,41
2019,DAL,2,4.91,6,4.69,2,76%,18,0.72,1,1.42,1,12.70%,2,4.30%,23
2019,DEN,11,4.45,19,4.24,8,69%,23,0.61,17,1.18,3,15.30%,25,8.10%,41
2019,DET,20,4.21,24,3.94,19,64%,25,0.54,22,1.12,12,18.40%,19,7.20%,43
2019,GNB,5,4.63,13,4.47,27,54%,20,0.69,9,1.28,6,17.10%,10,6.40%,36
2019,HOU,21,4.13,12,4.52,1,81%,12,0.93,12,1.26,11,17.80%,27,8.40%,49
2019,IND,12,4.41,10,4.58,7,69%,10,0.97,4,1.35,22,20.20%,7,6.00%,32
2019,JAX,27,3.88,20,4.17,20,63%,4,1.09,27,1.02,23,20.40%,16,7.00%,41
2019,KAN,28,3.88,21,4.15,21,63%,7,1.02,29,0.92,18,18.90%,4,4.90%,25
2019,LAC,13,4.37,22,4.13,12,68%,21,0.68,19,1.16,21,19.70%,9,6.20%,34
2019,LAR,19,4.27,26,3.8,18,65%,29,0.44,14,1.23,26,21.30%,1,3.70%,22
2019,MIA,32,3.18,32,2.96,6,70%,31,0.25,32,0.86,32,26.30%,28,8.60%,58
2019,MIN,7,4.6,7,4.67,11,68%,6,1.04,13,1.25,5,16.10%,14,6.70%,28
2019,NWE,9,4.49,25,3.9,17,65%,28,0.49,16,1.19,24,20.80%,5,5.30%,28
2019,NOR,1,4.92,11,4.57,13,67%,15,0.8,11,1.27,4,15.60%,3,4.70%,25
2019,NYG,25,3.96,18,4.25,26,58%,8,0.99,24,1.1,19,19.60%,17,7.10%,43
2019,NYJ,31,3.81,31,3.29,8,69%,32,0.17,30,0.91,25,20.90%,30,9.20%,52
2019,OAK,6,4.63,16,4.26,24,58%,22,0.67,21,1.14,7,17.30%,6,5.90%,29
2019,PHI,14,4.34,14,4.36,3,76%,16,0.78,18,1.17,13,18.40%,11,6.40%,37
2019,PIT,30,3.84,27,3.74,27,54%,26,0.52,26,1.05,31,23.30%,12,6.60%,32
2019,SEA,16,4.33,9,4.61,10,68%,13,0.93,6,1.33,9,17.70%,24,7.90%,48
2019,SFO,8,4.53,5,4.8,13,67%,3,1.16,7,1.32,20,19.70%,15,6.90%,36
2019,TAM,23,4,29,3.59,30,53%,24,0.55,28,0.94,30,22.90%,22,7.60%,47
2019,TEN,4,4.65,4,4.83,5,73%,5,1.05,3,1.36,15,18.50%,32,11.20%,56
2019,WAS,18,4.28,15,4.36,22,61%,14,0.89,20,1.14,17,18.70%,31,9.80%,50
2018,ARI,25,4,29,3.58,10,69%,31,0.36,30,0.98,6,16.50%,26,9.20%,52
2018,ATL,24,4.08,14,4.59,27,60%,2,1.31,13,1.29,31,25.30%,14,6.60%,42
2018,BAL,9,4.59,16,4.53,1,78%,24,0.67,7,1.33,3,14.60%,8,6.10%,32
2018,BUF,30,3.89,31,3.53,14,68%,30,0.43,32,0.92,23,20.90%,23,8.00%,41
2018,CAR,11,4.55,10,4.62,18,67%,12,0.97,17,1.27,7,17.00%,10,6.10%,32
2018,CHI,28,3.92,28,3.83,18,67%,26,0.63,31,0.96,22,20.50%,7,6.00%,33
2018,CIN,22,4.1,12,4.61,7,71%,3,1.19,11,1.3,20,20.10%,19,7.00%,37
2018,CLE,18,4.24,11,4.61,32,50%,4,1.16,16,1.27,29,23.10%,16,6.70%,38
2018,DAL,8,4.61,17,4.47,3,75%,14,0.87,9,1.31,11,17.90%,28,9.70%,56
2018,DEN,6,4.75,3,4.88,7,71%,10,1.01,5,1.42,14,18.40%,11,6.30%,34
2018,DET,20,4.14,25,4.1,14,68%,23,0.74,22,1.18,27,21.80%,12,6.30%,41
2018,GNB,7,4.71,6,4.7,21,65%,20,0.8,2,1.49,12,18.10%,21,7.90%,53
2018,HOU,27,3.93,27,4.01,23,63%,17,0.83,26,1.09,21,20.40%,32,11.60%,62
2018,IND,4,4.83,15,4.55,28,59%,22,0.74,6,1.34,9,17.80%,2,4.10%,18
2018,JAX,21,4.12,32,3.47,12,69%,32,0.29,29,0.98,19,19.50%,27,9.30%,53
2018,KAN,16,4.37,8,4.66,4,72%,11,1.01,18,1.27,13,18.10%,5,5.40%,26
2018,LAC,5,4.8,2,4.91,18,67%,7,1.05,4,1.46,16,18.40%,13,6.40%,34
2018,LAR,1,5.49,1,5,13,68%,16,0.84,1,1.58,2,14.60%,6,5.40%,33
2018,MIA,14,4.47,5,4.79,24,62%,8,1.02,12,1.29,15,18.40%,31,10.50%,52
2018,MIN,23,4.09,19,4.29,30,58%,9,1.02,23,1.16,25,21.50%,9,6.10%,40
2018,NWE,3,5.03,22,4.24,29,58%,25,0.64,21,1.19,4,15.90%,1,3.80%,21
2018,NOR,2,5.19,13,4.6,9,70%,21,0.77,14,1.28,1,14.50%,3,4.40%,20
2018,NYG,29,3.9,7,4.69,10,69%,1,1.6,25,1.1,24,20.90%,20,7.40%,47
2018,NYJ,32,3.59,26,4.05,26,61%,6,1.06,28,1.05,32,26.10%,18,6.70%,37
2018,OAK,13,4.49,21,4.24,31,53%,28,0.6,8,1.31,10,17.90%,25,8.70%,52
2018,PHI,19,4.14,24,4.12,25,62%,27,0.61,15,1.28,26,21.50%,17,6.70%,40
2018,PIT,15,4.44,18,4.36,5,71%,19,0.8,20,1.2,5,15.90%,4,4.40%,24
2018,SEA,12,4.5,9,4.64,5,71%,15,0.85,10,1.3,8,17.30%,30,10.40%,51
2018,SFO,10,4.56,4,4.84,16,68%,5,1.13,3,1.47,18,19.40%,22,8.00%,48
2018,TAM,31,3.78,30,3.55,22,64%,29,0.49,27,1.06,30,24.70%,15,6.60%,41
2018,TEN,17,4.33,20,4.25,17,67%,18,0.83,24,1.15,17,18.90%,29,10.20%,47
2018,WAS,26,3.96,23,4.16,2,76%,13,0.93,19,1.24,28,22.80%,24,8.50%,44
2017,ARI,17,4.02,30,3.38,9,68%,32,0.3,32,0.9,13,19.60%,26,8.10%,52
2017,ATL,8,4.35,7,4.25,17,64%,10,0.85,6,1.25,20,21.10%,8,4.80%,24
2017,BAL,6,4.36,8,4.22,7,69%,17,0.7,5,1.27,14,19.80%,4,4.30%,27
2017,BUF,27,3.67,22,3.96,22,61%,8,0.9,15,1.17,27,25.80%,31,9.30%,47
2017,CAR,25,3.78,28,3.62,5,72%,22,0.53,30,0.94,12,19.40%,19,7.10%,35
2017,CHI,28,3.65,15,4.08,26,58%,6,0.97,11,1.2,28,25.80%,23,7.70%,39
2017,CIN,24,3.79,25,3.7,24,59%,31,0.41,12,1.17,9,18.50%,20,7.20%,40
2017,CLE,14,4.09,10,4.15,4,74%,15,0.75,8,1.23,11,18.90%,22,7.60%,50
2017,DAL,4,4.66,6,4.26,3,77%,19,0.67,16,1.16,4,16.70%,15,6.40%,32
2017,DEN,9,4.31,17,4.03,15,65%,26,0.51,18,1.11,7,18.20%,29,9.10%,52
2017,DET,32,3.16,31,3.31,32,46%,23,0.52,29,0.95,31,27.20%,21,7.50%,47
2017,GNB,5,4.6,13,4.13,11,66%,24,0.51,19,1.1,2,15.90%,28,8.60%,51
2017,HOU,20,3.89,24,3.78,18,63%,25,0.51,26,1,18,20.70%,30,9.20%,54
2017,IND,18,3.98,27,3.63,2,81%,29,0.44,25,1,16,20.10%,32,10.00%,56
2017,JAX,13,4.12,9,4.16,19,62%,7,0.96,27,0.98,10,18.80%,5,4.40%,24
2017,KAN,12,4.14,2,4.66,1,82%,2,1.17,9,1.23,8,18.50%,17,6.70%,37
2017,LAC,26,3.71,23,3.93,25,58%,12,0.78,13,1.17,26,23.90%,3,4.20%,18
2017,LAR,3,4.7,3,4.53,29,50%,11,0.82,1,1.42,23,22.00%,9,5.60%,28
2017,MIA,30,3.26,14,4.09,6,71%,4,1.07,20,1.09,30,27.00%,11,5.80%,33
2017,MIN,19,3.96,20,3.98,10,67%,13,0.77,17,1.11,19,21.00%,6,4.40%,27
2017,NWE,1,5.05,5,4.43,14,65%,20,0.6,2,1.35,3,16.30%,13,6.40%,35
2017,NOR,2,4.93,1,5.11,7,69%,1,1.37,3,1.3,1,14.70%,2,4.00%,20
2017,NYG,15,4.06,18,4.02,29,50%,18,0.68,24,1.02,6,17.30%,10,5.80%,34
2017,NYJ,29,3.4,21,3.96,31,48%,5,1.04,23,1.03,29,26.30%,27,8.60%,47
2017,OAK,11,4.17,11,4.14,21,62%,16,0.73,14,1.17,22,21.60%,7,4.60%,24
2017,PHI,22,3.85,4,4.52,16,64%,3,1.14,4,1.3,21,21.30%,12,6.20%,36
2017,PIT,7,4.36,16,4.07,12,65%,27,0.48,10,1.22,5,16.80%,1,3.90%,24
2017,SEA,31,3.18,32,3.3,27,55%,21,0.54,28,0.97,32,29.60%,25,8.10%,43
2017,SFO,10,4.2,12,4.14,20,62%,14,0.76,7,1.24,25,23.00%,18,6.80%,43
2017,TAM,16,4.06,29,3.53,12,65%,30,0.41,31,0.93,17,20.20%,16,6.50%,40
2017,TEN,23,3.85,19,4,23,60%,9,0.9,21,1.09,24,22.60%,14,6.40%,35
2017,WAS,21,3.86,26,3.65,27,55%,28,0.45,22,1.04,15,19.90%,24,7.70%,41
2016,ARI,7,4.54,14,4.28,5,72%,11,0.82,12,1.23,20,21.20%,21,6.30%,41
2016,ATL,10,4.4,7,4.66,17,61%,3,1.2,7,1.3,23,21.90%,23,6.50%,37
2016,BAL,20,4.07,17,4.02,9,70%,18,0.66,20,1.11,14,19.60%,8,5.30%,33
2016,BUF,16,4.16,1,5.12,20,60%,2,1.32,1,1.41,22,21.70%,31,9.30%,46
2016,CAR,25,3.83,23,3.9,3,73%,19,0.63,23,1.1,24,22.00%,19,6.20%,36
2016,CHI,8,4.48,3,4.69,1,75%,5,1.06,10,1.27,11,17.80%,7,4.90%,28
2016,CIN,14,4.2,21,3.91,19,61%,23,0.55,26,1.04,15,19.60%,26,7.30%,41
2016,CLE,28,3.73,2,4.82,7,71%,1,1.36,2,1.4,27,22.20%,32,10.60%,66
2016,DAL,4,4.63,4,4.68,3,73%,8,0.98,5,1.36,5,15.50%,13,5.60%,28
2016,DEN,18,4.09,27,3.78,29,51%,26,0.5,13,1.19,21,21.20%,27,7.40%,40
2016,DET,31,3.49,29,3.64,26,56%,27,0.47,21,1.1,29,22.60%,18,6.10%,37
2016,GNB,19,4.08,12,4.36,30,49%,9,0.94,15,1.15,17,20.30%,11,5.50%,35
2016,HOU,15,4.16,16,4.14,18,61%,20,0.61,16,1.14,6,15.60%,12,5.60%,32
2016,IND,2,4.69,24,3.83,15,63%,32,0.27,28,1.01,1,12.90%,28,7.60%,44
2016,JAX,27,3.73,26,3.8,24,58%,24,0.55,24,1.06,18,20.40%,9,5.30%,34
2016,KAN,17,4.1,22,3.91,21,60%,22,0.57,27,1.04,10,17.70%,14,5.70%,32
2016,LAR,29,3.66,31,3.23,16,61%,30,0.3,31,0.89,28,22.40%,29,8.10%,49
2016,MIA,22,3.97,8,4.59,28,52%,4,1.13,3,1.4,31,23.70%,21,6.30%,30
2016,MIN,30,3.64,32,3.15,31,47%,31,0.28,32,0.81,26,22.20%,17,6.00%,38
2016,NWE,9,4.46,18,3.99,22,59%,21,0.6,22,1.1,16,19.80%,6,4.60%,24
2016,NOR,1,4.93,9,4.53,9,70%,10,0.85,19,1.11,2,13.70%,5,4.50%,27
2016,NYG,24,3.89,28,3.7,14,63%,29,0.4,29,1.01,9,17.20%,2,3.90%,22
2016,NYJ,12,4.29,15,4.25,2,74%,16,0.67,11,1.23,7,16.40%,20,6.30%,35
2016,OAK,11,4.39,6,4.66,23,59%,7,1,8,1.29,8,16.70%,1,3.40%,18
2016,PHI,13,4.28,13,4.28,25,57%,17,0.67,6,1.36,12,18.40%,10,5.40%,33
2016,PIT,3,4.68,10,4.47,7,71%,25,0.52,4,1.4,4,15.50%,4,4.10%,21
2016,SDG,23,3.97,20,3.92,13,66%,12,0.76,30,1.01,19,21.20%,24,6.60%,36
2016,SEA,26,3.77,25,3.82,27,53%,15,0.7,18,1.12,30,22.90%,25,6.90%,42
2016,SFO,32,3.46,19,3.99,11,69%,14,0.72,17,1.12,25,22.10%,30,8.40%,47
2016,TAM,21,4.01,30,3.61,32,47%,28,0.45,25,1.06,32,23.90%,16,5.90%,35
2016,TEN,5,4.63,11,4.4,12,68%,13,0.72,9,1.28,13,18.90%,15,5.70%,28
2016,WAS,6,4.57,5,4.67,5,72%,6,1.06,14,1.15,3,15.20%,3,3.90%,23
2015,ARI,3,4.56,3,4.59,29,51%,4,1.15,6,1.22,16,20.50%,5,5.00%,27
2015,ATL,15,4.17,14,4.07,21,61%,19,0.68,1,1.33,22,22.00%,9,5.40%,32
2015,BAL,14,4.22,21,3.97,28,54%,21,0.62,11,1.21,25,22.70%,2,3.80%,24
2015,BUF,23,3.92,2,4.68,10,71%,2,1.18,2,1.28,17,21.00%,27,8.40%,42
2015,CAR,12,4.24,12,4.1,2,76%,22,0.61,5,1.23,8,18.20%,21,6.90%,33
2015,CHI,7,4.46,22,3.89,4,74%,32,0.3,23,1.05,2,15.80%,12,5.60%,34
2015,CIN,1,4.59,17,4,13,68%,31,0.42,14,1.2,3,16.50%,15,5.90%,32
2015,CLE,29,3.62,28,3.75,17,65%,14,0.78,30,0.98,31,25.70%,26,8.10%,53
2015,DAL,6,4.48,5,4.53,15,66%,8,1.01,12,1.21,4,17.40%,19,6.60%,33
2015,DEN,17,4.07,9,4.33,23,61%,9,0.93,3,1.24,23,22.50%,13,5.80%,39
2015,DET,22,3.93,27,3.76,12,69%,24,0.59,20,1.11,29,23.80%,22,6.90%,44
2015,GNB,25,3.88,19,4,21,61%,16,0.73,19,1.11,27,23.20%,23,7.40%,47
2015,HOU,18,4.06,26,3.79,16,65%,29,0.48,25,1.02,9,18.60%,17,6.30%,36
2015,IND,27,3.78,31,3.52,24,60%,28,0.48,29,0.99,24,22.60%,16,6.10%,37
2015,JAX,16,4.11,25,3.8,31,39%,20,0.63,28,1.01,21,22.00%,25,7.90%,51
2015,KAN,5,4.53,8,4.43,11,70%,11,0.84,8,1.22,6,18.00%,28,8.70%,46
2015,MIA,28,3.76,10,4.28,27,58%,7,1.01,7,1.22,30,23.80%,24,7.60%,45
2015,MIN,10,4.32,4,4.55,2,76%,5,1.12,4,1.24,12,19.80%,29,8.80%,45
2015,NWE,2,4.56,23,3.88,19,64%,30,0.42,16,1.17,1,15.50%,18,6.50%,38
2015,NOR,13,4.23,18,4,5,74%,18,0.68,17,1.17,14,20.00%,7,5.10%,32
2015,NYG,11,4.31,16,4.02,30,47%,23,0.59,21,1.1,11,19.40%,6,5.10%,27
2015,NYJ,26,3.87,15,4.06,26,60%,10,0.9,18,1.14,26,22.80%,3,4.10%,22
2015,OAK,19,4.03,20,3.98,7,72%,15,0.74,26,1.02,6,18.00%,4,4.60%,33
2015,PHI,30,3.54,13,4.09,1,84%,13,0.81,10,1.21,18,21.10%,20,6.60%,37
2015,PIT,8,4.45,6,4.53,24,60%,6,1.02,9,1.22,10,19.20%,8,5.40%,33
2015,SDG,31,3.47,30,3.53,6,73%,27,0.53,32,0.85,15,20.20%,11,5.40%,40
2015,SEA,4,4.56,7,4.44,8,71%,12,0.81,15,1.2,5,17.70%,30,9.00%,46
2015,SFO,32,3.44,32,3.51,14,67%,26,0.57,22,1.05,31,25.70%,31,9.10%,53
2015,STL,24,3.88,11,4.25,20,64%,3,1.17,24,1.03,28,23.30%,1,3.50%,18
2015,TAM,9,4.36,1,4.86,8,71%,1,1.4,13,1.2,13,20.00%,14,5.80%,27
2015,TEN,20,3.98,29,3.66,32,37%,25,0.58,31,0.95,20,21.90%,32,9.60%,54
2015,WAS,21,3.96,24,3.82,18,65%,17,0.68,27,1.02,19,21.60%,10,5.40%,27
2014,ARI,24,3.93,32,3.48,24,59%,30,0.42,32,0.92,14,19.20%,6,4.80%,28
2014,ATL,14,4.23,21,3.93,13,67%,17,0.68,24,1.02,20,20.60%,11,5.10%,31
2014,BAL,3,4.55,2,4.83,28,55%,1,1.3,3,1.36,23,20.90%,4,4.50%,19
2014,BUF,26,3.87,24,3.83,16,63%,20,0.64,30,0.94,7,17.50%,20,6.90%,39
2014,CAR,27,3.85,22,3.93,10,68%,25,0.59,18,1.14,17,19.90%,22,7.90%,42
2014,CHI,15,4.22,20,3.97,10,68%,32,0.38,12,1.21,10,18.20%,18,6.30%,41
2014,CIN,11,4.31,5,4.53,9,68%,3,1.04,16,1.16,3,15.50%,5,4.60%,23
2014,CLE,25,3.88,27,3.79,19,61%,22,0.6,19,1.13,31,22.50%,15,6.00%,31
2014,DAL,1,4.71,1,4.86,4,76%,2,1.1,2,1.38,11,18.20%,16,6.10%,30
2014,DEN,12,4.26,8,4.39,5,75%,7,0.83,10,1.24,9,18.20%,1,3.70%,17
2014,DET,21,4.05,28,3.75,15,65%,26,0.59,26,0.99,30,22.00%,21,6.90%,45
2014,GNB,8,4.36,9,4.39,25,59%,8,0.83,5,1.29,24,21.00%,13,5.50%,30
2014,HOU,23,3.97,18,4.07,13,67%,12,0.8,22,1.07,25,21.10%,8,4.90%,26
2014,IND,16,4.21,23,3.91,31,52%,29,0.46,13,1.2,15,19.30%,7,4.80%,29
2014,JAX,30,3.76,19,3.98,26,58%,10,0.81,27,0.96,22,20.90%,32,11.30%,71
2014,KAN,7,4.37,7,4.47,21,60%,4,0.97,17,1.15,5,16.90%,28,9.40%,49
2014,MIA,9,4.34,3,4.64,17,63%,9,0.82,1,1.42,12,18.30%,19,6.90%,46
2014,MIN,13,4.25,15,4.11,10,68%,21,0.61,21,1.07,2,15.40%,27,9.10%,51
2014,NWE,5,4.51,16,4.11,23,59%,23,0.6,11,1.22,27,21.10%,2,4.40%,26
2014,NOR,2,4.69,10,4.36,22,60%,15,0.73,8,1.25,13,18.40%,12,5.30%,30
2014,NYG,22,4.02,30,3.62,20,61%,28,0.47,29,0.94,18,20.00%,10,5.00%,30
2014,NYJ,20,4.11,13,4.2,5,75%,19,0.65,20,1.12,8,18.10%,25,8.80%,47
2014,OAK,28,3.81,26,3.8,29,55%,18,0.65,31,0.94,21,20.80%,3,4.40%,28
2014,PHI,29,3.77,11,4.36,1,81%,6,0.93,9,1.25,26,21.10%,9,4.90%,32
2014,PIT,6,4.38,6,4.5,8,69%,5,0.96,15,1.18,1,15.10%,14,5.80%,33
2014,SDG,31,3.52,31,3.51,3,78%,27,0.52,28,0.95,28,21.30%,17,6.10%,37
2014,SEA,4,4.52,4,4.62,2,78%,11,0.8,4,1.34,6,17.50%,24,8.70%,42
2014,SFO,10,4.32,14,4.16,32,49%,24,0.59,6,1.26,19,20.60%,31,9.80%,52
2014,STL,18,4.16,17,4.08,30,53%,16,0.71,14,1.18,29,21.30%,23,8.60%,47
2014,TAM,32,3.44,29,3.73,7,69%,13,0.79,25,0.99,32,23.10%,29,9.40%,52
2014,TEN,17,4.18,25,3.82,17,63%,31,0.39,23,1.06,4,16.50%,26,8.90%,50
2014,WAS,19,4.14,12,4.22,27,58%,14,0.75,7,1.26,16,19.50%,30,9.80%,58
2013,ARI,17,4.07,23,3.9,6,73%,15,0.71,24,1,16,19.30%,13,6.80%,41
2013,ATL,24,3.98,22,3.91,18,63%,14,0.76,25,0.98,25,20.80%,7,5.90%,44
2013,BAL,32,3.2,32,2.95,31,49%,32,0.3,32,0.76,32,26.00%,16,7.30%,48
2013,BUF,16,4.09,8,4.38,14,65%,6,0.96,14,1.15,11,18.40%,29,8.50%,48
2013,CAR,14,4.15,24,3.87,8,72%,25,0.55,22,1.04,14,19.10%,25,8.20%,43
2013,CHI,20,4.04,10,4.37,30,50%,3,1.03,11,1.23,26,20.80%,5,5.50%,30
2013,CIN,11,4.28,27,3.7,19,63%,30,0.37,26,0.97,9,18.10%,3,5.20%,29
2013,CLE,18,4.07,29,3.53,9,70%,31,0.37,28,0.95,18,19.80%,17,7.50%,49
2013,DAL,4,4.49,4,4.66,11,68%,4,1.02,6,1.29,2,15.50%,10,6.20%,35
2013,DEN,8,4.32,9,4.38,17,64%,20,0.63,4,1.3,3,15.60%,1,3.60%,20
2013,DET,13,4.19,12,4.23,3,76%,17,0.68,9,1.26,12,18.50%,2,4.50%,23
2013,GNB,5,4.36,6,4.52,1,83%,8,0.95,10,1.24,5,16.20%,26,8.30%,45
2013,HOU,6,4.36,14,4.2,26,56%,26,0.53,3,1.31,17,19.60%,11,6.60%,42
2013,IND,15,4.13,20,3.96,15,65%,21,0.63,19,1.09,10,18.20%,6,5.60%,32
2013,JAX,31,3.32,31,3.43,24,58%,24,0.59,30,0.93,30,24.60%,24,7.90%,50
2013,KAN,2,4.6,5,4.58,16,65%,9,0.91,8,1.27,7,16.50%,20,7.70%,41
2013,MIA,28,3.85,25,3.83,27,56%,19,0.64,23,1,27,21.30%,30,8.60%,58
2013,MIN,10,4.29,2,4.79,2,79%,1,1.26,7,1.29,20,20.10%,23,7.80%,44
2013,NWE,1,4.92,3,4.69,23,59%,12,0.8,2,1.39,4,15.60%,9,6.10%,40
2013,NOR,7,4.33,15,4.11,13,67%,18,0.65,12,1.22,23,20.70%,4,5.30%,37
2013,NYG,30,3.48,30,3.48,10,70%,28,0.45,18,1.1,31,24.60%,18,7.60%,40
2013,NYJ,21,4.03,11,4.27,12,68%,11,0.8,27,0.96,8,16.80%,27,8.40%,47
2013,OAK,26,3.94,16,4.09,20,61%,10,0.83,31,0.88,6,16.20%,28,8.50%,44
2013,PHI,25,3.95,1,5.02,7,72%,2,1.24,1,1.57,21,20.40%,31,9.40%,46
2013,PIT,22,4.02,28,3.57,21,61%,29,0.39,29,0.94,24,20.70%,15,7.30%,43
2013,SDG,3,4.52,13,4.2,5,74%,27,0.5,17,1.1,1,12.10%,8,5.90%,30
2013,SEA,9,4.3,18,4.03,32,49%,23,0.59,13,1.17,15,19.20%,32,9.60%,44
2013,SFO,29,3.79,17,4.06,28,55%,5,0.98,15,1.12,29,23.90%,22,7.80%,39
2013,STL,12,4.2,21,3.95,25,58%,16,0.68,20,1.05,13,18.80%,14,6.80%,36
2013,TAM,27,3.86,19,4,22,59%,13,0.77,16,1.12,22,20.70%,21,7.70%,47
2013,TEN,19,4.06,26,3.83,29,55%,22,0.6,21,1.05,19,20.10%,12,6.70%,37
2013,WAS,23,3.98,7,4.51,4,76%,7,0.96,5,1.29,28,22.40%,19,7.60%,43
2012,ARI,32,3.11,32,3.26,31,48%,20,0.66,32,0.85,32,27.00%,26,8.10%,58
2012,ATL,24,4.11,30,3.69,32,39%,21,0.66,26,1.03,27,23.40%,8,5.10%,28
2012,BAL,6,4.6,8,4.53,14,64%,11,0.87,14,1.22,4,16.40%,13,6.10%,38
2012,BUF,7,4.51,2,5.15,26,57%,4,1.14,3,1.42,8,17.10%,10,5.50%,30
2012,CAR,30,3.71,24,3.88,1,75%,19,0.72,22,1.08,26,22.80%,21,7.60%,36
2012,CHI,16,4.3,18,4.08,25,57%,18,0.73,19,1.12,25,20.80%,24,8.00%,44
2012,CIN,11,4.41,16,4.17,5,69%,9,0.9,31,0.91,9,17.30%,28,8.30%,46
2012,CLE,20,4.28,25,3.79,29,53%,31,0.4,23,1.08,16,19.20%,12,6.00%,36
2012,DAL,22,4.16,26,3.78,15,63%,26,0.52,25,1.04,12,18.70%,11,5.80%,36
2012,DEN,12,4.39,19,4.07,9,67%,25,0.53,16,1.19,20,19.90%,2,4.20%,21
2012,DET,15,4.3,20,4.02,27,56%,27,0.49,20,1.1,5,16.70%,1,3.70%,29
2012,GNB,25,4.1,31,3.58,7,68%,32,0.28,29,0.97,13,18.70%,31,8.60%,51
2012,HOU,9,4.43,12,4.34,18,61%,12,0.85,10,1.27,23,20.20%,9,5.30%,28
2012,IND,26,4,27,3.78,2,72%,28,0.48,13,1.23,30,24.70%,17,6.80%,41
2012,JAX,17,4.3,23,3.89,20,61%,23,0.58,28,1.01,15,18.90%,22,7.80%,50
2012,KAN,19,4.29,3,4.84,23,59%,2,1.25,8,1.33,19,19.50%,27,8.20%,40
2012,MIA,21,4.18,17,4.15,17,63%,17,0.76,17,1.14,11,18.20%,18,6.80%,37
2012,MIN,10,4.43,1,5.67,29,53%,1,2.08,4,1.41,29,24.20%,16,6.50%,32
2012,NWE,3,4.72,13,4.32,13,66%,22,0.63,9,1.33,10,17.50%,5,4.50%,27
2012,NOR,18,4.29,11,4.4,3,71%,9,0.9,12,1.25,14,18.90%,7,4.90%,26
2012,NYG,2,4.74,5,4.75,8,67%,7,0.96,7,1.38,18,19.50%,3,4.40%,20
2012,NYJ,5,4.66,21,4,9,67%,29,0.45,24,1.06,2,15.50%,30,8.60%,47
2012,OAK,29,3.74,22,3.9,28,55%,15,0.78,21,1.1,24,20.60%,4,4.40%,27
2012,PHI,28,3.79,10,4.47,6,69%,6,1.06,6,1.39,31,26.40%,25,8.10%,48
2012,PIT,27,3.95,28,3.71,18,61%,24,0.54,30,0.95,17,19.50%,15,6.30%,37
2012,SDG,23,4.15,29,3.71,21,60%,30,0.41,27,1.01,6,16.70%,32,8.90%,49
2012,SEA,4,4.7,4,4.83,4,70%,8,0.94,2,1.42,1,15.30%,20,7.20%,33
2012,SFO,1,4.77,6,4.74,12,66%,14,0.79,1,1.49,7,17.00%,29,8.50%,41
2012,STL,13,4.33,14,4.3,16,63%,16,0.76,11,1.26,21,20.00%,14,6.20%,35
2012,TAM,14,4.32,9,4.5,21,60%,5,1.09,15,1.19,22,20.10%,6,4.80%,26
2012,TEN,31,3.56,15,4.21,9,67%,3,1.19,18,1.13,28,23.60%,19,7.10%,39
2012,WAS,8,4.51,7,4.72,24,58%,13,0.85,5,1.4,3,16.30%,22,7.80%,33
2011,ARI,15,4.32,24,4.12,16,63%,21,0.74,27,1.07,18,19.80%,27,9.00%,54
2011,ATL,27,4.06,19,4.21,22,59%,6,1.06,17,1.16,31,24.80%,7,5.10%,26
2011,BAL,7,4.51,11,4.47,15,63%,5,1.06,30,1.05,11,17.90%,12,5.90%,33
2011,BUF,12,4.43,2,5.04,7,67%,2,1.29,9,1.25,14,18.40%,1,3.80%,23
2011,CAR,5,4.58,1,5.3,4,71%,1,1.4,5,1.38,6,16.60%,21,7.20%,35
2011,CHI,24,4.16,13,4.39,20,61%,8,1.03,11,1.24,30,24.10%,31,9.80%,49
2011,CIN,20,4.23,29,3.82,25,56%,28,0.51,23,1.12,27,22.00%,4,4.50%,25
2011,CLE,23,4.18,32,3.6,9,66%,31,0.41,32,0.85,2,15.70%,15,6.40%,39
2011,DAL,6,4.52,7,4.63,23,57%,9,0.97,8,1.31,16,18.80%,13,6.10%,39
2011,DEN,11,4.45,5,4.67,26,56%,10,0.94,7,1.32,9,17.10%,29,9.50%,42
2011,DET,31,3.93,18,4.22,28,52%,14,0.89,21,1.13,24,20.70%,11,5.80%,36
2011,GNB,17,4.29,26,4.06,20,61%,26,0.63,18,1.15,25,20.80%,23,7.40%,41
2011,HOU,4,4.64,6,4.66,14,64%,11,0.93,4,1.43,12,18.10%,22,7.30%,33
2011,IND,25,4.15,23,4.12,30,50%,23,0.72,20,1.13,17,19.50%,18,6.90%,35
2011,JAX,13,4.39,16,4.28,13,64%,20,0.76,16,1.19,8,17.00%,26,8.90%,44
2011,KAN,28,4.04,27,3.89,18,62%,27,0.55,25,1.11,21,20.30%,19,7.10%,34
2011,MIA,16,4.3,15,4.28,32,46%,17,0.82,19,1.14,13,18.30%,30,9.60%,52
2011,MIN,18,4.29,4,4.72,1,73%,3,1.16,3,1.43,28,23.00%,32,9.80%,49
2011,NWE,2,4.81,21,4.17,19,61%,30,0.45,14,1.22,7,16.70%,9,5.40%,32
2011,NOR,1,5.25,3,5.02,12,65%,13,0.91,1,1.51,1,14.70%,3,4.50%,24
2011,NYG,29,4.04,31,3.77,27,53%,29,0.5,29,1.05,15,18.70%,6,5.00%,28
2011,NYJ,8,4.49,28,3.87,9,66%,32,0.32,28,1.06,4,15.90%,17,6.70%,40
2011,OAK,14,4.38,9,4.52,7,67%,7,1.05,24,1.12,3,15.70%,5,5.00%,25
2011,PHI,26,4.13,8,4.54,6,67%,4,1.1,2,1.44,32,24.90%,10,5.80%,32
2011,PIT,3,4.71,10,4.49,23,57%,16,0.82,6,1.32,23,20.50%,20,7.20%,42
2011,SDG,9,4.47,12,4.42,5,69%,15,0.85,13,1.23,5,16.50%,8,5.40%,30
2011,SEA,19,4.25,25,4.12,1,73%,24,0.72,26,1.11,10,17.70%,24,8.30%,50
2011,SFO,21,4.21,22,4.17,29,51%,12,0.92,22,1.12,22,20.40%,25,8.40%,44
2011,STL,30,3.98,17,4.22,31,48%,22,0.72,10,1.25,20,20.30%,28,9.10%,55
2011,TAM,22,4.2,14,4.32,11,65%,19,0.79,12,1.23,26,21.00%,14,6.20%,32
2011,TEN,32,3.59,30,3.79,3,72%,18,0.81,31,1.04,29,24.10%,2,4.20%,24
2011,WAS,10,4.46,20,4.19,17,62%,25,0.67,15,1.19,19,20.00%,16,6.50%,41
2010,ARI,21,3.99,12,4.31,5,74%,7,1,11,1.2,22,20.70%,27,8.40%,50
2010,ATL,8,4.35,19,3.97,9,68%,16,0.71,28,1.03,15,18.80%,3,4.10%,22
2010,BAL,9,4.35,24,3.88,24,55%,27,0.46,29,0.97,6,15.40%,25,7.90%,40
2010,BUF,20,4,18,4.05,11,65%,19,0.66,19,1.1,21,20.20%,17,6.50%,34
2010,CAR,27,3.88,13,4.29,14,62%,9,0.99,9,1.22,23,20.90%,31,9.90%,50
2010,CHI,29,3.78,26,3.79,32,44%,13,0.8,22,1.06,30,25.00%,32,10.40%,56
2010,CIN,17,4.19,28,3.76,28,51%,31,0.38,15,1.15,27,22.80%,7,5.10%,28
2010,CLE,18,4.19,20,3.95,4,74%,24,0.55,30,0.93,4,14.40%,23,7.60%,36
2010,DAL,13,4.29,25,3.87,26,54%,26,0.49,20,1.1,13,18.50%,11,5.80%,31
2010,DEN,30,3.72,30,3.62,27,52%,28,0.45,16,1.12,25,22.50%,16,6.40%,40
2010,DET,32,3.47,32,3.46,21,56%,30,0.43,26,1.04,28,23.30%,4,4.30%,27
2010,GNB,23,3.96,31,3.52,25,55%,29,0.44,31,0.88,12,18.20%,21,7.20%,38
2010,HOU,4,4.69,1,5.12,10,66%,2,1.32,1,1.42,9,16.20%,12,5.90%,32
2010,IND,22,3.96,22,3.91,21,56%,21,0.64,24,1.04,20,20.10%,1,2.80%,16
2010,JAX,2,4.81,5,4.63,13,63%,18,0.7,2,1.35,3,13.30%,24,7.70%,38
2010,KAN,5,4.6,4,4.82,20,57%,8,1,3,1.35,5,15.30%,18,6.80%,32
2010,MIA,16,4.22,27,3.78,1,83%,32,0.38,32,0.86,7,15.90%,15,6.30%,38
2010,MIN,11,4.3,11,4.33,6,70%,12,0.82,8,1.25,18,19.40%,20,6.80%,36
2010,NWE,1,5,7,4.54,8,68%,22,0.56,6,1.3,2,12.40%,6,4.90%,25
2010,NOR,6,4.59,14,4.23,7,68%,17,0.71,10,1.21,17,19.10%,5,4.70%,26
2010,NYG,7,4.37,3,4.83,18,59%,3,1.25,4,1.31,16,19.00%,2,3.30%,16
2010,NYJ,3,4.72,8,4.49,2,77%,23,0.56,14,1.15,1,12.10%,8,5.40%,28
2010,OAK,15,4.26,6,4.6,15,61%,6,1.16,18,1.1,8,16.20%,26,8.30%,44
2010,PHI,10,4.33,2,4.96,3,76%,1,1.35,7,1.25,10,17.20%,28,8.40%,49
2010,PIT,19,4.02,21,3.93,12,64%,15,0.73,23,1.04,24,21.50%,29,8.60%,43
2010,SDG,14,4.27,16,4.18,15,61%,14,0.79,17,1.11,19,19.40%,19,6.80%,38
2010,SEA,28,3.81,23,3.9,29,48%,11,0.84,21,1.06,32,26.00%,14,6.20%,35
2010,SFO,12,4.29,17,4.05,23,56%,20,0.65,25,1.04,11,17.30%,30,8.90%,44
2010,STL,26,3.91,29,3.64,19,58%,25,0.51,27,1.03,14,18.80%,10,5.60%,34
2010,TAM,25,3.92,9,4.43,17,60%,5,1.21,13,1.18,26,22.80%,13,6.10%,30
2010,TEN,31,3.6,10,4.36,31,46%,4,1.25,12,1.2,31,25.80%,9,5.60%,27
2010,WAS,24,3.95,15,4.19,30,48%,10,0.9,5,1.3,29,24.80%,22,7.30%,46
2009,ARI,16,4.33,15,4.28,28,56%,14,0.81,2,1.37,30,23.00%,7,5.20%,26
2009,ATL,10,4.49,11,4.36,17,63%,11,0.89,18,1.12,12,17.50%,6,4.60%,27
2009,BAL,4,4.68,2,5,8,68%,3,1.27,6,1.29,7,16.00%,19,6.60%,37
2009,BUF,12,4.41,14,4.29,31,50%,23,0.63,17,1.15,5,15.80%,32,9.90%,46
2009,CAR,18,4.25,4,4.93,11,67%,2,1.31,1,1.4,27,22.20%,17,6.50%,33
2009,CHI,20,4.23,25,4.04,25,58%,15,0.81,30,0.95,16,19.00%,13,5.90%,35
2009,CIN,24,4.17,24,4.14,1,80%,16,0.74,12,1.2,17,19.50%,10,5.60%,29
2009,CLE,13,4.36,16,4.28,14,65%,20,0.65,22,1.11,10,17.20%,15,6.10%,30
2009,DAL,2,4.72,3,5,26,58%,5,1.15,3,1.36,11,17.30%,16,6.20%,34
2009,DEN,7,4.53,17,4.27,26,58%,25,0.61,5,1.29,22,21.00%,12,5.90%,34
2009,DET,29,3.83,31,3.72,22,60%,28,0.56,23,1.07,26,22.10%,21,7.00%,43
2009,GNB,9,4.51,22,4.17,3,73%,17,0.73,26,1.04,2,15.00%,30,8.60%,51
2009,HOU,17,4.32,29,3.73,21,60%,31,0.41,19,1.12,25,21.60%,8,5.20%,26
2009,IND,26,4.14,28,3.8,12,66%,30,0.52,20,1.11,29,22.50%,1,3.10%,13
2009,JAX,11,4.45,7,4.53,10,68%,6,1.07,21,1.11,13,17.60%,29,8.50%,44
2009,KAN,30,3.83,10,4.39,18,63%,8,1,9,1.26,20,20.90%,25,7.80%,46
2009,MIA,3,4.72,8,4.44,2,79%,21,0.63,28,1.01,1,13.80%,18,6.50%,34
2009,MIN,21,4.22,20,4.18,23,59%,9,0.94,14,1.18,32,23.90%,14,6.00%,34
2009,NWE,5,4.63,13,4.29,9,68%,27,0.59,11,1.22,3,15.10%,2,3.60%,18
2009,NOR,1,4.72,6,4.62,7,69%,10,0.93,8,1.27,14,17.90%,4,4.20%,21
2009,NYG,14,4.36,21,4.18,20,61%,19,0.68,10,1.23,18,19.80%,9,5.30%,32
2009,NYJ,6,4.58,5,4.71,6,70%,7,1.01,16,1.16,4,15.20%,23,7.70%,30
2009,OAK,23,4.18,26,4.02,4,72%,22,0.63,27,1.03,6,15.80%,31,9.50%,49
2009,PHI,8,4.53,18,4.25,18,63%,26,0.61,25,1.05,8,16.30%,20,6.60%,40
2009,PIT,15,4.35,12,4.32,5,72%,13,0.87,15,1.18,15,18.30%,28,8.50%,50
2009,SDG,19,4.23,32,3.54,32,46%,32,0.4,31,0.95,9,17.10%,5,4.50%,26
2009,SEA,27,4.13,23,4.15,29,56%,18,0.72,13,1.19,21,20.90%,22,7.00%,41
2009,SFO,32,3.7,19,4.24,16,63%,4,1.25,32,0.92,31,23.20%,26,8.10%,40
2009,STL,28,4.08,9,4.4,29,56%,12,0.88,4,1.34,28,22.30%,24,7.70%,44
2009,TAM,31,3.78,27,3.8,13,65%,24,0.62,24,1.06,23,21.00%,11,5.70%,33
2009,TEN,22,4.22,1,5.29,15,64%,1,1.78,7,1.28,24,21.30%,3,3.70%,15
2009,WAS,25,4.14,30,3.73,23,59%,29,0.54,29,1,19,20.70%,27,8.50%,46
2008,ARI,30,3.83,30,3.61,29,58%,29,0.55,24,1.05,26,20.00%,8,4.40%,28
2008,ATL,9,4.39,7,4.62,11,70%,7,1.04,5,1.3,24,19.60%,5,3.60%,17
2008,BAL,11,4.32,23,3.99,3,76%,22,0.64,31,0.97,8,16.20%,20,6.80%,33
2008,BUF,14,4.28,14,4.21,24,62%,20,0.67,10,1.16,16,18.10%,25,8.10%,38
2008,CAR,8,4.43,2,5.01,1,79%,2,1.33,3,1.31,19,18.50%,9,4.90%,20
2008,CHI,26,4.09,27,3.89,20,63%,21,0.67,30,0.99,15,17.90%,11,5.30%,29
2008,CIN,32,3.46,32,3.24,30,56%,31,0.37,32,0.9,32,23.60%,27,8.50%,51
2008,CLE,20,4.24,26,3.94,27,59%,26,0.59,27,1.01,5,14.50%,7,4.40%,24
2008,DAL,17,4.25,8,4.48,15,68%,8,1,7,1.25,17,18.20%,13,5.80%,31
2008,DEN,1,4.96,3,4.96,10,71%,11,0.85,2,1.49,3,13.90%,4,3.30%,12
2008,DET,31,3.63,28,3.84,9,71%,16,0.72,11,1.15,31,23.40%,32,9.70%,52
2008,GNB,19,4.24,13,4.25,7,74%,10,0.88,17,1.14,23,19.50%,14,6.00%,34
2008,HOU,10,4.35,11,4.44,13,70%,5,1.07,15,1.15,14,17.80%,16,6.10%,32
2008,IND,23,4.14,31,3.6,21,62%,32,0.31,18,1.14,27,21.20%,1,2.80%,14
2008,JAX,15,4.26,17,4.16,6,76%,13,0.76,12,1.15,13,17.50%,24,7.90%,42
2008,KAN,28,3.88,9,4.46,28,58%,4,1.08,13,1.15,29,21.50%,21,7.00%,37
2008,MIA,12,4.32,12,4.27,5,76%,25,0.61,28,1.01,9,16.40%,12,5.70%,26
2008,MIN,13,4.29,5,4.63,8,73%,3,1.14,8,1.25,22,19.20%,28,8.90%,43
2008,NWE,3,4.82,6,4.62,12,70%,15,0.72,4,1.31,1,13.50%,26,8.50%,48
2008,NOR,6,4.54,16,4.17,18,64%,24,0.63,14,1.15,7,15.40%,2,2.90%,13
2008,NYG,4,4.8,1,5.28,23,62%,1,1.35,1,1.49,10,16.80%,10,5.00%,28
2008,NYJ,2,4.89,4,4.81,25,61%,9,0.98,6,1.25,4,14.20%,19,6.50%,30
2008,OAK,25,4.09,15,4.17,22,62%,17,0.71,16,1.14,18,18.50%,30,9.30%,39
2008,PHI,16,4.25,22,4.08,31,55%,19,0.68,22,1.11,20,19.10%,6,4.20%,23
2008,PIT,24,4.09,29,3.78,19,64%,27,0.57,23,1.07,30,22.50%,29,9.20%,50
2008,SDG,21,4.23,21,4.08,2,78%,18,0.69,26,1.02,6,15.10%,17,6.10%,25
2008,SEA,27,3.97,19,4.13,4,76%,12,0.84,20,1.12,25,19.60%,22,7.00%,36
2008,SFO,7,4.46,25,3.96,32,52%,30,0.51,29,1,11,17.00%,31,9.40%,55
2008,STL,29,3.85,24,3.98,16,66%,23,0.64,19,1.13,21,19.20%,23,7.70%,45
2008,TAM,22,4.19,20,4.09,17,65%,14,0.74,25,1.02,12,17.10%,18,6.30%,32
2008,TEN,18,4.25,10,4.45,26,61%,6,1.07,9,1.21,28,21.50%,3,3.20%,12
2008,WAS,5,4.57,18,4.13,14,69%,28,0.56,21,1.11,2,13.90%,15,6.00%,38
2007,ARI,9,4.37,30,3.7,14,65%,32,0.3,28,0.96,2,14.50%,9,4.70%,24
2007,ATL,32,3.52,18,4.07,17,62%,6,0.98,24,1.11,31,25.30%,24,7.90%,47
2007,BAL,27,3.86,20,4.02,11,68%,15,0.74,18,1.16,16,18.30%,22,7.60%,39
2007,BUF,24,4.01,22,3.97,28,51%,19,0.64,26,1.06,18,18.60%,13,5.40%,26
2007,CAR,19,4.17,17,4.08,16,63%,20,0.59,9,1.25,17,18.50%,15,6.40%,33
2007,CHI,29,3.76,32,3.36,3,75%,31,0.32,32,0.88,11,17.70%,19,7.00%,43
2007,CIN,10,4.33,25,3.9,5,73%,26,0.41,14,1.21,20,19.10%,2,3.20%,17
2007,CLE,2,4.69,8,4.46,15,64%,13,0.78,11,1.23,1,13.60%,5,4.20%,19
2007,DAL,14,4.25,9,4.31,12,68%,10,0.85,19,1.16,14,18.10%,7,4.50%,25
2007,DEN,15,4.24,5,4.6,32,49%,5,1.06,5,1.29,23,20.30%,14,5.90%,32
2007,DET,22,4.08,15,4.14,29,50%,11,0.83,15,1.2,25,21.10%,26,8.30%,54
2007,GNB,26,3.93,7,4.47,29,50%,3,1.22,25,1.11,24,21.00%,1,3.10%,19
2007,HOU,8,4.38,24,3.91,10,69%,22,0.51,27,0.97,3,14.60%,10,4.80%,22
2007,IND,4,4.56,19,4.04,1,78%,30,0.36,7,1.26,5,14.90%,5,4.20%,23
2007,JAX,18,4.17,2,4.81,18,61%,2,1.37,8,1.25,30,22.70%,17,6.90%,31
2007,KAN,31,3.62,31,3.37,20,61%,27,0.41,31,0.88,29,22.60%,29,9.10%,55
2007,MIA,21,4.09,12,4.22,8,70%,16,0.7,4,1.32,22,19.40%,20,7.40%,42
2007,MIN,13,4.27,1,5.44,2,77%,1,1.75,1,1.52,28,22.10%,28,8.60%,38
2007,NWE,1,4.72,11,4.25,8,70%,24,0.47,6,1.28,6,15.50%,4,4.10%,21
2007,NOR,7,4.45,28,3.86,13,66%,29,0.36,16,1.19,10,17.70%,3,3.60%,16
2007,NYG,3,4.57,3,4.79,7,70%,7,0.97,3,1.34,9,16.80%,11,5.00%,28
2007,NYJ,23,4.03,27,3.88,29,50%,25,0.45,17,1.17,12,17.80%,30,9.30%,53
2007,OAK,17,4.18,13,4.2,25,55%,17,0.65,13,1.22,21,19.20%,27,8.50%,41
2007,PHI,5,4.55,4,4.73,4,74%,8,0.92,2,1.4,19,18.90%,21,7.60%,49
2007,PIT,20,4.12,14,4.16,21,60%,14,0.77,22,1.13,13,17.90%,31,10.10%,47
2007,SDG,25,4.01,6,4.52,19,61%,4,1.18,10,1.23,26,21.10%,8,4.60%,24
2007,SEA,30,3.76,23,3.92,27,52%,12,0.78,20,1.14,32,25.50%,18,6.90%,36
2007,SFO,12,4.28,10,4.31,24,57%,18,0.64,12,1.22,4,14.90%,32,10.30%,55
2007,STL,28,3.79,21,3.98,26,54%,9,0.88,30,0.93,27,21.40%,25,8.10%,48
2007,TAM,6,4.53,16,4.12,23,59%,21,0.55,21,1.14,7,15.80%,23,7.90%,36
2007,TEN,11,4.31,26,3.9,6,71%,23,0.48,29,0.96,8,16.00%,16,6.60%,30
2007,WAS,16,4.19,29,3.75,21,60%,28,0.37,23,1.11,15,18.20%,12,5.10%,29
2006,ARI,24,3.98,31,3.34,26,56%,32,0.13,28,1,28,21.20%,14,6.20%,36
2006,ATL,17,4.18,6,4.64,23,60%,4,1.09,11,1.22,11,17.50%,31,10.50%,47
2006,BAL,20,4.16,24,3.78,24,59%,25,0.51,31,0.94,7,17.20%,2,3.70%,17
2006,BUF,26,3.91,25,3.74,11,69%,27,0.48,27,1.01,24,19.30%,29,9.50%,47
2006,CAR,23,3.99,22,3.98,31,50%,17,0.65,24,1.05,16,18.30%,16,6.50%,32
2006,CHI,7,4.45,19,4.07,7,71%,26,0.49,17,1.16,2,15.30%,6,4.80%,25
2006,CIN,9,4.41,23,3.98,5,72%,29,0.36,8,1.25,23,19.10%,13,6.10%,36
2006,CLE,31,3.72,32,3.29,3,74%,31,0.24,32,0.93,31,22.40%,27,9.20%,54
2006,DAL,10,4.39,14,4.21,17,63%,18,0.63,9,1.24,22,19.00%,23,7.90%,37
2006,DEN,18,4.18,7,4.44,16,63%,7,0.95,12,1.21,9,17.40%,9,5.80%,31
2006,DET,32,3.62,29,3.62,32,37%,16,0.66,25,1.04,32,24.60%,30,9.90%,63
2006,GNB,16,4.19,18,4.11,18,63%,19,0.62,16,1.18,12,17.70%,3,3.80%,24
2006,HOU,19,4.16,20,4,7,71%,20,0.57,22,1.09,4,15.60%,28,9.30%,43
2006,IND,5,4.51,17,4.13,22,60%,28,0.42,7,1.29,13,17.80%,1,3.40%,15
2006,JAX,2,4.61,2,5.13,14,65%,3,1.2,2,1.4,5,16.00%,19,7.00%,30
2006,KAN,15,4.2,11,4.34,2,74%,9,0.89,14,1.19,17,18.30%,21,7.60%,41
2006,MIA,21,4.14,16,4.18,9,70%,10,0.78,18,1.12,20,18.40%,20,7.10%,41
2006,MIN,13,4.28,15,4.2,12,68%,15,0.69,13,1.19,18,18.40%,22,7.70%,43
2006,NWE,11,4.33,13,4.23,1,82%,14,0.7,15,1.19,10,17.40%,8,5.70%,29
2006,NOR,12,4.32,21,3.99,30,54%,24,0.53,21,1.09,14,17.80%,4,4.30%,23
2006,NYG,4,4.52,4,4.99,6,71%,6,0.96,1,1.61,25,19.50%,7,5.40%,25
2006,NYJ,25,3.93,30,3.41,27,56%,30,0.26,30,0.94,27,20.50%,17,6.70%,34
2006,OAK,29,3.84,26,3.74,25,58%,21,0.57,26,1.03,29,21.90%,32,12.30%,72
2006,PHI,3,4.6,5,4.7,21,62%,11,0.76,3,1.35,3,15.60%,12,6.00%,28
2006,PIT,22,4.06,9,4.37,18,63%,5,1.07,19,1.12,15,18.10%,25,7.90%,49
2006,SDG,1,4.78,1,5.39,4,74%,1,1.57,6,1.31,1,13.00%,15,6.30%,28
2006,SEA,30,3.78,27,3.7,9,70%,23,0.53,23,1.05,26,20.00%,26,8.80%,49
2006,SFO,6,4.47,3,5,28,55%,2,1.32,5,1.31,6,16.60%,18,6.80%,35
2006,STL,8,4.45,10,4.36,18,63%,13,0.71,10,1.23,19,18.40%,24,7.90%,49
2006,TAM,27,3.86,28,3.67,15,64%,22,0.53,29,0.97,30,22.00%,10,5.90%,33
2006,TEN,28,3.86,12,4.3,13,67%,8,0.92,20,1.12,8,17.40%,11,6.00%,29
2006,WAS,14,4.25,8,4.41,29,55%,12,0.72,4,1.32,21,19.00%,5,4.40%,19
2005,ARI,32,3.24,32,3.01,32,41%,32,0.34,28,0.99,32,31.30%,14,6.40%,45
2005,ATL,7,4.46,6,4.49,14,65%,9,0.89,7,1.22,3,15.60%,24,8.10%,39
2005,BAL,28,3.65,28,3.55,4,76%,26,0.45,24,1.05,21,19.60%,19,7.40%,42
2005,BUF,16,4.08,20,3.8,17,63%,25,0.47,19,1.08,17,18.40%,27,8.80%,42
2005,CAR,13,4.15,27,3.62,22,60%,27,0.44,29,0.95,18,18.40%,9,5.60%,27
2005,CHI,15,4.13,7,4.41,28,55%,4,1.03,15,1.1,20,19.30%,21,7.70%,31
2005,CIN,4,4.54,10,4.3,8,70%,18,0.6,2,1.33,13,18.00%,2,3.90%,21
2005,CLE,21,3.88,19,3.88,31,48%,17,0.65,25,1.05,12,17.60%,25,8.20%,46
2005,DAL,24,3.85,23,3.76,23,60%,19,0.54,18,1.09,27,21.80%,28,9.70%,50
2005,DEN,2,4.61,4,4.71,9,68%,3,1.08,14,1.14,1,13.50%,4,4.90%,23
2005,DET,14,4.14,26,3.71,20,61%,21,0.51,31,0.93,10,17.50%,10,5.70%,30
2005,GNB,30,3.58,31,3.41,13,67%,23,0.49,30,0.94,26,21.50%,7,5.00%,27
2005,HOU,8,4.43,16,4.06,30,50%,24,0.48,16,1.1,7,17.00%,32,13.00%,68
2005,IND,1,4.65,17,3.95,29,54%,31,0.36,11,1.17,5,16.00%,1,3.70%,20
2005,JAX,27,3.77,18,3.94,20,61%,14,0.76,17,1.1,28,22.70%,11,5.80%,32
2005,KAN,3,4.61,3,4.78,10,68%,5,1.02,4,1.3,6,16.10%,15,6.60%,32
2005,MIA,11,4.28,9,4.35,6,71%,12,0.81,12,1.17,8,17.10%,5,4.90%,26
2005,MIN,31,3.48,24,3.75,16,63%,13,0.77,9,1.2,31,27.30%,29,10.10%,55
2005,NWE,26,3.78,29,3.53,3,77%,30,0.36,20,1.07,29,23.00%,6,5.00%,28
2005,NOR,19,3.98,22,3.78,25,57%,20,0.53,26,1.05,9,17.40%,18,7.40%,41
2005,NYG,10,4.3,2,4.84,27,56%,1,1.31,6,1.23,16,18.30%,8,5.30%,28
2005,NYJ,22,3.87,30,3.47,7,71%,29,0.39,32,0.89,22,20.50%,31,10.30%,53
2005,OAK,17,4.04,25,3.74,15,64%,28,0.43,22,1.06,11,17.60%,23,7.80%,44
2005,PHI,25,3.79,14,4.12,11,68%,11,0.82,10,1.18,23,20.60%,16,6.70%,42
2005,PIT,12,4.26,12,4.18,12,68%,15,0.75,13,1.16,14,18.20%,22,7.80%,32
2005,SDG,9,4.43,5,4.52,2,78%,8,0.89,8,1.2,4,15.70%,12,5.90%,30
2005,SEA,6,4.48,1,4.92,1,81%,2,1.23,1,1.47,25,21.30%,13,5.90%,27
2005,SFO,29,3.62,15,4.11,24,58%,6,0.98,23,1.06,24,21.00%,30,10.20%,48
2005,STL,23,3.85,13,4.13,25,57%,10,0.87,3,1.31,30,26.80%,20,7.50%,46
2005,TAM,18,3.99,11,4.21,5,75%,7,0.93,21,1.07,15,18.20%,26,8.40%,41
2005,TEN,20,3.92,21,3.78,19,62%,22,0.51,27,1.01,19,18.80%,3,4.70%,31
2005,WAS,5,4.5,8,4.38,17,63%,16,0.68,5,1.26,2,15.40%,17,6.90%,31
2004,ARI,29,3.76,30,3.62,30,47%,27,0.57,29,0.99,30,23.30%,17,7.00%,39
2004,ATL,6,4.57,13,4.36,5,72%,19,0.7,22,1.11,1,12.10%,31,11.80%,49
2004,BAL,12,4.33,14,4.35,19,59%,9,0.8,16,1.19,6,16.30%,12,6.50%,35
2004,BUF,23,4,26,3.86,22,57%,24,0.64,20,1.13,22,20.50%,20,7.80%,39
2004,CAR,24,3.95,27,3.8,16,61%,25,0.58,30,0.97,20,20.20%,8,6.10%,33
2004,CHI,28,3.8,29,3.72,15,64%,30,0.51,28,1.05,28,22.00%,32,12.10%,66
2004,CIN,18,4.11,18,4.15,20,58%,13,0.74,14,1.2,20,20.20%,7,5.70%,31
2004,CLE,30,3.65,28,3.79,14,64%,21,0.66,23,1.1,31,23.80%,27,8.70%,42
2004,DAL,26,3.94,23,3.99,25,56%,22,0.66,15,1.2,29,22.00%,18,7.00%,37
2004,DEN,8,4.52,8,4.49,27,56%,11,0.76,8,1.3,9,17.90%,3,4.00%,17
2004,DET,22,4.08,7,4.5,18,60%,1,1.05,11,1.25,25,21.30%,16,7.00%,37
2004,GNB,13,4.31,12,4.41,2,74%,4,0.87,19,1.15,8,17.30%,1,3.00%,14
2004,HOU,19,4.11,25,3.86,11,67%,31,0.49,27,1.06,18,18.90%,30,10.60%,50
2004,IND,2,4.86,3,4.65,32,46%,20,0.69,4,1.38,5,15.60%,2,3.60%,14
2004,JAX,25,3.94,19,4.13,29,51%,12,0.76,18,1.16,19,19.80%,10,6.40%,32
2004,KAN,3,4.69,5,4.6,8,70%,15,0.73,5,1.38,3,14.90%,9,6.20%,32
2004,MIA,32,3.39,32,3.45,4,73%,26,0.58,31,0.95,32,24.80%,25,8.50%,52
2004,MIN,9,4.46,1,4.7,6,71%,7,0.86,1,1.49,10,17.90%,22,8.10%,45
2004,NWE,5,4.59,10,4.42,9,69%,18,0.71,7,1.32,13,18.40%,5,4.80%,26
2004,NOR,27,3.88,21,4.04,21,58%,6,0.86,24,1.09,24,21.10%,19,7.70%,42
2004,NYG,11,4.36,6,4.51,23,57%,2,0.97,13,1.21,16,18.80%,29,9.90%,52
2004,NYJ,1,4.94,2,4.7,1,84%,23,0.65,2,1.46,2,14.00%,15,6.70%,31
2004,OAK,21,4.09,20,4.09,3,74%,14,0.74,26,1.06,15,18.80%,6,5.50%,30
2004,PHI,15,4.19,9,4.47,13,65%,5,0.87,3,1.4,26,21.90%,13,6.60%,36
2004,PIT,4,4.65,17,4.22,9,69%,32,0.48,12,1.23,4,15.40%,28,9.40%,36
2004,SDG,16,4.18,16,4.25,7,71%,8,0.83,17,1.18,17,18.90%,4,4.20%,19
2004,SEA,7,4.54,4,4.62,17,61%,3,0.94,6,1.34,12,18.10%,11,6.50%,34
2004,SFO,31,3.62,31,3.5,26,56%,28,0.56,32,0.93,27,21.90%,24,8.40%,52
2004,STL,10,4.4,15,4.31,12,66%,16,0.73,9,1.3,7,16.80%,21,7.80%,50
2004,TAM,20,4.09,22,4.03,24,56%,17,0.71,25,1.07,11,18.00%,26,8.70%,44
2004,TEN,14,4.23,11,4.42,28,51%,10,0.8,10,1.28,23,21.00%,23,8.40%,44
2004,WAS,17,4.18,24,3.89,30,47%,29,0.54,21,1.12,14,18.40%,14,6.70%,38
2003,ARI,31,3.47,30,3.42,29,53%,27,0.47,27,1.07,31,25.20%,24,7.70%,43
2003,ATL,21,4.14,10,4.5,2,81%,6,1.05,13,1.19,11,18.50%,22,7.20%,34
2003,BAL,5,4.51,2,5.12,24,60%,3,1.4,9,1.32,19,19.50%,32,9.50%,43
2003,BUF,17,4.2,22,3.95,15,67%,24,0.53,21,1.15,28,22.00%,31,9.00%,51
2003,CAR,12,4.37,13,4.31,19,64%,13,0.72,11,1.22,4,17.00%,8,5.50%,26
2003,CHI,23,4.08,20,3.99,11,68%,15,0.68,20,1.17,25,20.80%,27,8.10%,43
2003,CIN,20,4.15,16,4.07,27,58%,12,0.75,26,1.08,27,21.60%,18,6.70%,37
2003,CLE,19,4.17,17,4.07,32,45%,16,0.64,10,1.22,26,21.00%,23,7.50%,40
2003,DAL,25,3.94,24,3.82,21,63%,22,0.57,16,1.19,22,20.20%,14,6.40%,37
2003,DEN,9,4.43,4,4.76,17,65%,4,1.18,14,1.19,8,18.00%,11,5.70%,25
2003,DET,32,3.45,29,3.44,5,72%,25,0.52,32,0.93,24,20.60%,1,2.40%,11
2003,GNB,3,4.55,1,5.29,3,76%,2,1.44,1,1.45,23,20.20%,5,4.50%,19
2003,HOU,29,3.7,25,3.75,16,66%,18,0.62,24,1.1,17,19.30%,26,8.10%,36
2003,IND,6,4.49,23,3.9,30,51%,29,0.41,17,1.18,5,17.20%,2,3.60%,19
2003,JAX,7,4.49,11,4.39,10,69%,11,0.78,12,1.22,18,19.40%,6,5.10%,28
2003,KAN,2,4.55,12,4.34,14,67%,19,0.62,3,1.41,12,18.70%,4,4.30%,21
2003,MIA,28,3.79,28,3.61,7,71%,26,0.51,29,1,9,18.40%,15,6.60%,31
2003,MIN,1,4.65,6,4.67,1,83%,10,0.82,8,1.32,12,18.70%,30,8.50%,42
2003,NWE,22,4.09,27,3.63,23,61%,30,0.41,31,0.96,16,19.30%,13,6.00%,32
2003,NOR,18,4.19,7,4.64,6,71%,5,1.17,22,1.15,3,16.80%,17,6.70%,36
2003,NYG,24,4.04,15,4.08,28,57%,20,0.59,7,1.32,29,23.10%,16,6.60%,44
2003,NYJ,15,4.3,19,4.06,18,65%,21,0.58,19,1.17,1,13.80%,12,5.90%,31
2003,OAK,10,4.41,14,4.27,7,71%,14,0.71,25,1.09,7,17.80%,28,8.10%,43
2003,PHI,4,4.52,5,4.76,4,73%,8,0.96,2,1.41,2,14.40%,29,8.40%,43
2003,PIT,27,3.84,32,3.3,22,62%,32,0.2,30,0.99,6,17.60%,20,7.00%,42
2003,SDG,16,4.27,3,5.05,13,67%,1,1.45,6,1.33,14,18.90%,10,5.60%,29
2003,SEA,11,4.39,9,4.55,9,69%,7,0.97,4,1.36,15,19.00%,25,7.90%,43
2003,SFO,8,4.45,8,4.56,26,58%,9,0.85,5,1.34,20,19.50%,9,5.50%,28
2003,STL,26,3.84,26,3.74,12,68%,17,0.62,15,1.19,30,24.60%,19,6.90%,43
2003,TAM,13,4.35,18,4.06,25,59%,23,0.57,23,1.14,21,19.60%,3,3.90%,23
2003,TEN,30,3.69,31,3.38,31,46%,31,0.38,28,1,32,25.80%,7,5.20%,25
2003,WAS,14,4.34,21,3.96,20,64%,28,0.42,18,1.17,10,18.40%,21,7.20%,43
2002,ARI,19,4.06,16,4.17,23,61%,10,0.86,24,1.08,5,16.90%,20,6.90%,40
2002,ATL,15,4.2,24,3.92,18,65%,21,0.65,25,1.07,12,18.40%,26,8.00%,38
2002,BAL,14,4.28,12,4.24,4,79%,15,0.77,17,1.12,6,17.20%,23,7.40%,41
2002,BUF,9,4.43,9,4.35,12,70%,22,0.62,6,1.39,16,18.80%,29,8.70%,54
2002,CAR,29,3.82,28,3.58,21,62%,28,0.48,27,1.06,24,20.80%,28,8.60%,44
2002,CHI,25,3.93,31,3.42,11,71%,32,0.31,32,0.86,9,17.50%,22,7.00%,43
2002,CIN,10,4.37,18,4.13,1,86%,23,0.62,16,1.16,4,16.80%,9,5.50%,36
2002,CLE,23,3.97,25,3.91,22,62%,17,0.68,22,1.08,25,20.80%,11,5.90%,34
2002,DAL,30,3.79,20,4.05,27,57%,18,0.68,5,1.39,30,24.30%,31,10.10%,55
2002,DEN,1,5.1,1,5.16,16,65%,6,0.95,2,1.46,1,11.30%,25,8.00%,45
2002,DET,31,3.78,21,4.05,32,44%,7,0.94,19,1.11,28,23.70%,1,3.50%,20
2002,GNB,11,4.32,11,4.29,15,67%,16,0.74,14,1.22,10,17.80%,8,5.20%,27
2002,HOU,32,3.08,32,2.98,29,54%,31,0.32,31,0.9,32,29.80%,32,15.10%,77
2002,IND,28,3.86,30,3.5,26,57%,29,0.43,29,1.01,29,24.20%,2,3.60%,22
2002,JAX,7,4.45,6,4.55,12,70%,9,0.9,10,1.31,21,20.30%,30,9.10%,42
2002,KAN,5,4.48,4,4.77,5,77%,11,0.86,1,1.54,13,18.50%,10,5.70%,26
2002,MIA,6,4.46,3,4.77,14,69%,2,1.02,4,1.39,7,17.30%,14,6.20%,27
2002,MIN,2,4.69,2,5.08,8,74%,1,1.28,7,1.33,2,14.30%,27,8.40%,49
2002,NWE,13,4.28,22,4.03,6,76%,27,0.5,18,1.11,3,16.30%,7,5.10%,31
2002,NOR,26,3.93,14,4.18,3,82%,8,0.94,20,1.11,26,20.80%,19,6.80%,40
2002,NYG,17,4.08,13,4.22,31,48%,4,1,21,1.09,27,21.90%,5,4.40%,25
2002,NYJ,21,4.02,19,4.09,30,52%,19,0.68,15,1.18,22,20.30%,16,6.50%,32
2002,OAK,3,4.65,5,4.76,10,73%,5,0.95,3,1.41,8,17.50%,15,6.20%,36
2002,PHI,12,4.31,15,4.18,7,76%,25,0.61,13,1.25,19,20.00%,21,6.90%,37
2002,PIT,22,4,26,3.81,20,64%,26,0.61,26,1.06,11,17.90%,13,6.20%,35
2002,SDG,18,4.07,7,4.52,28,56%,3,1.01,11,1.29,17,19.70%,6,4.90%,24
2002,SEA,20,4.02,23,4.02,17,65%,13,0.77,28,1.05,20,20.20%,12,6.00%,33
2002,SFO,8,4.44,8,4.49,2,84%,14,0.77,8,1.32,15,18.80%,4,4.40%,23
2002,STL,27,3.9,17,4.15,24,60%,12,0.82,12,1.26,31,24.70%,24,7.50%,45
2002,TAM,24,3.95,27,3.81,25,58%,20,0.66,23,1.08,23,20.40%,17,6.60%,41
2002,TEN,16,4.19,29,3.55,9,73%,30,0.33,30,0.94,18,19.70%,3,4.40%,21
2002,WAS,4,4.52,10,4.29,19,64%,24,0.62,9,1.32,14,18.60%,18,6.70%,38
2001,ARI,25,3.78,27,3.53,25,56%,25,0.54,30,0.87,25,23.60%,6,5.50%,29
2001,ATL,26,3.71,24,3.63,28,50%,14,0.71,27,0.95,18,21.70%,31,12.00%,66
2001,BAL,8,4.23,19,3.88,28,50%,21,0.59,14,1.16,31,26.70%,14,6.50%,40
2001,BUF,24,3.78,22,3.76,14,64%,22,0.59,22,1.04,14,20.40%,20,8.00%,46
2001,CAR,22,3.89,21,3.81,31,47%,27,0.49,9,1.24,17,21.60%,8,5.70%,31
2001,CHI,11,4.15,13,4.02,16,63%,15,0.69,13,1.16,10,18.90%,1,3.40%,17
2001,CIN,23,3.82,15,4.02,24,57%,10,0.89,12,1.19,20,22.60%,2,4.10%,28
2001,CLE,31,3.33,31,3.16,12,65%,26,0.49,31,0.84,22,22.90%,27,9.50%,51
2001,DAL,19,3.93,5,4.55,28,50%,2,1.22,7,1.27,19,21.90%,23,8.50%,34
2001,DEN,9,4.18,16,4.01,11,66%,17,0.66,20,1.05,13,20.30%,21,8.30%,42
2001,DET,27,3.69,18,3.89,23,58%,8,0.91,21,1.05,30,26.20%,29,10.60%,65
2001,GNB,20,3.92,9,4.37,8,69%,3,1.19,18,1.08,11,19.40%,4,4.80%,23
2001,IND,10,4.17,6,4.52,17,63%,6,0.96,4,1.4,12,19.60%,7,5.50%,30
2001,JAX,13,4.07,12,4.12,26,55%,11,0.82,10,1.24,15,21.10%,30,10.60%,63
2001,KAN,3,4.47,7,4.5,4,73%,12,0.72,1,1.46,1,16.00%,17,7.20%,39
2001,MIA,30,3.53,30,3.39,19,61%,28,0.46,28,0.95,26,23.60%,10,6.00%,27
2001,MIN,15,4.06,25,3.63,21,60%,31,0.38,23,1.04,5,17.70%,19,7.80%,47
2001,NWE,12,4.14,20,3.84,13,65%,19,0.63,25,0.98,3,16.60%,26,8.70%,46
2001,NOR,16,4.06,14,4.02,3,77%,18,0.63,15,1.15,7,18.50%,25,8.60%,50
2001,NYG,17,3.93,8,4.41,14,64%,5,1.03,6,1.32,24,23.50%,13,6.40%,36
2001,NYJ,5,4.44,2,4.74,6,70%,7,0.95,3,1.44,9,18.80%,3,4.20%,19
2001,OAK,7,4.25,26,3.63,1,81%,30,0.39,26,0.97,4,17.20%,11,6.00%,27
2001,PHI,18,3.93,17,3.92,22,59%,13,0.71,17,1.11,27,23.90%,22,8.30%,40
2001,PIT,6,4.3,4,4.56,18,62%,4,1.13,8,1.26,28,24.20%,12,6.20%,31
2001,SDG,21,3.91,23,3.64,27,51%,24,0.55,24,1,21,22.80%,9,5.80%,27
2001,SEA,14,4.07,10,4.25,4,73%,9,0.9,16,1.14,16,21.30%,28,9.90%,49
2001,SFO,2,4.82,3,4.59,10,68%,16,0.66,5,1.39,2,16.20%,5,5.10%,26
2001,STL,1,4.84,1,5.16,7,70%,1,1.29,2,1.46,8,18.80%,15,7.00%,40
2001,TAM,29,3.65,29,3.43,2,79%,29,0.42,19,1.06,23,23.10%,18,7.40%,47
2001,TEN,28,3.66,28,3.5,9,69%,23,0.58,29,0.92,29,26.20%,16,7.00%,43
2001,WAS,4,4.47,11,4.15,20,61%,20,0.61,11,1.22,6,18.30%,24,8.50%,38
2000,ARI,26,3.62,22,3.69,17,61%,20,0.57,15,1.13,31,25.40%,8,5.90%,35
2000,ATL,29,3.46,25,3.6,20,60%,21,0.57,22,1.08,27,24.20%,30,10.20%,61
2000,BAL,4,4.54,8,4.29,17,61%,18,0.62,4,1.34,10,19.20%,17,7.50%,43
2000,BUF,23,3.75,27,3.55,15,62%,25,0.52,27,0.98,22,22.60%,28,9.90%,58
2000,CAR,31,3.36,28,3.37,25,57%,16,0.63,31,0.82,21,22.50%,31,10.90%,68
2000,CHI,18,3.9,20,3.78,24,58%,27,0.41,18,1.12,11,19.30%,12,6.30%,35
2000,CIN,25,3.68,7,4.36,6,70%,3,1.12,7,1.23,28,24.50%,29,10.20%,51
2000,CLE,28,3.54,30,3.15,30,50%,29,0.28,30,0.88,26,23.90%,22,8.30%,40
2000,DAL,13,4.1,11,4.14,23,59%,12,0.7,5,1.3,19,21.30%,18,7.60%,35
2000,DEN,5,4.43,4,4.55,12,65%,5,0.98,12,1.17,3,16.20%,7,5.90%,31
2000,DET,11,4.16,26,3.59,26,56%,28,0.36,28,0.94,4,17.60%,27,9.70%,53
2000,GNB,15,4.08,12,4.13,3,77%,10,0.78,16,1.12,8,19.20%,10,6.20%,35
2000,IND,2,4.56,6,4.4,2,79%,19,0.61,2,1.39,5,17.80%,2,4.20%,20
2000,JAX,12,4.12,9,4.24,19,61%,7,0.86,11,1.2,18,20.90%,26,9.20%,54
2000,KAN,21,3.88,19,3.8,13,64%,15,0.63,23,1.04,14,20.50%,11,6.30%,34
2000,MIA,24,3.74,21,3.76,14,63%,17,0.63,24,1,13,20.30%,14,7.10%,28
2000,MIN,3,4.55,2,4.97,6,70%,2,1.22,8,1.22,2,15.20%,13,6.80%,34
2000,NWE,22,3.77,29,3.22,22,60%,31,0.18,29,0.9,29,24.60%,19,7.90%,48
2000,NOR,8,4.24,14,4.1,16,62%,22,0.57,6,1.29,12,19.80%,21,8.20%,40
2000,NYG,19,3.89,15,4.04,28,53%,8,0.83,17,1.12,23,22.80%,4,5.50%,29
2000,NYJ,27,3.61,23,3.63,11,67%,14,0.67,25,1,24,23.30%,1,3.70%,20
2000,OAK,10,4.17,3,4.57,27,55%,1,1.22,14,1.16,15,20.50%,5,5.80%,28
2000,PHI,16,4,17,4,6,70%,11,0.73,19,1.11,17,20.80%,16,7.30%,44
2000,PIT,6,4.3,16,4.02,10,68%,24,0.53,10,1.2,9,19.20%,24,8.70%,43
2000,SDG,30,3.37,31,3.12,9,68%,30,0.25,26,0.99,30,24.70%,20,8.20%,53
2000,SEA,9,4.18,5,4.51,5,71%,6,0.91,3,1.36,16,20.70%,23,8.30%,47
2000,SFO,7,4.24,13,4.12,4,71%,13,0.68,13,1.16,7,18.90%,3,5.10%,27
2000,STL,1,5.02,1,5.08,1,79%,4,1.02,1,1.44,1,12.00%,15,7.20%,44
2000,TAM,17,3.97,10,4.15,31,42%,9,0.82,9,1.21,25,23.60%,25,8.90%,38
2000,TEN,20,3.89,24,3.61,29,51%,26,0.41,20,1.08,20,22.50%,6,5.80%,28
2000,WAS,14,4.09,18,3.86,20,60%,23,0.55,21,1.08,6,18.90%,9,6.20%,31
1999,ARI,30,3.37,30,3.14,21,58%,23,0.45,29,0.84,25,24.30%,21,8.10%,45
1999,ATL,21,3.71,28,3.23,12,63%,31,0.24,25,0.94,18,21.90%,27,9.20%,52
1999,BAL,11,4.03,10,4.11,29,53%,9,0.82,22,1.03,8,19.60%,25,8.70%,56
1999,BUF,16,3.94,21,3.59,24,57%,25,0.43,23,0.95,9,19.90%,5,5.60%,28
1999,CAR,20,3.76,5,4.28,31,47%,2,1.19,14,1.12,22,23.00%,20,7.70%,49
1999,CHI,24,3.55,24,3.41,5,72%,26,0.39,21,1.04,26,24.40%,4,5.40%,37
1999,CIN,13,3.99,4,4.57,20,58%,3,1.15,3,1.36,23,23.00%,23,8.50%,52
1999,CLE,29,3.39,29,3.22,7,68%,30,0.33,26,0.9,20,22.70%,29,10.10%,60
1999,DAL,3,4.32,7,4.22,13,61%,12,0.74,10,1.15,7,19.30%,6,5.60%,24
1999,DEN,18,3.92,11,4.09,10,65%,7,0.87,18,1.09,5,18.60%,9,6.30%,34
1999,DET,31,3.22,20,3.59,27,56%,6,0.93,27,0.9,30,26.50%,31,10.50%,64
1999,GNB,17,3.94,18,3.87,4,73%,20,0.57,5,1.27,24,24.00%,8,6.10%,36
1999,IND,15,3.96,9,4.14,14,61%,5,0.94,11,1.15,19,22.30%,1,3.20%,14
1999,JAX,9,4.08,13,4.08,8,65%,8,0.84,16,1.1,15,21.20%,10,6.40%,36
1999,KAN,10,4.07,16,3.97,11,63%,16,0.62,19,1.07,4,18.10%,3,5.20%,27
1999,MIA,23,3.62,26,3.3,30,48%,27,0.38,24,0.95,27,25.10%,14,6.50%,37
1999,MIN,4,4.3,6,4.26,26,56%,10,0.8,7,1.21,11,20.50%,26,8.70%,42
1999,NWE,19,3.89,23,3.48,3,74%,24,0.44,28,0.86,2,17.40%,30,10.20%,56
1999,NOR,27,3.46,25,3.39,18,60%,22,0.47,20,1.04,29,26.30%,15,6.80%,41
1999,NYG,25,3.54,27,3.24,22,58%,28,0.38,30,0.82,16,21.60%,17,7.20%,42
1999,NYJ,7,4.18,12,4.09,17,60%,17,0.61,12,1.13,3,17.90%,16,7.10%,38
1999,OAK,12,4.02,14,4.07,19,59%,11,0.77,9,1.16,14,21.20%,24,8.50%,49
1999,PHI,14,3.97,17,3.92,23,58%,21,0.56,13,1.12,12,21.10%,28,9.90%,48
1999,PIT,5,4.29,8,4.15,15,60%,14,0.64,6,1.22,6,19.00%,13,6.50%,37
1999,SDG,26,3.49,31,3.07,1,75%,29,0.38,31,0.74,28,25.60%,19,7.70%,46
1999,SEA,22,3.7,19,3.74,25,57%,18,0.6,17,1.1,21,23.00%,18,7.30%,38
1999,SFO,8,4.13,1,5,9,65%,1,1.47,4,1.34,12,21.10%,7,5.70%,34
1999,STL,2,4.51,2,4.81,16,60%,4,1.11,1,1.46,17,21.60%,10,6.40%,33
1999,TAM,28,3.44,22,3.57,28,55%,15,0.62,15,1.11,30,26.50%,22,8.40%,42
1999,TEN,6,4.23,15,4.03,1,75%,19,0.6,8,1.19,10,20.30%,2,4.40%,26
1999,WAS,1,4.84,3,4.6,6,69%,13,0.73,2,1.37,1,15.70%,12,6.40%,31
1998,ARI,23,3.81,25,3.59,26,51%,27,0.49,24,1.01,18,21.80%,19,8.30%,50
1998,ATL,4,4.35,5,4.29,3,77%,7,0.88,16,1.13,10,19.30%,29,10.10%,51
1998,BAL,13,4.05,11,4.06,10,67%,9,0.81,19,1.07,12,19.40%,20,8.70%,41
1998,BUF,3,4.4,20,3.83,15,62%,29,0.4,21,1.05,6,17.70%,21,8.80%,42
1998,CAR,17,3.95,24,3.66,11,65%,24,0.51,23,1.03,9,19.20%,24,9.40%,54
1998,CHI,15,4.01,21,3.78,4,74%,22,0.53,25,0.96,4,17.20%,8,6.10%,31
1998,CIN,21,3.84,14,4,23,53%,16,0.69,5,1.21,20,22.70%,26,9.60%,52
1998,DAL,5,4.27,8,4.13,17,59%,15,0.7,7,1.18,13,19.50%,2,4.40%,19
1998,DEN,2,4.55,2,4.83,14,63%,3,1.15,2,1.33,7,17.90%,6,5.20%,26
1998,DET,29,3.4,6,4.28,29,42%,1,1.28,4,1.23,30,27.80%,23,9.10%,46
1998,GNB,12,4.05,28,3.52,21,55%,30,0.24,18,1.08,15,20.30%,10,6.60%,39
1998,IND,24,3.74,18,3.9,24,52%,12,0.74,6,1.2,24,24.10%,1,4.10%,22
1998,JAX,18,3.94,4,4.33,8,68%,5,1.12,10,1.17,22,23.20%,17,8.10%,39
1998,KAN,11,4.08,26,3.55,12,64%,28,0.44,26,0.95,14,19.60%,13,6.80%,37
1998,MIA,28,3.56,27,3.53,30,41%,14,0.7,27,0.95,28,25.80%,4,4.50%,24
1998,MIN,9,4.12,3,4.46,20,56%,4,1.13,9,1.18,17,21.50%,3,4.50%,24
1998,NWE,22,3.83,17,3.91,27,48%,6,0.97,28,0.94,27,25.30%,12,6.70%,40
1998,NOR,30,3.34,30,3.28,28,46%,19,0.54,30,0.91,29,26.50%,28,9.90%,57
1998,NYG,8,4.14,12,4.03,9,68%,25,0.5,3,1.27,2,16.90%,11,6.60%,35
1998,NYJ,16,3.99,23,3.68,18,58%,23,0.52,22,1.05,16,21.40%,5,4.80%,26
1998,OAK,25,3.71,15,3.99,25,51%,8,0.84,17,1.09,25,24.70%,30,11.10%,67
1998,PHI,14,4.02,9,4.12,16,61%,10,0.76,20,1.06,3,17.10%,25,9.60%,57
1998,PIT,7,4.18,16,3.97,13,63%,26,0.49,8,1.18,5,17.60%,16,7.80%,36
1998,SDG,19,3.88,19,3.84,1,79%,20,0.54,14,1.14,21,22.90%,7,5.70%,37
1998,SEA,20,3.88,13,4,19,57%,13,0.74,11,1.16,19,22.40%,14,6.90%,34
1998,SFO,1,4.59,1,5.02,6,70%,2,1.24,1,1.4,1,16.80%,22,9.00%,53
1998,STL,27,3.66,29,3.38,22,54%,21,0.53,29,0.91,26,24.80%,18,8.20%,50
1998,TAM,6,4.24,10,4.06,6,70%,18,0.64,13,1.15,11,19.40%,9,6.50%,28
1998,TEN,26,3.67,22,3.75,5,73%,17,0.65,12,1.16,23,24.10%,15,7.70%,37
1998,WAS,10,4.11,7,4.19,2,77%,11,0.74,15,1.14,8,18.20%,27,9.70%,61
1997,ARI,30,3.27,30,2.97,9,70%,30,0.21,30,0.83,27,24.30%,29,11.40%,78
1997,ATL,27,3.6,22,3.67,26,54%,6,0.81,27,0.93,28,25.50%,26,9.70%,55
1997,BAL,14,4.06,20,3.74,8,71%,29,0.31,11,1.16,10,18.10%,9,6.60%,37
1997,BUF,12,4.09,7,4.32,18,61%,8,0.79,4,1.34,18,19.70%,21,8.30%,46
1997,CAR,2,4.45,11,4.07,1,83%,22,0.46,14,1.12,2,15.00%,13,7.30%,44
1997,CHI,23,3.83,24,3.56,14,63%,25,0.43,28,0.92,4,16.60%,11,7.10%,43
1997,CIN,18,4,6,4.35,4,75%,4,1.02,16,1.1,17,19.40%,23,8.90%,47
1997,DAL,8,4.18,15,4.02,23,58%,17,0.55,13,1.14,13,18.50%,10,7.00%,39
1997,DEN,1,4.86,2,4.68,16,63%,12,0.66,2,1.41,1,13.20%,16,7.40%,35
1997,DET,10,4.12,1,5.83,12,65%,1,2.2,1,1.52,20,21.30%,15,7.30%,41
1997,GNB,7,4.21,8,4.31,13,65%,9,0.75,5,1.31,15,19.10%,3,5.10%,26
1997,IND,20,3.95,19,3.77,28,52%,16,0.6,19,1.07,24,23.10%,30,11.70%,62
1997,JAX,13,4.08,23,3.59,20,60%,27,0.39,25,0.96,16,19.20%,20,7.90%,40
1997,KAN,5,4.3,13,4.02,3,76%,20,0.5,10,1.17,3,16.40%,8,6.50%,32
1997,MIA,24,3.78,29,3.3,29,51%,28,0.34,29,0.9,20,21.30%,1,4.40%,22
1997,MIN,9,4.17,4,4.54,2,76%,3,1.12,18,1.1,9,17.80%,5,6.00%,34
1997,NWE,21,3.93,17,3.92,21,59%,10,0.72,21,0.98,22,21.60%,6,6.10%,30
1997,NOR,28,3.5,27,3.55,19,60%,19,0.5,12,1.16,29,27.30%,27,9.80%,51
1997,NYG,11,4.12,16,4,11,65%,11,0.68,17,1.1,14,18.70%,14,7.30%,34
1997,NYJ,25,3.72,26,3.56,6,71%,26,0.42,15,1.11,26,23.60%,22,8.60%,48
1997,OAK,29,3.28,5,4.48,24,55%,2,1.5,6,1.25,30,27.30%,28,10.60%,58
1997,PHI,3,4.34,10,4.18,15,63%,13,0.62,8,1.2,5,16.70%,25,9.70%,64
1997,PIT,6,4.26,9,4.2,5,74%,15,0.6,7,1.25,7,17.10%,2,4.40%,21
1997,SDG,22,3.83,25,3.56,25,55%,23,0.45,26,0.93,12,18.40%,19,7.80%,51
1997,SEA,15,4.04,3,4.54,21,59%,5,1.01,3,1.4,25,23.60%,7,6.10%,35
1997,SFO,19,3.96,18,3.88,7,71%,14,0.62,20,1.01,8,17.20%,24,9.40%,45
1997,STL,26,3.71,28,3.43,30,42%,21,0.48,24,0.96,23,22.60%,12,7.20%,45
1997,TAM,17,4.03,14,4.02,10,67%,7,0.8,23,0.98,11,18.20%,18,7.70%,32
1997,TEN,4,4.34,12,4.03,17,61%,24,0.43,9,1.19,6,17.10%,17,7.40%,32
1997,WAS,16,4.04,21,3.7,27,52%,18,0.52,22,0.98,19,20.70%,4,5.90%,33
1996,ARI,26,3.63,15,3.85,16,62%,5,0.86,27,0.96,17,21.20%,9,5.90%,36
1996,ATL,3,4.38,4,4.53,19,60%,13,0.59,2,1.47,3,16.40%,11,6.10%,42
1996,BAL,1,4.62,10,4.13,24,56%,28,0.3,7,1.27,4,16.60%,16,6.50%,38
1996,BUF,23,3.66,26,3.4,27,52%,27,0.32,15,1.07,27,24.40%,28,10.10%,49
1996,CAR,12,3.96,23,3.55,30,41%,29,0.3,28,0.95,8,17.90%,17,6.50%,36
1996,CHI,17,3.76,17,3.76,19,60%,14,0.55,18,1.05,11,18.90%,3,4.40%,23
1996,CIN,24,3.66,19,3.66,4,73%,24,0.41,8,1.24,30,26.80%,23,8.10%,47
1996,DAL,9,4.13,16,3.78,13,65%,21,0.46,17,1.05,12,19.20%,2,4.00%,18
1996,DEN,6,4.34,5,4.51,15,64%,4,0.89,9,1.21,9,18.10%,14,6.30%,31
1996,DET,13,3.94,1,5,3,74%,1,1.31,1,1.62,25,22.90%,24,8.30%,46
1996,GNB,4,4.37,8,4.15,5,72%,25,0.39,3,1.39,7,17.20%,19,7.10%,38
1996,HOIL,20,3.73,12,4.01,7,71%,7,0.8,13,1.09,21,22.00%,12,6.20%,34
1996,IND,29,3.47,27,3.38,25,53%,19,0.51,26,0.97,29,25.10%,25,8.30%,44
1996,JAX,18,3.74,22,3.58,10,68%,23,0.41,22,1.02,15,20.70%,27,8.70%,52
1996,KAN,5,4.35,7,4.24,2,77%,18,0.53,6,1.28,6,16.90%,4,5.20%,27
1996,MIA,16,3.77,20,3.65,29,49%,12,0.59,21,1.04,28,24.50%,18,6.50%,35
1996,MIN,21,3.7,18,3.7,23,56%,15,0.55,24,1.01,13,20.50%,13,6.30%,35
1996,NWE,14,3.85,24,3.55,14,65%,17,0.54,25,0.98,23,22.30%,6,5.30%,30
1996,NOR,27,3.49,25,3.53,11,67%,16,0.54,23,1.01,26,22.90%,1,3.90%,22
1996,NYG,25,3.65,28,3.32,28,51%,26,0.39,29,0.85,14,20.70%,30,10.80%,56
1996,NYJ,10,4.03,14,3.94,6,71%,9,0.66,20,1.04,5,16.80%,15,6.40%,41
1996,OAK,15,3.78,2,4.67,18,61%,2,1.22,5,1.33,18,21.30%,26,8.40%,44
1996,PHI,7,4.2,11,4.13,8,69%,8,0.73,16,1.06,2,16.20%,20,7.10%,38
1996,PIT,2,4.59,3,4.54,1,89%,11,0.64,4,1.37,1,14.10%,5,5.20%,23
1996,SDG,28,3.47,29,3.3,12,66%,30,0.29,19,1.04,19,21.40%,7,5.40%,32
1996,SEA,19,3.73,6,4.36,21,59%,3,1.08,11,1.18,16,21.10%,22,7.60%,38
1996,SFO,11,3.99,13,3.97,22,58%,10,0.64,10,1.19,20,21.70%,21,7.10%,42
1996,STL,22,3.68,21,3.62,9,69%,20,0.48,12,1.1,22,22.10%,29,10.30%,57
1996,TAM,30,3.44,30,3.27,26,52%,22,0.42,30,0.84,24,22.40%,10,6.00%,30
1996,WAS,8,4.19,9,4.15,16,62%,6,0.8,14,1.08,10,18.10%,8,5.50%,25
