,Team,Att,Cmp,Cmp %,Yds/Att,Pass Yds,TD,INT,Rate,1st,1st%,20+,40+,Lng,Sck,SckY,Year
0,49ers,432,278,64.4,7.9,3432,20,11.0,93.6,167.0,38.7,47,4,82,44,289.0,1997
1,Bears,595,336,56.5,5.9,3501,14,22.0,66.1,188.0,31.6,28,6,78,43,257.0,1997
2,Bengals,504,302,59.9,7.1,3603,21,9.0,88.3,171.0,33.9,40,8,77,46,287.0,1997
3,Bills,546,293,53.7,5.9,3213,14,25.0,60.8,144.0,26.4,37,9,77,46,338.0,1997
4,Broncos,513,287,55.9,7.2,3704,27,11.0,87.4,172.0,33.5,53,10,78,35,210.0,1997
5,Buccaneers,404,224,55.4,6.5,2638,21,12.0,80.4,134.0,33.2,33,6,59,32,196.0,1997
6,Cardinals,602,317,52.7,6.6,3953,19,22.0,68.6,186.0,30.9,47,10,70,78,495.0,1997
7,Chargers,565,291,51.5,6.2,3475,12,21.0,62.2,161.0,28.5,46,9,72,51,386.0,1997
8,Chiefs,493,281,57.0,6.3,3129,20,10.0,81.1,163.0,33.1,43,5,55,32,236.0,1997
9,Colts,523,317,60.6,6.8,3560,16,17.0,77.6,171.0,32.7,34,7,58,62,418.0,1997
10,Cowboys,553,314,56.8,6.2,3454,19,12.0,77.8,170.0,30.7,36,7,64,39,313.0,1997
11,Dolphins,576,332,57.6,6.8,3945,16,12.0,79.2,199.0,34.5,51,4,55,22,153.0,1997
12,Eagles,587,330,56.2,6.8,4009,22,16.0,78.5,203.0,34.6,46,5,72,64,362.0,1997
13,Falcons,484,273,56.4,7.1,3445,26,11.0,87.2,168.0,34.7,40,9,56,54,372.0,1997
14,Giants,474,249,52.5,5.8,2763,16,12.0,70.9,124.0,26.2,35,7,68,32,238.0,1997
15,Jaguars,504,313,62.1,7.8,3922,20,9.0,92.0,187.0,37.1,60,11,75,40,218.0,1997
16,Jets,564,319,56.6,6.3,3555,20,10.0,79.9,173.0,30.7,44,2,70,48,313.0,1997
17,Lions,540,304,56.3,6.7,3605,19,17.0,75.4,166.0,30.7,45,8,79,41,271.0,1997
18,Oilers,420,220,52.4,6.4,2704,15,13.0,71.6,136.0,32.4,37,5,55,32,199.0,1997
19,Packers,523,309,59.1,7.4,3896,35,16.0,91.9,191.0,36.5,61,9,74,26,191.0,1997
20,Panthers,534,289,54.1,5.9,3156,17,24.0,63.7,170.0,31.8,36,3,59,44,311.0,1997
21,Patriots,532,321,60.3,7.2,3808,31,15.0,89.9,173.0,32.5,49,12,76,30,258.0,1997
22,Raiders,529,294,55.6,7.5,3944,29,10.0,89.9,170.0,32.1,59,10,76,58,430.0,1997
23,Rams,526,271,51.5,6.7,3524,14,15.0,69.9,161.0,30.6,46,12,76,44,326.0,1997
24,Ravens,586,338,57.7,6.7,3929,25,16.0,80.9,176.0,30.0,44,8,92,37,227.0,1997
25,Redskins,547,283,51.7,6.5,3581,22,22.0,69.1,192.0,35.1,45,7,69,33,198.0,1997
26,Saints,458,228,49.8,6.3,2901,13,33.0,49.4,127.0,27.7,39,7,89,50,317.0,1997
27,Seahawks,609,359,58.9,6.9,4187,26,21.0,79.7,207.0,34.0,55,10,61,36,228.0,1997
28,Steelers,466,253,54.3,6.9,3215,22,19.0,74.8,157.0,33.7,41,10,69,20,152.0,1997
29,Vikings,540,319,59.1,6.6,3537,26,16.0,82.3,177.0,32.8,42,7,56,33,224.0,1997
0,49ers,556,347,62.4,8.1,4510,41,15.0,101.2,223.0,40.1,60,13,81,53,254.0,1998
1,Bears,494,284,57.5,6.6,3277,16,13.0,77.5,154.0,31.2,36,8,79,31,224.0,1998
2,Bengals,521,307,58.9,6.8,3545,20,12.0,82.7,148.0,28.4,44,13,76,53,360.0,1998
3,Bills,461,269,58.4,7.9,3621,28,14.0,91.0,176.0,38.2,48,12,84,41,241.0,1998
4,Broncos,491,290,59.1,7.8,3808,32,14.0,93.5,186.0,37.9,48,8,58,25,184.0,1998
5,Buccaneers,449,234,52.1,6.2,2787,21,18.0,70.3,139.0,31.0,29,10,79,28,181.0,1998
6,Cardinals,552,326,59.1,6.8,3768,17,20.0,74.9,179.0,32.4,48,6,57,50,286.0,1998
7,Chargers,566,261,46.1,5.5,3115,11,34.0,44.9,146.0,25.8,33,7,67,37,251.0,1998
8,Chiefs,543,305,56.2,6.4,3472,15,18.0,70.9,153.0,28.2,43,5,80,36,212.0,1998
9,Colts,576,326,56.6,6.5,3739,26,28.0,71.1,190.0,33.0,42,8,78,22,109.0,1998
10,Cowboys,474,279,58.9,7.5,3546,17,8.0,87.2,154.0,32.5,46,13,80,19,110.0,1998
11,Dolphins,546,316,57.9,6.6,3582,23,16.0,79.5,176.0,32.2,46,6,61,24,187.0,1998
12,Eagles,534,282,52.8,5.1,2730,7,18.0,57.7,141.0,26.4,26,3,61,56,317.0,1998
13,Falcons,424,237,55.9,8.8,3744,28,15.0,92.7,175.0,41.3,60,11,78,53,358.0,1998
14,Giants,507,265,52.3,5.6,2822,18,15.0,68.3,129.0,25.4,36,6,87,35,256.0,1998
15,Jaguars,463,269,58.1,7.2,3343,24,12.0,87.1,153.0,33.0,44,11,78,39,231.0,1998
16,Jets,532,318,59.8,7.6,4032,33,13.0,94.0,207.0,38.9,55,8,82,25,196.0,1998
17,Lions,489,274,56.0,6.9,3398,17,13.0,78.2,160.0,32.7,46,7,98,45,268.0,1998
18,Oilers,519,305,58.8,6.7,3482,16,10.0,81.3,171.0,32.9,43,5,55,35,191.0,1998
19,Packers,575,361,62.8,7.5,4340,33,23.0,88.3,210.0,36.5,48,9,84,39,230.0,1998
20,Panthers,507,292,57.6,7.1,3624,25,18.0,81.5,171.0,33.7,44,12,72,54,302.0,1998
21,Patriots,556,295,53.1,7.2,4004,23,17.0,77.4,184.0,33.1,55,17,86,40,344.0,1998
22,Raiders,519,282,54.3,6.8,3534,21,25.0,69.2,156.0,30.1,51,6,75,67,446.0,1998
23,Rams,556,314,56.5,6.1,3381,12,18.0,68.2,164.0,29.5,38,8,80,47,294.0,1998
24,Ravens,477,272,57.0,6.6,3152,16,15.0,75.2,140.0,29.4,36,12,73,41,283.0,1998
25,Redskins,565,304,53.8,6.6,3724,24,14.0,78.2,186.0,32.9,42,7,75,61,399.0,1998
26,Saints,535,278,52.0,6.6,3514,19,19.0,69.8,165.0,30.8,41,9,89,57,376.0,1998
27,Seahawks,480,273,56.9,6.7,3219,21,18.0,76.4,144.0,30.0,33,10,81,34,219.0,1998
28,Steelers,489,274,56.0,5.7,2781,13,20.0,64.3,135.0,27.6,27,5,55,35,229.0,1998
29,Vikings,533,327,61.4,8.4,4492,41,16.0,101.5,210.0,39.4,62,21,67,25,164.0,1998
0,49ers,560,324,57.9,6.3,3526,14,19.0,70.7,172.0,30.7,37,8,62,34,241.0,1999
1,Bears,684,404,59.1,6.4,4352,25,22.0,76.6,203.0,29.7,53,11,80,38,216.0,1999
2,Bengals,548,300,54.7,6.4,3504,18,18.0,71.6,161.0,29.4,32,7,76,49,278.0,1999
3,Bills,513,290,56.5,6.8,3478,21,16.0,78.1,173.0,33.7,44,8,54,27,185.0,1999
4,Broncos,554,319,57.6,6.6,3646,16,18.0,73.6,168.0,30.3,42,7,88,34,227.0,1999
5,Browns,492,271,55.1,6.1,2997,19,15.0,73.5,134.0,27.2,37,6,78,60,385.0,1999
6,Buccaneers,447,268,60.0,6.2,2781,18,16.0,76.5,132.0,29.5,26,5,68,42,303.0,1999
7,Cardinals,558,287,51.4,5.5,3085,11,30.0,52.2,150.0,26.9,36,8,71,45,282.0,1999
8,Chargers,583,332,56.9,6.2,3627,12,24.0,65.2,171.0,29.3,44,12,80,46,284.0,1999
9,Chiefs,502,295,58.8,6.8,3409,22,15.0,81.5,164.0,32.7,36,6,86,26,170.0,1999
10,Colts,546,338,61.9,7.7,4182,26,17.0,88.5,200.0,36.6,56,11,80,14,116.0,1999
11,Cowboys,507,295,58.2,6.5,3278,20,13.0,80.0,139.0,27.4,41,7,90,24,151.0,1999
12,Dolphins,589,329,55.9,6.3,3736,20,21.0,71.5,188.0,31.9,49,7,69,37,251.0,1999
13,Eagles,474,235,49.6,5.1,2405,18,18.0,61.4,123.0,25.9,25,5,84,49,321.0,1999
14,Giants,602,350,58.1,6.7,4015,17,20.0,73.9,197.0,32.7,46,6,80,42,296.0,1999
15,Jaguars,535,320,59.8,6.9,3716,16,11.0,82.3,194.0,36.3,44,8,62,36,221.0,1999
16,Jets,476,272,57.1,6.3,3001,22,16.0,77.4,139.0,29.2,39,6,65,37,210.0,1999
17,Lions,558,326,58.4,7.3,4074,22,14.0,83.9,179.0,32.1,54,15,77,64,388.0,1999
18,Packers,605,344,56.9,6.8,4132,23,23.0,74.8,196.0,32.4,52,11,74,36,232.0,1999
19,Panthers,575,345,60.0,7.7,4447,36,15.0,94.3,208.0,36.2,61,9,88,51,286.0,1999
20,Patriots,540,305,56.5,7.4,3985,19,21.0,75.4,184.0,34.1,50,13,68,56,349.0,1999
21,Raiders,520,306,58.8,7.4,3850,24,14.0,86.1,196.0,37.7,52,7,50,49,241.0,1999
22,Rams,530,343,64.7,8.6,4580,42,15.0,106.6,207.0,39.1,62,17,75,33,227.0,1999
23,Ravens,546,270,49.5,6.2,3360,21,20.0,66.5,148.0,27.1,46,12,76,56,336.0,1999
24,Redskins,537,324,60.3,7.7,4112,26,14.0,89.5,183.0,34.1,64,14,65,31,186.0,1999
25,Saints,553,288,52.1,6.5,3598,16,30.0,59.6,159.0,28.8,47,11,90,41,305.0,1999
26,Seahawks,525,288,54.9,6.9,3629,25,16.0,79.8,179.0,34.1,52,6,51,38,232.0,1999
27,Steelers,535,301,56.3,5.8,3118,19,18.0,71.1,159.0,29.7,32,3,49,37,235.0,1999
28,Titans,527,304,57.7,6.9,3622,23,13.0,83.1,167.0,31.7,49,8,65,25,137.0,1999
29,Vikings,530,316,59.6,8.1,4318,32,21.0,89.3,192.0,36.2,71,11,80,43,329.0,1999
0,49ers,583,366,62.8,7.5,4400,32,10.0,97.0,211.0,36.2,61,9,69,25,161.0,2000
1,Bears,542,304,56.1,5.5,3005,12,16.0,67.0,143.0,26.4,29,6,68,34,200.0,2000
2,Bengals,454,207,45.6,4.9,2219,6,14.0,52.0,109.0,24.0,26,1,46,52,273.0,2000
3,Bills,546,312,57.1,7.2,3936,20,10.0,84.3,174.0,31.9,59,9,74,59,360.0,2000
4,Broncos,569,354,62.2,7.8,4464,28,12.0,94.2,223.0,39.2,65,10,61,30,221.0,2000
5,Browns,483,278,57.6,5.6,2728,9,19.0,63.4,110.0,22.8,25,3,79,40,283.0,2000
6,Buccaneers,433,237,54.7,6.5,2824,18,13.0,76.2,144.0,33.3,38,5,75,38,241.0,2000
7,Cardinals,554,316,57.0,6.3,3478,16,24.0,67.4,156.0,28.2,41,11,70,35,228.0,2000
8,Charger,578,311,53.8,6.1,3540,19,30.0,61.8,156.0,27.0,41,9,83,53,302.0,2000
9,Chiefs,582,342,58.8,7.6,4408,29,15.0,88.5,207.0,35.6,59,8,81,34,259.0,2000
10,Colts,571,357,62.5,7.7,4413,33,15.0,94.7,213.0,37.3,51,8,78,20,131.0,2000
11,Cowboys,445,255,57.3,6.2,2771,14,21.0,66.6,128.0,28.8,33,6,76,35,249.0,2000
12,Dolphins,421,243,57.7,6.5,2720,15,17.0,72.2,122.0,29.0,32,8,61,28,153.0,2000
13,Eagles,575,331,57.6,5.9,3386,21,15.0,75.9,182.0,31.7,46,5,70,45,262.0,2000
14,Giants,529,311,58.8,6.8,3610,22,13.0,83.1,195.0,36.9,46,7,59,28,243.0,2000
15,Jaguars,545,333,61.1,7.2,3947,22,15.0,85.2,193.0,35.4,42,11,67,54,289.0,2000
16,Jets,637,352,55.3,6.3,4023,23,29.0,67.5,192.0,30.1,50,8,63,20,99.0,2000
17,Lions,503,277,55.1,5.9,2992,14,19.0,66.3,143.0,28.4,35,4,59,53,317.0,2000
18,Packers,600,348,58.0,6.5,3916,21,16.0,78.2,197.0,32.8,43,7,67,34,238.0,2000
19,Panthers,566,340,60.1,6.8,3850,19,19.0,77.7,201.0,35.5,47,2,54,69,382.0,2000
20,Patriots,565,328,58.1,6.1,3461,18,15.0,75.5,172.0,30.4,35,5,59,48,280.0,2000
21,Raiders,475,284,59.8,7.2,3430,28,11.0,92.0,177.0,37.3,42,8,84,28,124.0,2000
22,Rams,587,380,64.7,9.4,5492,37,23.0,99.7,247.0,42.1,79,21,85,44,260.0,2000
23,Ravens,504,287,56.9,6.2,3102,20,19.0,72.7,156.0,31.0,37,8,59,43,287.0,2000
24,Redskins,561,343,61.1,6.9,3892,18,21.0,77.0,185.0,33.0,43,10,77,32,244.0,2000
25,Saints,497,298,60.0,7.2,3573,22,15.0,84.2,169.0,34.0,42,8,53,39,244.0,2000
26,Seahawks,507,308,60.7,6.3,3198,21,21.0,75.5,168.0,33.1,26,7,71,46,238.0,2000
27,Steelers,439,217,49.4,6.2,2738,12,10.0,68.9,128.0,29.2,37,3,77,43,220.0,2000
28,Titans,462,286,61.9,7.4,3430,18,16.0,83.2,167.0,36.1,41,6,67,27,164.0,2000
29,Vikings,495,307,62.0,8.1,4019,33,18.0,94.7,193.0,39.0,57,13,78,35,187.0,2000
0,49ers,506,318,62.8,7.0,3559,32,12.0,95.0,184.0,36.4,41,10,61,26,114.0,2001
1,Bears,528,315,59.7,5.8,3072,20,16.0,76.0,153.0,29.0,35,7,66,17,120.0,2001
2,Bengals,602,322,53.5,5.5,3291,12,26.0,58.1,176.0,29.2,32,2,49,28,203.0,2001
3,Bills,557,327,58.7,6.7,3722,18,20.0,74.7,180.0,32.3,48,10,80,46,271.0,2001
4,Broncos,511,312,61.1,6.3,3208,26,19.0,80.6,174.0,34.1,30,2,65,42,268.0,2001
5,Browns,466,279,59.9,6.8,3154,18,21.0,74.3,139.0,29.8,42,7,78,51,353.0,2001
6,Buccaneers,592,362,61.1,6.1,3621,13,12.0,77.4,189.0,31.9,36,2,47,47,298.0,2001
7,Cardinals,526,304,57.8,6.9,3653,18,14.0,79.5,177.0,33.7,52,11,68,29,204.0,2001
8,Chargers,548,309,56.4,6.7,3685,16,18.0,73.1,177.0,32.3,47,5,78,27,180.0,2001
9,Chiefs,528,300,56.8,7.3,3863,17,24.0,71.7,178.0,33.7,53,13,67,39,198.0,2001
10,Colts,557,349,62.7,7.6,4227,27,23.0,84.9,206.0,37.0,57,11,86,30,238.0,2001
11,Cowboys,413,210,50.8,5.8,2408,14,20.0,59.9,110.0,26.6,32,8,80,34,190.0,2001
12,Dolphins,453,275,60.7,7.4,3335,20,19.0,80.6,154.0,34.0,42,7,74,27,178.0,2001
13,Eagles,522,300,57.5,6.6,3427,27,14.0,83.4,146.0,28.0,46,9,64,40,282.0,2001
14,Giants,568,327,57.6,6.6,3764,19,16.0,77.1,189.0,33.3,52,7,76,36,206.0,2001
15,Jaguars,534,321,60.1,6.9,3670,20,14.0,82.4,181.0,33.9,43,3,45,63,430.0,2001
16,Jets,464,272,58.6,6.2,2871,17,14.0,76.4,151.0,32.5,39,1,40,19,130.0,2001
17,Lions,609,343,56.3,6.5,3969,18,24.0,69.6,184.0,30.2,52,6,76,66,373.0,2001
18,Packers,510,314,61.6,7.7,3921,32,15.0,94.1,187.0,36.7,53,13,67,22,151.0,2001
19,Panthers,579,314,54.2,5.4,3098,12,22.0,60.6,144.0,24.9,32,4,48,32,216.0,2001
20,Patriots,482,306,63.5,6.9,3326,21,15.0,85.3,163.0,33.8,38,8,91,46,237.0,2001
21,Raiders,553,364,65.8,7.0,3862,27,9.0,95.5,195.0,35.3,45,5,49,27,155.0,2001
22,Rams,551,379,68.8,8.9,4903,37,22.0,102.2,236.0,42.8,82,12,65,40,240.0,2001
23,Ravens,557,320,57.5,6.5,3595,18,20.0,72.7,180.0,32.3,43,6,77,40,281.0,2001
24,Redskins,432,235,54.4,6.3,2716,13,13.0,71.1,122.0,28.2,31,6,85,38,229.0,2001
25,Saints,562,313,55.7,6.8,3844,27,22.0,76.7,184.0,32.7,55,13,63,50,330.0,2001
26,Seahawks,462,258,55.8,6.8,3164,15,12.0,77.2,140.0,30.3,45,12,64,49,328.0,2001
27,Steeler,454,274,60.4,7.3,3295,16,12.0,83.4,150.0,33.0,49,8,90,31,182.0,2001
28,Titans,515,307,59.6,7.5,3867,23,17.0,84.2,179.0,34.8,55,10,71,43,309.0,2001
29,Vikings,555,335,60.4,6.9,3854,23,23.0,77.9,179.0,32.3,46,10,80,47,278.0,2001
0,49ers,571,354,62.0,6.3,3576,23,10.0,86.0,182.0,31.9,32,7,76,22,119.0,2002
1,Bears,543,310,57.1,6.1,3316,22,18.0,74.8,156.0,28.7,49,7,76,44,265.0,2002
2,Bengals,591,350,59.2,6.3,3732,17,22.0,71.8,186.0,31.5,32,5,72,37,256.0,2002
3,Bills,612,377,61.6,7.1,4364,24,15.0,86.0,218.0,35.6,45,13,73,54,369.0,2002
4,Broncos,554,359,64.8,7.5,4139,21,20.0,84.8,199.0,35.9,43,10,82,46,315.0,2002
5,Brown,552,338,61.2,6.6,3665,27,22.0,80.5,171.0,31.0,47,10,78,35,253.0,2002
6,Buccaneers,567,348,61.4,6.5,3665,23,10.0,86.3,172.0,30.3,37,6,76,41,220.0,2002
7,Cardinals,548,291,53.1,5.5,3038,18,22.0,63.7,148.0,27.0,30,3,80,41,298.0,2002
8,Chargers,538,324,60.2,6.3,3368,17,16.0,76.5,166.0,30.9,42,5,52,24,180.0,2002
9,Chiefs,477,292,61.2,7.9,3763,27,13.0,93.5,179.0,37.5,47,13,99,26,141.0,2002
10,Colts,591,392,66.3,7.1,4200,27,19.0,88.8,213.0,36.0,51,11,69,23,145.0,2002
11,Cowboys,471,252,53.5,6.4,3020,14,16.0,69.1,129.0,27.4,34,10,80,54,399.0,2002
12,Dolphins,455,271,59.6,6.7,3069,18,15.0,79.3,155.0,34.1,38,5,77,25,179.0,2002
13,Eagles,548,318,58.0,6.6,3606,27,11.0,85.9,164.0,29.9,49,7,59,36,222.0,2002
14,Giants,549,338,61.6,7.5,4103,19,14.0,85.4,195.0,35.5,61,4,82,24,152.0,2002
15,Jaguars,462,268,58.0,6.5,3019,18,9.0,82.5,156.0,33.8,30,6,79,42,257.0,2002
16,Jets,485,329,67.8,7.5,3619,25,10.0,98.3,190.0,39.2,44,3,47,32,201.0,2002
17,Lions,577,277,48.0,5.5,3168,19,25.0,57.9,150.0,26.0,40,10,64,20,174.0,2002
18,Packers,580,361,62.2,6.6,3823,29,16.0,86.6,197.0,34.0,42,7,85,27,196.0,2002
19,Panthers,464,255,55.0,6.4,2981,15,22.0,65.7,133.0,28.7,51,6,69,44,287.0,2002
20,Patriots,605,374,61.8,6.2,3767,28,14.0,85.3,184.0,30.4,37,3,49,31,190.0,2002
21,Raiders,619,418,67.5,7.6,4689,26,10.0,97.2,226.0,36.5,48,8,75,36,214.0,2002
22,Rams,635,408,64.3,7.1,4480,24,27.0,79.9,219.0,34.5,56,7,58,46,326.0,2002
23,Redskins,559,300,53.7,6.3,3523,24,20.0,72.5,165.0,29.5,36,7,62,38,269.0,2002
24,Saints,538,291,54.1,6.8,3685,27,15.0,80.8,169.0,31.4,48,13,64,37,244.0,2002
25,Seahawks,587,361,61.5,7.3,4257,19,16.0,83.0,208.0,35.4,45,8,83,33,179.0,2002
26,Steelers,551,350,63.5,7.3,4036,26,22.0,84.6,200.0,36.3,51,8,72,34,204.0,2002
27,Texans,447,235,52.6,5.9,2636,11,15.0,64.7,119.0,26.6,32,5,81,76,411.0,2002
28,Titans,500,306,61.2,6.9,3441,22,15.0,83.9,182.0,36.4,35,6,55,21,121.0,2002
29,Vikings,558,337,60.4,7.1,3951,19,23.0,76.1,191.0,34.2,50,10,61,49,266.0,2002
0,49ers,511,299,58.5,7.0,3566,25,15.0,84.0,172.0,33.7,46,7,75,28,158.0,2003
1,Bears,515,271,52.6,5.6,2905,12,20.0,61.0,143.0,27.8,37,5,61,43,288.0,2003
2,Bengals,520,324,62.3,6.9,3591,26,15.0,87.4,181.0,34.8,37,11,82,37,249.0,2003
3,Bills,502,293,58.4,6.1,3069,11,17.0,69.4,150.0,29.9,31,2,54,51,385.0,2003
4,Broncos,479,280,58.5,6.5,3126,19,18.0,75.6,162.0,33.8,35,6,72,25,157.0,2003
5,Browns,509,313,61.5,6.1,3116,17,18.0,75.2,153.0,30.1,25,6,71,40,282.0,2003
6,Buccaneers,592,369,62.3,6.7,3941,27,22.0,81.5,190.0,32.1,38,9,76,23,136.0,2003
7,Cardinals,534,303,56.7,6.1,3265,18,22.0,68.9,147.0,27.5,38,8,71,44,306.0,2003
8,Chargers,525,297,56.6,6.1,3226,21,19.0,73.1,146.0,27.8,45,6,73,29,205.0,2003
9,Chiefs,536,339,63.2,7.7,4113,24,12.0,92.4,201.0,37.5,55,8,67,21,132.0,2003
10,Colts,569,381,67.0,7.5,4289,29,10.0,99.0,212.0,37.3,45,9,79,19,110.0,2003
11,Cowboys,510,294,57.6,6.6,3347,17,21.0,71.4,149.0,29.2,49,7,64,37,185.0,2003
12,Dolphins,450,257,57.1,6.7,3001,17,19.0,72.5,145.0,32.2,43,5,80,31,209.0,2003
13,Eagles,484,279,57.6,6.8,3273,17,11.0,80.5,156.0,32.2,45,9,59,43,253.0,2003
14,Giants,616,344,55.8,5.9,3642,16,20.0,68.4,184.0,29.9,35,8,77,44,259.0,2003
15,Jaguars,515,303,58.8,6.6,3421,17,17.0,76.0,163.0,31.7,40,8,84,28,136.0,2003
16,Jets,496,312,62.9,7.1,3524,20,14.0,85.8,181.0,36.5,44,8,65,31,208.0,2003
17,Lions,588,319,54.3,5.1,2988,17,24.0,61.1,152.0,25.9,26,3,72,11,64.0,2003
18,Packers,473,310,65.5,7.1,3377,32,21.0,90.5,166.0,35.1,42,7,66,19,137.0,2003
19,Panthers,460,270,58.7,7.0,3238,19,16.0,79.6,146.0,31.7,46,9,67,26,188.0,2003
20,Patriots,537,320,59.6,6.8,3651,23,13.0,84.3,177.0,33.0,44,8,82,32,219.0,2003
21,Raiders,521,278,53.4,5.7,2988,9,14.0,65.0,140.0,26.9,38,2,47,43,237.0,2003
22,Rams,600,377,62.8,7.1,4287,23,23.0,81.0,211.0,35.2,64,6,48,43,326.0,2003
23,Redskins,527,283,53.7,6.2,3273,21,16.0,73.3,156.0,29.6,45,4,64,43,267.0,2003
24,Saints,535,314,58.7,6.8,3641,25,8.0,88.7,177.0,33.1,36,7,76,36,203.0,2003
25,Seahawks,521,317,60.8,7.4,3872,27,16.0,88.2,190.0,36.5,54,5,80,43,254.0,2003
26,Steelers,532,306,57.5,6.7,3548,19,17.0,76.4,174.0,32.7,46,5,81,42,244.0,2003
27,Texans,439,248,56.5,6.5,2841,14,18.0,69.7,127.0,28.9,32,7,78,36,186.0,2003
28,Titans,502,315,62.7,8.0,4031,30,9.0,100.3,211.0,42.0,55,12,73,25,153.0,2003
29,Vikings,520,333,64.0,8.0,4169,32,13.0,99.0,194.0,37.3,52,15,72,42,218.0,2003
0,49ers,561,325,57.9,6.2,3455,16,21.0,69.9,172.0,30.7,28,3,65,52,319.0,2004
1,Bears,471,249,52.9,5.6,2641,9,16.0,61.7,121.0,25.7,33,5,63,66,449.0,2004
2,Bengals,536,324,60.4,6.6,3520,23,22.0,77.0,172.0,32.1,42,8,76,31,219.0,2004
3,Bills,461,262,56.8,6.6,3032,21,17.0,76.7,149.0,32.3,33,9,69,38,215.0,2004
4,Broncos,521,303,58.2,7.8,4089,27,20.0,84.5,184.0,35.3,55,9,85,15,90.0,2004
5,Browns,439,251,57.2,7.0,3076,21,21.0,74.9,125.0,28.5,36,14,99,41,252.0,2004
6,Buccaneers,512,340,66.4,7.4,3773,24,18.0,89.1,175.0,34.2,50,10,75,44,299.0,2004
7,Cardinals,533,299,56.1,6.0,3202,14,18.0,68.5,152.0,28.5,38,4,48,39,320.0,2004
8,Chargers,450,288,64.0,7.8,3506,29,8.0,102.0,160.0,35.6,45,9,79,21,149.0,2004
9,Chiefs,561,370,66.0,8.3,4633,27,17.0,94.9,228.0,40.6,60,10,70,32,227.0,2004
10,Colts,527,353,67.0,9.0,4732,51,10.0,119.7,238.0,45.2,69,14,80,14,109.0,2004
11,Cowboys,519,308,59.3,7.0,3636,19,23.0,74.5,171.0,32.9,48,4,53,36,208.0,2004
12,Dolphins,586,309,52.7,5.8,3391,19,26.0,62.5,165.0,28.2,38,5,76,52,326.0,2004
13,Eagles,547,336,61.4,7.7,4208,32,11.0,96.4,188.0,34.4,56,20,80,37,229.0,2004
14,Giants,475,269,56.6,6.5,3097,12,13.0,73.5,143.0,30.1,35,10,62,52,279.0,2004
15,Jaguars,513,305,59.5,6.5,3315,17,11.0,80.7,161.0,31.4,35,7,65,32,156.0,2004
16,Jets,438,282,64.4,7.4,3231,19,11.0,90.5,163.0,37.2,38,9,69,31,181.0,2004
17,Lions,505,285,56.4,6.2,3124,19,13.0,76.7,142.0,28.1,43,4,62,37,208.0,2004
18,Packers,598,382,63.9,7.6,4550,36,19.0,93.8,228.0,38.1,58,13,79,14,101.0,2004
19,Panthers,536,311,58.0,7.3,3889,29,15.0,87.0,192.0,35.8,60,8,63,33,246.0,2004
20,Patriots,485,293,60.4,7.7,3750,29,14.0,92.5,193.0,39.8,53,10,50,26,162.0,2004
21,Raiders,582,330,56.7,6.9,4019,24,22.0,76.1,176.0,30.2,55,11,63,30,161.0,2004
22,Rams,580,372,64.1,8.0,4615,23,22.0,86.1,203.0,35.0,67,8,75,50,362.0,2004
23,Redskins,514,288,56.0,5.6,2874,18,17.0,70.0,156.0,30.4,27,5,51,38,242.0,2004
24,Saints,542,309,57.0,7.0,3810,21,16.0,79.5,177.0,32.7,57,5,57,41,223.0,2004
25,Seahawks,532,304,57.1,7.0,3715,23,18.0,79.1,189.0,35.5,47,4,60,34,176.0,2004
26,Steelers,358,228,63.7,8.3,2970,20,13.0,93.2,147.0,41.1,47,7,58,36,250.0,2004
27,Texans,471,286,60.7,7.5,3547,16,14.0,83.0,174.0,36.9,47,6,69,49,301.0,2004
28,Titans,589,356,60.4,6.7,3933,27,19.0,82.1,200.0,34.0,46,5,48,44,317.0,2004
29,Vikings,552,380,68.8,8.6,4754,39,12.0,109.8,225.0,40.8,64,18,82,46,238.0,2004
0,49ers,389,204,52.4,5.6,2190,8,21.0,53.6,96.0,24.7,27,4,89,48,292.0,2005
1,Bears,418,219,52.4,5.3,2201,11,15.0,61.5,111.0,26.6,27,4,54,31,199.0,2005
2,Bengals,538,362,67.3,7.3,3935,32,14.0,97.6,203.0,37.7,43,9,70,21,115.0,2005
3,Bills,459,269,58.6,6.2,2852,18,16.0,75.4,129.0,28.1,29,9,65,43,337.0,2005
4,Broncos,465,279,60.0,7.3,3373,18,7.0,88.9,162.0,34.8,44,8,72,23,146.0,2005
5,Browns,497,297,59.8,6.7,3323,15,17.0,75.5,149.0,30.0,38,8,80,46,276.0,2005
6,Buccaneers,487,303,62.2,6.5,3171,17,14.0,80.7,161.0,33.1,34,6,80,41,281.0,2005
7,Cardinals,670,419,62.5,7.0,4723,21,21.0,81.0,224.0,33.4,63,12,63,45,286.0,2005
8,Chargers,526,338,64.3,7.1,3738,27,16.0,89.7,191.0,36.3,48,4,54,31,243.0,2005
9,Chiefs,507,317,62.5,7.9,4014,17,10.0,90.1,182.0,35.9,51,11,60,32,204.0,2005
10,Colts,515,347,67.4,8.1,4191,31,11.0,103.3,217.0,42.1,49,7,80,20,95.0,2005
11,Cowboys,500,300,60.0,7.3,3639,23,17.0,83.6,177.0,35.4,42,9,71,50,298.0,2005
12,Dolphins,556,291,52.3,6.2,3458,22,16.0,72.8,159.0,28.6,44,11,77,26,158.0,2005
13,Eagles,620,337,54.4,6.3,3903,21,20.0,71.5,182.0,29.4,49,8,91,42,226.0,2005
14,Giants,558,294,52.7,6.7,3762,24,17.0,75.7,172.0,30.8,49,8,78,28,184.0,2005
15,Jaguars,487,283,58.1,6.9,3352,21,6.0,88.4,170.0,34.9,43,5,45,32,162.0,2005
16,Jets,470,268,57.0,6.4,2989,11,15.0,70.6,146.0,31.1,34,5,60,53,347.0,2005
17,Lions,520,297,57.1,5.8,3021,15,18.0,69.1,151.0,29.0,35,8,86,31,173.0,2005
18,Packers,626,383,61.2,6.3,3964,20,30.0,70.1,206.0,32.9,40,7,59,27,198.0,2005
19,Panthers,449,269,59.9,7.8,3485,25,16.0,88.1,157.0,35.0,44,13,80,28,214.0,2005
20,Patriots,564,352,62.4,7.7,4322,28,15.0,91.5,204.0,36.2,62,9,71,28,202.0,2005
21,Raiders,591,316,53.5,6.6,3883,21,14.0,76.0,189.0,32.0,50,6,79,45,301.0,2005
22,Rams,599,392,65.4,7.3,4351,23,24.0,83.0,209.0,34.9,41,8,83,46,315.0,2005
23,Redskins,481,278,57.8,7.0,3346,25,11.0,87.0,166.0,34.5,40,11,78,31,240.0,2005
24,Saints,553,308,55.7,6.5,3604,15,24.0,66.6,182.0,32.9,47,5,66,41,261.0,2005
25,Seahawks,474,307,64.8,7.7,3632,25,10.0,96.8,192.0,40.5,44,8,56,27,174.0,2005
26,Steelers,379,228,60.2,8.2,3104,21,14.0,89.4,144.0,38.0,44,14,85,32,178.0,2005
27,Texans,449,270,60.1,5.9,2661,15,13.0,76.0,142.0,31.6,21,2,53,68,424.0,2005
28,Titans,594,358,60.3,6.4,3797,20,14.0,80.3,191.0,32.2,34,8,57,31,200.0,2005
29,Vikings,510,323,63.3,6.8,3449,18,16.0,81.7,169.0,33.1,31,8,80,54,303.0,2005
0,49ers,444,257,57.9,6.5,2890,16,16.0,74.4,132.0,29.7,34,8,75,35,202.0,2006
1,Bears,514,282,54.9,6.7,3446,24,22.0,73.5,161.0,31.3,50,9,75,25,165.0,2006
2,Bengals,523,327,62.5,7.8,4066,28,13.0,94.1,200.0,38.2,53,15,74,36,233.0,2006
3,Bills,431,268,62.2,7.1,3051,19,14.0,84.6,132.0,30.6,35,10,83,47,332.0,2006
4,Broncos,454,256,56.4,6.6,2995,20,18.0,74.7,151.0,33.3,34,6,83,31,196.0,2006
5,Browns,512,318,62.1,6.3,3247,15,25.0,69.7,153.0,29.9,32,8,75,54,349.0,2006
6,Buccaneers,535,296,55.3,5.6,2994,14,18.0,66.2,133.0,24.9,30,7,64,33,196.0,2006
7,Cardinals,545,322,59.1,7.2,3924,17,17.0,78.7,187.0,34.3,50,11,64,35,262.0,2006
8,Chargers,466,287,61.6,7.3,3412,24,9.0,93.0,169.0,36.3,41,5,57,28,150.0,2006
9,Chiefs,450,272,60.4,7.2,3243,18,12.0,84.7,184.0,40.9,36,5,78,41,243.0,2006
10,Colts,557,362,65.0,7.9,4397,31,9.0,101.0,241.0,43.3,53,7,68,15,89.0,2006
11,Cowboys,506,310,61.3,8.0,4067,26,21.0,86.5,197.0,38.9,56,12,56,37,231.0,2006
12,Dolphins,591,342,57.9,6.1,3577,16,19.0,71.2,180.0,30.5,37,6,52,41,290.0,2006
13,Eagles,544,323,59.4,7.9,4309,31,9.0,96.7,189.0,34.7,63,19,89,28,190.0,2006
14,Giants,523,301,57.6,6.2,3244,24,18.0,76.8,163.0,31.2,33,8,55,25,186.0,2006
15,Jaguars,446,266,59.6,6.9,3060,17,14.0,80.0,147.0,33.0,39,5,51,30,178.0,2006
16,Jets,488,313,64.1,6.9,3352,17,16.0,82.1,161.0,33.0,38,9,71,34,199.0,2006
17,Lions,596,372,62.4,7.1,4208,21,22.0,79.9,208.0,34.9,59,3,60,63,388.0,2006
18,Packers,630,350,55.6,6.3,3947,18,18.0,72.1,185.0,29.4,49,8,82,24,152.0,2006
19,Panthers,539,325,60.3,6.5,3486,19,17.0,77.9,158.0,29.3,37,7,72,32,222.0,2006
20,Patriots,527,326,61.9,6.8,3590,25,12.0,88.3,181.0,34.3,47,8,62,29,190.0,2006
21,Raiders,483,263,54.5,5.9,2850,7,24.0,56.2,144.0,29.8,28,2,57,72,430.0,2006
22,Rams,592,371,62.7,7.3,4328,24,8.0,92.7,212.0,35.8,61,10,67,49,366.0,2006
23,Redskins,470,274,58.3,6.8,3174,19,10.0,83.4,150.0,31.9,39,10,74,19,147.0,2006
24,Saints,580,372,64.1,8.0,4626,27,13.0,94.9,207.0,35.7,65,20,86,23,123.0,2006
25,Seahawks,512,292,57.0,6.6,3369,26,22.0,76.0,167.0,32.6,41,7,72,49,315.0,2006
26,Steelers,523,312,59.7,7.7,4026,23,23.0,80.2,201.0,38.4,49,10,87,49,293.0,2006
27,Texans,481,329,68.4,6.3,3032,14,13.0,83.8,156.0,32.4,29,3,53,43,254.0,2006
28,Titans,447,226,50.6,6.1,2748,13,19.0,61.8,133.0,29.8,42,1,53,29,152.0,2006
29,Vikings,540,332,61.5,6.3,3402,13,20.0,72.2,160.0,29.6,44,6,50,43,279.0,2006
0,49ers,513,274,53.4,5.2,2685,15,17.0,64.3,140.0,27.3,30,4,57,55,365.0,2007
1,Bears,569,327,57.5,6.5,3701,18,21.0,72.2,168.0,29.5,44,8,81,43,339.0,2007
2,Bengals,575,373,64.9,7.2,4131,26,20.0,86.7,213.0,37.0,51,8,70,17,119.0,2007
3,Bills,445,263,59.1,6.4,2842,12,14.0,73.8,141.0,31.7,33,6,85,26,208.0,2007
4,Broncos,515,326,63.3,7.3,3759,21,15.0,86.7,187.0,36.3,42,7,68,32,175.0,2007
5,Browns,545,305,56.0,7.1,3866,29,20.0,80.7,192.0,35.2,53,6,78,19,140.0,2007
6,Buccaneers,490,316,64.5,7.3,3579,18,8.0,91.7,162.0,33.1,41,11,69,36,222.0,2007
7,Cardinals,590,356,60.3,7.2,4228,32,24.0,83.4,210.0,35.6,52,7,62,24,163.0,2007
8,Chargers,471,281,59.7,6.7,3175,22,16.0,81.3,158.0,33.5,44,4,49,24,170.0,2007
9,Chiefs,563,335,59.5,6.3,3525,17,20.0,73.0,171.0,30.4,40,2,58,55,344.0,2007
10,Colts,551,355,64.4,7.6,4172,32,14.0,96.1,212.0,38.5,53,9,73,23,139.0,2007
11,Cowboys,531,342,64.4,8.1,4290,36,19.0,97.1,217.0,40.9,56,11,59,25,185.0,2007
12,Dolphins,558,318,57.0,5.9,3319,12,16.0,69.6,162.0,29.0,41,3,64,42,288.0,2007
13,Eagles,577,350,60.7,6.9,4005,24,15.0,84.6,186.0,32.2,43,11,75,49,250.0,2007
14,Falcons,555,336,60.5,6.4,3573,18,15.0,78.9,161.0,29.0,42,6,74,47,277.0,2007
15,Giants,544,302,55.5,6.2,3376,23,20.0,73.0,167.0,30.7,36,6,60,28,222.0,2007
16,Jaguars,469,288,61.4,7.5,3495,28,8.0,97.1,180.0,38.4,44,8,80,31,167.0,2007
17,Jets,512,310,60.5,6.5,3330,15,19.0,73.9,173.0,33.8,38,7,57,53,316.0,2007
18,Lions,587,368,62.7,7.2,4216,19,22.0,79.4,203.0,34.6,47,8,91,54,338.0,2007
19,Packers,578,383,66.3,7.7,4461,30,15.0,95.9,210.0,36.3,52,17,82,19,127.0,2007
20,Panthers,505,285,56.4,5.8,2941,19,17.0,71.9,142.0,28.1,28,9,74,33,206.0,2007
21,Patriots,586,403,68.8,8.3,4859,50,9.0,116.0,243.0,41.5,57,15,69,21,128.0,2007
22,Raiders,451,260,57.6,6.4,2893,17,20.0,70.9,133.0,29.5,31,6,59,41,262.0,2007
23,Rams,574,333,58.0,6.2,3561,19,28.0,67.0,193.0,33.6,42,1,40,48,328.0,2007
24,Ravens,557,341,61.2,5.9,3308,13,14.0,75.2,175.0,31.4,23,5,79,39,273.0,2007
25,Redskins,525,319,60.8,6.9,3622,18,11.0,84.2,192.0,36.6,43,6,54,29,159.0,2007
26,Saints,652,440,67.5,6.8,4423,28,18.0,89.4,232.0,35.6,47,8,58,16,109.0,2007
27,Seahawks,590,371,62.9,7.1,4181,30,13.0,91.8,211.0,35.8,51,8,65,36,217.0,2007
28,Steelers,442,282,63.8,7.7,3418,34,14.0,99.9,179.0,40.5,43,7,83,47,347.0,2007
29,Texans,529,346,65.4,7.4,3925,24,21.0,86.1,190.0,35.9,40,10,77,22,174.0,2007
30,Titans,464,288,62.1,6.6,3077,9,17.0,72.6,171.0,36.9,28,7,73,30,199.0,2007
31,Vikings,432,249,57.6,6.8,2938,12,14.0,74.2,139.0,32.2,25,8,79,38,193.0,2007
0,49ers,509,309,60.7,7.3,3724,21,19.0,81.4,176.0,34.6,55,6,63,55,345.0,2008
1,Bears,528,304,57.6,6.1,3229,20,14.0,77.1,153.0,29.0,35,3,65,29,168.0,2008
2,Bengals,513,303,59.1,5.2,2677,11,15.0,68.0,145.0,28.3,21,2,79,51,271.0,2008
3,Bills,479,309,64.5,6.9,3302,14,15.0,81.3,167.0,34.9,38,6,87,38,262.0,2008
4,Broncos,620,386,62.3,7.3,4545,25,18.0,85.9,223.0,36.0,55,7,93,12,74.0,2008
5,Browns,488,238,48.8,5.2,2537,11,20.0,54.8,127.0,26.0,26,6,70,24,157.0,2008
6,Buccaneers,562,355,63.2,6.7,3788,18,13.0,83.8,184.0,32.7,42,5,71,32,169.0,2008
7,Cardinals,630,418,66.3,7.7,4875,31,15.0,96.1,231.0,36.7,54,13,79,28,201.0,2008
8,Chargers,478,312,65.3,8.4,4009,34,11.0,105.5,191.0,40.0,48,12,67,25,151.0,2008
9,Chiefs,541,310,57.3,6.2,3358,23,16.0,77.5,161.0,29.8,35,5,75,37,229.0,2008
10,Colts,585,393,67.2,7.1,4180,27,12.0,94.7,220.0,37.6,42,7,75,14,86.0,2008
11,Cowboys,547,328,60.0,7.3,3988,29,20.0,84.9,171.0,31.3,54,12,75,31,199.0,2008
12,Dolphins,491,330,67.2,7.7,3761,20,7.0,97.6,184.0,37.5,39,8,80,26,129.0,2008
13,Eagles,606,362,59.7,6.7,4060,23,16.0,81.4,204.0,33.7,52,11,90,23,149.0,2008
14,Falcons,434,265,61.1,7.9,3440,16,11.0,87.7,157.0,36.2,45,9,70,17,104.0,2008
15,Giants,491,298,60.7,6.8,3353,23,10.0,88.2,176.0,35.8,34,4,48,28,176.0,2008
16,Jaguars,537,335,62.4,6.7,3620,15,13.0,81.4,183.0,34.1,42,1,41,42,288.0,2008
17,Jets,529,347,65.6,6.6,3516,22,23.0,80.2,186.0,35.2,40,7,56,30,213.0,2008
18,Lions,509,281,55.2,6.5,3299,18,19.0,71.3,143.0,28.1,43,7,96,52,339.0,2008
19,Packers,541,343,63.4,7.5,4044,28,13.0,93.3,182.0,33.6,48,16,71,34,231.0,2008
20,Panthers,414,246,59.4,7.9,3288,15,12.0,84.7,152.0,36.7,45,9,65,20,130.0,2008
21,Patriots,534,339,63.5,7.1,3790,21,11.0,89.1,186.0,34.8,38,6,76,48,221.0,2008
22,Raiders,421,222,52.7,6.3,2639,13,11.0,71.6,123.0,29.2,39,5,84,39,270.0,2008
23,Rams,520,292,56.2,6.3,3268,11,19.0,66.9,140.0,26.9,41,8,80,45,321.0,2008
24,Ravens,433,261,60.3,7.1,3085,16,12.0,82.8,147.0,33.9,40,11,70,33,277.0,2008
25,Redskins,510,318,62.4,6.5,3291,14,6.0,85.2,165.0,32.4,34,3,67,38,266.0,2008
26,Saints,636,413,64.9,8.0,5069,34,18.0,95.4,232.0,36.5,66,16,84,13,92.0,2008
27,Seahawks,474,262,55.3,6.0,2831,18,15.0,72.5,142.0,30.0,29,5,90,36,214.0,2008
28,Steelers,506,303,59.9,7.1,3607,19,15.0,81.9,179.0,35.4,39,8,65,49,306.0,2008
29,Texans,555,367,66.1,8.1,4474,21,20.0,88.4,210.0,37.8,60,12,65,32,207.0,2008
30,Titans,453,265,58.5,6.4,2902,13,9.0,78.8,143.0,31.6,36,5,56,12,83.0,2008
31,Vikings,452,267,59.1,7.1,3217,22,17.0,81.5,150.0,33.2,40,12,99,43,261.0,2008
0,49ers,528,312,59.1,6.2,3293,23,14.0,80.8,137.0,25.9,42,7,73,40,241.0,2009
1,Bears,563,340,60.4,6.5,3677,27,27.0,75.6,170.0,30.2,56,6,71,35,204.0,2009
2,Bengals,477,286,60.0,6.6,3134,21,13.0,82.7,159.0,33.3,36,5,73,29,244.0,2009
3,Bills,441,256,58.0,6.3,2789,17,19.0,71.7,126.0,28.6,31,6,98,46,274.0,2009
4,Broncos,558,341,61.1,6.9,3825,21,13.0,84.4,186.0,33.3,43,9,87,34,198.0,2009
5,Browns,443,219,49.4,5.1,2255,11,18.0,55.8,118.0,26.6,25,4,59,30,179.0,2009
6,Buccaneers,524,279,53.2,6.0,3134,18,29.0,59.8,148.0,28.2,40,4,47,33,161.0,2009
7,Cardinals,594,392,66.0,7.1,4200,27,18.0,89.1,215.0,36.2,49,3,45,26,184.0,2009
8,Chargers,519,338,65.1,8.7,4506,29,10.0,103.1,222.0,42.8,67,13,81,26,168.0,2009
9,Chiefs,536,296,55.2,5.9,3183,18,17.0,70.8,139.0,25.9,41,9,61,45,261.0,2009
10,Colts,601,402,66.9,7.7,4605,34,19.0,95.4,241.0,40.1,62,8,80,13,90.0,2009
11,Cowboys,550,347,63.1,8.2,4483,26,9.0,97.6,203.0,36.9,61,17,80,34,196.0,2009
12,Dolphins,545,331,60.7,6.2,3396,15,19.0,73.3,188.0,34.5,29,4,67,34,226.0,2009
13,Eagles,553,335,60.6,7.9,4380,27,13.0,92.0,182.0,32.9,65,21,71,38,291.0,2009
14,Falcons,570,332,58.2,6.5,3697,26,17.0,80.4,192.0,33.7,39,5,90,27,126.0,2009
15,Giants,542,338,62.4,7.8,4246,28,14.0,93.2,194.0,35.8,62,12,74,32,227.0,2009
16,Jaguars,519,315,60.7,6.9,3599,15,10.0,83.2,170.0,32.8,44,6,63,44,243.0,2009
17,Jets,393,210,53.4,6.6,2596,12,21.0,62.0,131.0,33.3,37,8,65,30,216.0,2009
18,Lions,585,316,54.0,5.9,3471,16,32.0,58.1,168.0,28.7,39,6,75,43,303.0,2009
19,Packers,553,357,64.6,8.1,4492,30,8.0,101.8,201.0,36.3,55,17,83,51,312.0,2009
20,Panthers,465,264,56.8,6.6,3070,16,20.0,70.5,152.0,32.7,39,10,66,33,271.0,2009
21,Patriots,592,390,65.9,7.7,4540,28,13.0,95.6,222.0,37.5,43,12,81,18,104.0,2009
22,Raiders,485,255,52.6,5.9,2875,10,18.0,62.0,131.0,27.0,30,4,86,49,318.0,2009
23,Rams,543,312,57.5,5.5,2970,12,21.0,64.0,159.0,29.3,32,2,50,44,284.0,2009
24,Ravens,510,321,62.9,7.1,3637,21,13.0,87.4,187.0,36.7,44,8,72,36,218.0,2009
25,Redskins,533,340,63.8,7.1,3797,21,16.0,85.5,191.0,35.8,43,10,84,46,307.0,2009
26,Saints,544,378,69.5,8.3,4490,34,12.0,106.0,215.0,39.5,58,11,75,20,135.0,2009
27,Seahawks,609,372,61.1,6.2,3771,20,19.0,76.7,184.0,30.2,39,6,53,41,268.0,2009
28,Steelers,536,351,65.5,8.4,4496,28,14.0,98.1,210.0,39.2,64,14,60,50,348.0,2009
29,Texans,593,399,67.3,8.1,4803,29,17.0,96.3,231.0,39.0,63,15,72,25,149.0,2009
30,Titans,476,271,56.9,6.5,3104,16,15.0,74.8,154.0,32.4,32,8,69,15,73.0,2009
31,Vikings,553,377,68.2,8.0,4403,34,7.0,107.3,220.0,39.8,55,13,63,34,247.0,2009
0,49ers,0,282,56.4,7.2,3613,19,15.0,79.4,149.0,29.8,53,10,66,44,257.0,2010
1,Bears,466,276,59.2,7.3,3397,23,21.0,79.5,163.0,35.0,42,6,89,56,382.0,2010
2,Bengals,590,365,61.9,6.8,3988,26,20.0,82.4,206.0,34.9,45,9,78,28,221.0,2010
3,Bills,519,296,57.0,6.5,3371,24,21.0,75.2,166.0,32.0,42,8,65,34,213.0,2010
4,Broncos,580,334,57.6,7.4,4307,25,12.0,86.8,204.0,35.2,62,13,71,40,269.0,2010
5,Browns,478,296,61.9,6.7,3203,13,18.0,75.0,154.0,32.2,42,6,65,36,214.0,2010
6,Buccaneers,494,306,61.9,7.2,3564,26,6.0,96.2,172.0,34.8,49,10,64,30,203.0,2010
7,Cardinals,561,285,50.8,5.8,3264,10,19.0,60.5,154.0,27.5,44,3,74,50,343.0,2010
8,Chargers,544,359,66.0,8.7,4746,30,13.0,101.9,236.0,43.4,66,14,59,38,227.0,2010
9,Chiefs,475,274,57.7,6.7,3189,27,8.0,90.1,167.0,35.2,40,4,75,32,221.0,2010
10,Colts,679,450,66.3,6.9,4700,33,17.0,91.9,253.0,37.3,43,9,73,16,91.0,2010
11,Cowboys,576,379,65.8,7.3,4208,29,19.0,90.4,201.0,34.9,57,8,71,31,166.0,2010
12,Dolphins,557,335,60.1,6.7,3755,17,21.0,74.8,189.0,33.9,44,4,57,38,228.0,2010
13,Eagles,561,348,62.0,7.5,4215,28,13.0,92.1,189.0,33.7,61,15,91,49,309.0,2010
14,Falcons,577,361,62.6,6.5,3725,28,9.0,90.8,200.0,34.7,32,6,46,23,158.0,2010
15,Giants,539,339,62.9,7.4,4002,31,25.0,85.3,192.0,35.6,57,7,92,16,117.0,2010
16,Jaguars,469,291,62.0,7.2,3356,26,21.0,83.4,161.0,34.3,47,6,75,38,291.0,2010
17,Jets,525,288,54.9,6.5,3420,20,14.0,76.5,171.0,32.6,44,11,74,28,178.0,2010
18,Lions,633,383,60.5,6.3,4001,26,16.0,82.0,199.0,31.4,43,6,87,27,191.0,2010
19,Packers,541,352,65.1,8.0,4355,31,13.0,98.9,204.0,37.7,57,11,86,38,231.0,2010
20,Panthers,484,256,52.9,5.4,2635,9,21.0,57.0,125.0,25.8,30,3,88,50,346.0,2010
21,Patriots,507,331,65.3,7.9,4022,37,5.0,109.8,196.0,38.7,54,10,79,25,175.0,2010
22,Raiders,491,279,56.8,7.1,3471,18,16.0,77.5,159.0,32.4,45,12,73,44,291.0,2010
23,Rams,590,354,60.0,6.0,3512,18,15.0,76.5,179.0,30.3,36,4,49,34,244.0,2010
24,Ravens,491,308,62.7,7.4,3629,25,10.0,93.6,175.0,35.6,40,7,67,40,294.0,2010
25,Redskins,605,349,57.7,7.0,4261,21,19.0,78.0,194.0,32.1,51,13,76,46,348.0,2010
26,Saints,661,450,68.1,7.0,4636,33,22.0,90.8,236.0,35.7,47,10,80,26,195.0,2010
27,Seahawks,544,324,59.6,6.5,3536,14,20.0,72.1,159.0,29.2,39,11,87,35,195.0,2010
28,Steelers,479,298,62.2,8.1,3890,22,9.0,95.2,175.0,36.5,62,11,56,43,289.0,2010
29,Texans,574,365,63.6,7.6,4370,24,12.0,92.0,222.0,38.7,59,9,60,32,226.0,2010
30,Titans,474,273,57.6,6.9,3278,24,15.0,82.6,155.0,32.7,44,8,80,27,171.0,2010
31,Vikings,505,305,60.4,6.6,3327,14,26.0,67.7,159.0,31.5,47,3,53,36,230.0,2010
0,49ers,451,277,61.4,7.1,3193,18,5.0,91.4,150.0,33.3,41,6,56,44,263.0,2011
1,Bears,473,268,56.7,7.1,3346,18,20.0,73.8,153.0,32.3,43,7,81,49,335.0,2011
2,Bengals,535,308,57.6,6.6,3507,21,14.0,79.6,160.0,29.9,51,11,84,25,167.0,2011
3,Bills,578,356,61.6,6.7,3857,24,25.0,77.0,180.0,31.1,48,8,60,23,154.0,2011
4,Broncos,429,217,50.6,6.3,2708,20,13.0,73.5,130.0,30.3,36,8,56,42,274.0,2011
5,Browns,570,320,56.1,5.8,3300,16,13.0,72.8,173.0,30.4,32,6,76,39,210.0,2011
6,Buccaneers,588,365,62.1,6.5,3838,17,24.0,73.6,180.0,30.6,37,6,65,32,188.0,2011
7,Cardinals,550,307,55.8,7.2,3954,21,23.0,73.9,175.0,31.8,55,15,73,54,387.0,2011
8,Chargers,582,366,62.9,7.9,4624,27,20.0,88.7,234.0,40.2,69,8,58,30,198.0,2011
9,Chiefs,500,299,59.8,6.6,3288,13,18.0,73.0,163.0,32.6,39,7,52,34,208.0,2011
10,Colts,534,302,56.6,6.0,3223,14,14.0,72.2,170.0,31.8,32,6,87,35,228.0,2011
11,Cowboys,570,376,66.0,7.8,4453,33,12.0,100.1,219.0,38.4,58,11,77,39,252.0,2011
12,Dolphins,469,280,59.7,7.3,3425,20,13.0,84.9,166.0,35.4,56,7,65,52,334.0,2011
13,Eagles,554,330,59.6,7.7,4276,22,25.0,78.3,197.0,35.6,64,10,73,32,166.0,2011
14,Falcons,594,365,61.4,7.3,4365,29,13.0,91.1,215.0,36.2,56,10,80,26,173.0,2011
15,Giants,589,359,61.0,8.4,4933,29,16.0,92.9,216.0,36.7,67,18,99,28,199.0,2011
16,Jaguars,469,240,51.2,5.4,2510,12,15.0,62.2,122.0,26.0,30,4,74,44,331.0,2011
17,Jets,547,310,56.7,6.5,3542,26,18.0,78.4,173.0,31.6,41,3,74,40,245.0,2011
18,Lions,666,423,63.5,7.6,5071,41,16.0,97.2,244.0,36.6,65,16,73,36,257.0,2011
19,Packers,552,376,68.1,9.3,5161,51,8.0,122.6,230.0,41.7,70,16,93,41,237.0,2011
20,Panthers,519,312,60.1,7.9,4089,21,17.0,84.8,175.0,33.7,66,9,91,35,260.0,2011
21,Patriots,612,402,65.7,8.6,5257,39,12.0,105.7,262.0,42.8,72,14,99,32,173.0,2011
22,Raiders,524,315,60.1,7.9,4119,20,23.0,79.4,186.0,35.5,63,14,78,25,157.0,2011
23,Rams,549,292,53.2,5.9,3258,9,10.0,69.0,159.0,29.0,37,3,68,55,388.0,2011
24,Ravens,544,314,57.7,6.7,3629,21,12.0,81.7,181.0,33.3,44,7,74,33,206.0,2011
25,Redskins,591,346,58.5,6.9,4058,19,24.0,73.3,204.0,34.5,57,7,51,41,285.0,2011
26,Saints,662,472,71.3,8.3,5505,46,14.0,110.5,280.0,42.3,69,11,79,24,158.0,2011
27,Seahawks,509,299,58.7,6.8,3444,15,14.0,77.6,153.0,30.1,51,9,61,50,339.0,2011
28,Steelers,539,341,63.3,8.0,4333,21,15.0,89.7,221.0,41.0,60,10,95,42,279.0,2011
29,Texans,467,288,61.7,7.9,3696,20,9.0,92.7,176.0,37.7,55,11,80,33,190.0,2011
30,Titans,584,353,60.4,7.0,4113,22,14.0,84.4,185.0,31.7,51,14,80,24,190.0,2011
31,Vikings,510,286,56.1,6.4,3255,20,17.0,74.6,159.0,31.2,41,7,72,49,298.0,2011
0,49ers,436,289,66.3,8.1,3551,23,8.0,101.2,172.0,39.4,54,8,57,41,253.0,2012
1,Bears,485,287,59.2,6.8,3298,21,16.0,80.4,163.0,33.6,39,6,60,44,299.0,2012
2,Bengals,540,335,62.0,7.1,3807,28,16.0,88.1,173.0,32.0,39,14,73,46,229.0,2012
3,Bills,511,309,60.5,6.7,3430,24,17.0,82.2,176.0,34.4,44,7,68,30,161.0,2012
4,Broncos,588,402,68.4,7.9,4671,37,11.0,105.3,232.0,39.5,64,7,71,21,137.0,2012
5,Browns,566,328,58.0,6.5,3668,16,18.0,73.5,185.0,32.7,50,6,71,36,233.0,2012
6,Buccaneers,566,311,54.9,7.3,4144,27,17.0,81.8,188.0,33.2,57,16,95,26,161.0,2012
7,Cardinals,608,337,55.4,5.6,3383,11,21.0,63.1,168.0,27.6,36,3,53,58,378.0,2012
8,Chargers,528,338,64.0,6.8,3606,26,15.0,88.5,184.0,34.8,41,3,80,49,311.0,2012
9,Chiefs,475,273,57.5,6.2,2937,8,20.0,63.8,144.0,30.3,36,3,57,40,224.0,2012
10,Colts,628,339,54.0,7.0,4374,23,18.0,76.4,208.0,33.1,65,11,70,41,246.0,2012
11,Cowboys,658,434,66.0,7.6,4992,29,19.0,91.3,237.0,36.0,55,9,85,36,263.0,2012
12,Dolphins,504,293,58.1,6.8,3425,13,13.0,76.7,158.0,31.3,42,3,80,37,243.0,2012
13,Eagles,618,367,59.4,6.6,4075,18,15.0,78.6,190.0,30.7,51,6,77,48,284.0,2012
14,Falcons,615,422,68.6,7.7,4719,32,14.0,99.1,246.0,40.0,46,10,80,28,210.0,2012
15,Giants,539,323,59.9,7.4,3967,26,15.0,87.2,187.0,34.7,50,10,80,20,142.0,2012
16,Jaguars,586,328,56.0,6.4,3746,20,17.0,74.7,157.0,26.8,48,8,81,50,327.0,2012
17,Jets,493,272,55.2,6.4,3178,14,19.0,68.3,162.0,32.9,40,6,66,47,287.0,2012
18,Lions,740,445,60.1,6.9,5139,22,17.0,81.5,272.0,36.8,67,10,57,29,212.0,2012
19,Packers,558,374,67.0,7.8,4342,40,8.0,108.3,213.0,38.2,55,9,73,51,293.0,2012
20,Panthers,490,284,58.0,8.0,3927,19,12.0,86.5,171.0,34.9,58,11,82,36,244.0,2012
21,Patriots,641,402,62.7,7.6,4844,34,9.0,97.7,256.0,39.9,57,8,83,27,182.0,2012
22,Raiders,629,376,59.8,6.8,4292,24,16.0,82.4,200.0,31.8,52,10,64,27,208.0,2012
23,Rams,557,332,59.6,6.8,3783,22,14.0,82.7,189.0,33.9,43,8,80,35,233.0,2012
24,Ravens,560,334,59.6,7.1,3996,22,11.0,86.4,182.0,32.5,62,12,61,38,257.0,2012
25,Redskins,442,291,65.8,8.3,3666,24,8.0,102.1,171.0,38.7,53,8,88,33,244.0,2012
26,Saints,671,423,63.0,7.7,5187,43,19.0,96.4,267.0,39.8,66,13,80,26,190.0,2012
27,Seahawks,405,259,64.0,8.0,3234,27,10.0,100.6,153.0,37.8,45,11,67,33,203.0,2012
28,Steelers,574,354,61.7,7.0,4012,27,14.0,88.1,202.0,35.2,49,7,82,37,225.0,2012
29,Texans,554,354,63.9,7.3,4046,22,13.0,89.2,205.0,37.0,46,8,60,28,216.0,2012
30,Titans,540,318,58.9,6.6,3577,17,16.0,76.9,166.0,30.7,42,7,71,39,254.0,2012
31,Vikings,483,300,62.1,6.1,2935,18,12.0,81.2,163.0,33.7,28,3,65,32,184.0,2012
0,49ers,417,244,58.5,7.7,3210,21,8.0,91.7,148.0,35.5,46,10,64,39,231.0,2013
1,Bears,579,373,64.4,7.7,4450,32,13.0,96.9,215.0,37.1,53,11,80,30,169.0,2013
2,Bengals,587,364,62.0,7.4,4318,33,20.0,89.0,205.0,34.9,57,15,82,29,182.0,2013
3,Bills,522,299,57.3,6.5,3373,16,15.0,75.0,149.0,28.5,46,9,59,48,270.0,2013
4,Broncos,675,461,68.3,8.3,5572,55,10.0,114.4,293.0,43.4,68,13,78,20,128.0,2013
5,Browns,681,379,55.7,6.4,4372,26,20.0,75.7,200.0,29.4,52,14,95,49,325.0,2013
6,Buccaneers,514,291,56.6,6.2,3181,22,12.0,79.6,157.0,30.5,39,7,85,47,361.0,2013
7,Cardinals,574,363,63.2,7.5,4291,24,22.0,83.9,205.0,35.7,49,9,91,41,289.0,2013
8,Chargers,544,378,69.5,8.2,4478,32,11.0,105.5,230.0,42.3,60,6,60,30,150.0,2013
9,Chiefs,546,333,61.0,6.5,3561,24,8.0,88.6,179.0,32.8,45,7,71,41,221.0,2013
10,Colts,582,350,60.1,6.8,3952,23,10.0,86.5,191.0,32.8,45,10,73,32,227.0,2013
11,Cowboys,586,375,64.0,7.2,4226,33,12.0,95.7,213.0,36.3,48,7,82,35,272.0,2013
12,Dolphins,594,357,60.1,6.7,3966,24,19.0,80.1,205.0,34.5,47,11,67,58,399.0,2013
13,Eagles,508,310,61.0,8.7,4406,32,9.0,102.7,197.0,38.8,80,18,70,46,296.0,2013
14,Falcons,659,445,67.5,6.9,4541,26,17.0,89.5,227.0,34.4,44,9,81,44,298.0,2013
15,Giants,567,325,57.3,6.8,3875,18,29.0,67.6,176.0,31.0,54,7,70,40,287.0,2013
16,Jaguars,592,349,59.0,6.3,3751,16,21.0,71.8,176.0,29.7,44,6,67,50,310.0,2013
17,Jets,480,266,55.4,6.8,3270,13,22.0,66.6,154.0,32.1,47,6,69,47,338.0,2013
18,Lions,634,371,58.5,7.3,4650,29,19.0,84.2,221.0,34.9,62,10,87,23,168.0,2013
19,Packers,570,366,64.2,8.0,4538,25,16.0,91.7,201.0,35.3,65,11,83,45,270.0,2013
20,Panthers,473,292,61.7,7.1,3379,24,13.0,88.8,169.0,35.7,33,7,79,43,336.0,2013
21,Patriots,628,380,60.5,6.9,4343,25,11.0,87.3,225.0,35.8,49,8,81,40,256.0,2013
22,Raiders,519,298,57.4,7.0,3629,17,20.0,73.9,168.0,32.4,48,8,73,44,289.0,2013
23,Rams,506,301,59.5,6.6,3360,22,11.0,84.8,165.0,32.6,41,5,81,36,235.0,2013
24,Ravens,619,363,58.6,6.3,3914,19,23.0,72.0,189.0,30.5,45,14,74,48,324.0,2013
25,Redskins,611,355,58.1,6.6,4057,20,19.0,76.1,198.0,32.4,39,6,62,43,306.0,2013
26,Saints,651,446,68.5,7.9,5162,39,12.0,104.5,244.0,37.5,67,15,76,37,244.0,2013
27,Seahawks,420,267,63.6,8.4,3508,27,9.0,102.4,160.0,38.1,52,10,80,44,272.0,2013
28,Steelers,586,377,64.3,7.3,4306,28,14.0,92.3,207.0,35.3,61,10,67,43,289.0,2013
29,Texans,633,371,58.6,6.6,4183,19,22.0,74.0,198.0,31.3,53,9,66,42,370.0,2013
30,Titans,533,328,61.5,7.0,3710,22,16.0,83.6,172.0,32.3,48,10,77,37,214.0,2013
31,Vikings,546,325,59.5,6.7,3645,18,19.0,76.0,173.0,31.7,54,7,79,44,218.0,2013
0,49ers,487,292,60.0,7.0,3407,20,10.0,86.3,165.0,33.9,49,5,80,52,344.0,2014
1,Bears,609,396,65.0,6.6,4035,30,19.0,87.3,194.0,31.9,41,8,74,41,243.0,2014
2,Bengals,503,323,64.2,7.1,3551,20,17.0,84.2,164.0,32.6,35,8,81,23,130.0,2014
3,Bills,579,363,62.7,6.7,3856,23,13.0,86.0,186.0,32.1,52,8,84,39,242.0,2014
4,Broncos,607,399,65.7,7.9,4779,40,15.0,101.3,227.0,37.4,67,11,86,17,118.0,2014
5,Browns,502,274,54.6,7.3,3678,12,16.0,72.8,179.0,35.7,56,11,81,31,213.0,2014
6,Buccaneers,531,301,56.7,6.8,3623,21,20.0,75.2,162.0,30.5,51,9,56,52,326.0,2014
7,Cardinals,568,320,56.3,7.0,3990,21,12.0,81.8,191.0,33.6,58,11,81,28,182.0,2014
8,Chargers,574,380,66.2,7.5,4296,31,18.0,93.4,214.0,37.3,57,9,59,37,198.0,2014
9,Chiefs,493,320,64.9,7.0,3428,18,6.0,92.2,184.0,37.3,43,3,70,49,246.0,2014
10,Colts,661,410,62.0,7.7,5062,42,16.0,96.8,251.0,38.0,78,15,80,29,168.0,2014
11,Cowboys,476,328,68.9,8.4,4008,37,11.0,110.9,205.0,43.1,54,12,68,30,224.0,2014
12,Dolphins,595,394,66.2,6.8,4066,27,12.0,92.5,226.0,38.0,41,4,50,46,337.0,2014
13,Eagles,621,384,61.8,7.4,4581,27,21.0,84.8,218.0,35.1,63,13,72,32,225.0,2014
14,Falcons,632,418,66.1,7.5,4758,28,15.0,93.4,233.0,36.9,61,9,79,31,205.0,2014
15,Giants,607,383,63.1,7.4,4470,30,14.0,92.2,218.0,35.9,53,10,80,30,198.0,2014
16,Jaguars,557,325,58.3,6.2,3451,15,18.0,72.0,154.0,27.6,43,9,63,71,450.0,2014
17,Jets,498,287,57.6,6.4,3206,16,15.0,75.1,154.0,30.9,40,9,74,47,260.0,2014
18,Lions,604,365,60.4,7.1,4284,22,12.0,85.9,210.0,34.8,54,11,73,45,254.0,2014
19,Packers,536,349,65.1,8.3,4447,38,6.0,109.9,222.0,41.4,59,15,80,30,186.0,2014
20,Panthers,545,327,60.0,7.0,3828,23,12.0,86.2,199.0,36.5,43,4,51,42,317.0,2014
21,Patriots,609,392,64.4,7.0,4291,34,9.0,97.5,228.0,37.4,46,8,69,26,170.0,2014
22,Raiders,629,365,58.0,5.5,3456,22,16.0,74.4,173.0,27.5,30,7,77,28,181.0,2014
23,Rams,515,327,63.5,7.2,3695,20,16.0,84.9,189.0,36.7,43,7,63,47,295.0,2014
24,Ravens,554,344,62.1,7.2,3986,27,12.0,91.0,194.0,35.0,50,7,80,19,167.0,2014
25,Redskins,547,364,66.5,8.2,4461,18,18.0,88.8,186.0,34.0,57,20,81,58,414.0,2014
26,Saints,659,456,69.2,7.5,4952,33,17.0,97.0,258.0,39.2,52,10,69,30,188.0,2014
27,Seahawks,454,287,63.2,7.7,3492,20,7.0,95.1,160.0,35.2,54,8,80,42,242.0,2014
28,Steelers,612,411,67.2,8.2,4997,33,10.0,103.2,243.0,39.7,56,15,94,33,172.0,2014
29,Texans,485,295,60.8,7.1,3460,22,13.0,86.4,171.0,35.3,49,9,76,26,108.0,2014
30,Titans,513,299,58.3,7.3,3738,20,16.0,81.0,159.0,31.0,50,8,80,50,326.0,2014
31,Vikings,517,322,62.3,6.9,3566,17,18.0,79.2,171.0,33.1,43,7,87,51,322.0,2014
0,49ers,526,322,61.2,6.9,3646,16,12.0,82.6,154.0,29.3,46,12,76,53,330.0,2015
1,Bears,523,334,63.9,7.3,3843,21,12.0,89.7,177.0,33.8,56,10,87,34,183.0,2015
2,Bengals,505,334,66.1,8.1,4104,31,9.0,104.1,191.0,37.8,63,13,80,32,181.0,2015
3,Bills,465,295,63.4,7.7,3600,23,9.0,95.6,155.0,33.3,51,12,63,42,257.0,2015
4,Broncos,606,368,60.7,7.0,4216,19,23.0,76.3,201.0,33.2,41,11,75,39,246.0,2015
5,Browns,609,371,60.9,6.8,4156,20,12.0,84.0,192.0,31.5,48,12,61,53,374.0,2015
6,Buccaneers,535,312,58.3,7.6,4042,22,15.0,84.2,201.0,37.6,57,9,68,27,190.0,2015
7,Cardinals,562,353,62.8,8.5,4775,35,13.0,100.9,237.0,42.2,66,15,68,27,159.0,2015
8,Chargers,667,442,66.3,7.3,4855,30,13.0,94.5,230.0,34.5,53,8,80,40,264.0,2015
9,Chiefs,473,310,65.5,7.4,3493,20,7.0,95.4,155.0,32.8,42,10,80,46,238.0,2015
10,Colts,619,355,57.4,6.3,3928,26,19.0,77.5,195.0,31.5,46,7,87,37,224.0,2015
11,Cowboys,528,334,63.3,7.0,3677,16,22.0,76.6,175.0,33.1,40,4,67,33,206.0,2015
12,Dolphins,588,365,62.1,7.2,4231,24,12.0,88.9,194.0,33.0,57,13,54,45,420.0,2015
13,Eagles,623,405,65.0,7.0,4341,23,18.0,85.6,193.0,31.0,53,14,78,37,254.0,2015
14,Falcons,621,410,66.0,7.4,4602,21,17.0,87.8,230.0,37.0,49,9,70,32,223.0,2015
15,Giants,623,392,62.9,7.2,4500,36,14.0,94.5,208.0,33.4,53,16,87,27,157.0,2015
16,Jaguars,607,355,58.5,7.3,4428,35,18.0,88.1,215.0,35.4,72,11,90,51,320.0,2015
17,Jets,604,362,59.9,6.9,4170,33,16.0,88.0,210.0,34.8,56,9,69,22,113.0,2015
18,Lions,632,420,66.5,7.1,4463,33,14.0,95.1,236.0,37.3,52,8,57,44,251.0,2015
19,Packers,573,348,60.7,6.7,3825,31,8.0,92.7,173.0,30.2,55,6,65,47,322.0,2015
20,Panthers,501,300,59.9,7.7,3873,35,10.0,99.2,197.0,39.3,53,10,74,33,284.0,2015
21,Patriots,629,404,64.2,7.7,4812,36,7.0,101.9,229.0,36.4,59,12,76,38,225.0,2015
22,Raiders,605,373,61.7,6.8,4129,34,14.0,91.0,193.0,31.9,53,10,68,33,250.0,2015
23,Rams,473,273,57.7,6.2,2931,11,11.0,74.1,126.0,26.6,35,10,68,18,126.0,2015
24,Ravens,676,426,63.0,6.6,4449,21,21.0,79.4,211.0,31.2,54,8,50,24,178.0,2015
25,Redskins,555,386,69.5,7.7,4294,30,11.0,102.0,208.0,37.5,52,9,78,27,199.0,2015
26,Saints,667,460,69.0,7.8,5205,32,12.0,100.6,247.0,37.0,72,13,80,32,235.0,2015
27,Seahawks,489,333,68.1,8.3,4061,34,8.0,109.8,190.0,38.9,60,9,80,46,271.0,2015
28,Steelers,590,391,66.3,8.2,4822,26,21.0,91.2,207.0,35.1,61,21,88,33,219.0,2015
29,Texans,619,358,57.8,6.6,4079,29,12.0,85.3,210.0,33.9,46,8,61,36,246.0,2015
30,Titans,551,342,62.1,7.1,3893,25,17.0,85.5,195.0,35.4,49,6,61,54,390.0,2015
31,Vikings,454,294,64.8,7.1,3246,14,9.0,87.9,153.0,33.7,41,6,52,45,318.0,2015
0,49ers,491,287,58.5,6.4,3166,21,10.0,83.4,152.0,31.0,35,6,75,47,255.0,2016
1,Bears,559,347,62.1,7.4,4139,19,19.0,81.8,212.0,37.9,49,4,64,28,170.0,2016
2,Bengals,563,364,64.7,7.5,4206,18,8.0,91.8,204.0,36.2,53,13,86,41,264.0,2016
3,Bills,474,286,60.3,6.9,3250,17,7.0,86.7,155.0,32.7,35,8,84,46,214.0,2016
4,Broncos,570,339,59.5,6.9,3914,20,11.0,83.9,181.0,31.8,40,8,76,40,229.0,2016
5,Browns,567,338,59.6,6.5,3693,15,14.0,77.4,181.0,31.9,44,9,58,66,429.0,2016
6,Buccaneers,578,355,61.4,7.2,4165,29,18.0,87.0,220.0,38.1,43,4,45,35,239.0,2016
7,Cardinals,646,383,59.3,6.8,4425,28,17.0,83.5,229.0,35.4,51,6,80,41,289.0,2016
8,Chargers,580,349,60.2,7.6,4386,33,21.0,87.6,214.0,36.9,57,16,59,36,188.0,2016
9,Chiefs,546,365,66.8,7.2,3914,19,8.0,93.2,197.0,36.1,46,9,80,32,174.0,2016
10,Colts,584,370,63.4,7.7,4491,32,15.0,94.5,220.0,37.7,63,8,64,44,289.0,2016
11,Cowboys,483,325,67.3,7.9,3799,25,6.0,103.0,191.0,39.5,39,8,83,28,168.0,2016
12,Dolphins,477,316,66.2,7.8,3716,27,15.0,95.5,167.0,35.0,46,15,74,30,216.0,2016
13,Eagles,609,380,62.4,6.2,3798,16,14.0,79.2,192.0,31.5,39,6,73,33,213.0,2016
14,Falcons,537,374,69.6,9.2,4960,38,7.0,116.8,239.0,44.5,69,17,76,37,235.0,2016
15,Giants,598,377,63.0,6.7,4027,26,16.0,86.0,190.0,31.8,46,11,75,22,148.0,2016
16,Jaguars,626,369,58.9,6.3,3925,24,16.0,79.5,207.0,33.1,44,4,51,34,197.0,2016
17,Jets,550,311,56.5,6.6,3645,16,25.0,67.6,166.0,30.2,48,10,69,35,179.0,2016
18,Lions,594,388,65.3,7.3,4327,24,10.0,93.3,217.0,36.5,52,10,73,37,216.0,2016
19,Packers,620,403,65.0,7.2,4445,40,8.0,102.3,222.0,35.8,57,10,66,35,246.0,2016
20,Panthers,563,306,54.4,7.0,3962,21,19.0,75.1,194.0,34.5,49,9,88,36,277.0,2016
21,Patriots,550,368,66.9,8.1,4456,32,2.0,109.5,203.0,36.9,56,9,79,24,148.0,2016
22,Raiders,596,379,63.6,6.9,4137,29,7.0,95.3,198.0,33.2,51,8,75,18,86.0,2016
23,Rams,536,312,58.2,6.2,3313,14,20.0,69.5,151.0,28.2,43,9,66,49,362.0,2016
24,Ravens,679,439,64.7,6.4,4343,20,16.0,82.6,205.0,30.2,40,11,95,33,243.0,2016
25,Redskins,607,407,67.1,8.2,4948,25,12.0,97.4,226.0,37.2,70,13,80,23,190.0,2016
26,Saints,674,472,70.0,7.8,5258,38,15.0,102.5,265.0,39.3,71,11,98,27,184.0,2016
27,Seahawks,567,368,64.9,7.8,4422,23,12.0,93.4,203.0,35.8,54,12,59,42,298.0,2016
28,Steelers,596,381,63.9,7.3,4377,33,15.0,93.9,210.0,35.2,64,10,72,21,175.0,2016
29,Texans,583,347,59.5,5.9,3418,15,16.0,73.3,173.0,29.7,34,4,53,32,242.0,2016
30,Titans,504,307,60.9,7.4,3720,29,11.0,93.7,175.0,34.7,53,8,60,28,179.0,2016
31,Vikings,588,414,70.4,7.0,4119,20,5.0,97.7,209.0,35.5,52,8,71,38,283.0,2016
0,49ers,532,331,62.2,8.0,4247,26,20.0,87.8,201.0,37.8,61,12,85,48,380.0,2017
1,Bears,512,344,67.2,7.3,3747,28,14.0,95.4,177.0,34.6,46,11,70,33,183.0,2017
2,Bengals,542,331,61.1,6.6,3569,27,13.0,87.0,182.0,33.6,53,1,49,37,279.0,2017
3,Bills,499,271,54.3,6.2,3082,13,23.0,62.6,137.0,27.5,43,8,75,41,288.0,2017
4,Broncos,588,367,62.4,6.7,3930,19,15.0,82.1,181.0,30.8,53,11,64,34,235.0,2017
5,Browns,574,353,61.5,7.4,4261,29,17.0,88.8,189.0,32.9,60,11,71,38,254.0,2017
6,Buccaneers,625,408,65.3,8.6,5358,36,26.0,94.1,265.0,42.4,71,14,75,41,233.0,2017
7,Cardinals,495,283,57.2,5.8,2884,15,18.0,69.0,137.0,27.7,31,4,75,52,361.0,2017
8,Chargers,512,348,68.0,8.4,4316,32,12.0,104.9,213.0,41.6,60,10,75,34,227.0,2017
9,Chiefs,583,385,66.0,8.8,5126,50,12.0,113.8,239.0,41.0,76,15,89,26,171.0,2017
10,Colts,644,432,67.1,7.1,4595,39,15.0,98.2,237.0,36.8,53,7,68,18,134.0,2017
11,Cowboys,527,356,67.6,7.4,3885,22,8.0,96.7,184.0,34.9,39,9,90,56,347.0,2017
12,Dolphins,455,292,64.2,7.3,3309,26,13.0,93.0,153.0,33.6,34,9,75,52,409.0,2017
13,Eagles,599,422,70.5,7.6,4524,29,11.0,100.7,221.0,36.9,52,9,83,40,249.0,2017
14,Falcons,617,428,69.4,8.0,4949,36,7.0,108.0,238.0,38.6,56,9,75,42,296.0,2017
15,Giants,583,382,65.5,7.6,4405,23,12.0,92.7,208.0,35.7,59,12,58,47,358.0,2017
16,Jaguars,536,329,61.4,6.4,3431,15,13.0,79.1,164.0,30.6,41,3,80,53,322.0,2017
17,Jets,524,299,57.1,6.5,3404,18,19.0,73.0,157.0,30.0,44,5,76,37,239.0,2017
18,Lions,574,375,65.3,6.7,3844,22,12.0,88.5,201.0,35.0,44,6,67,41,268.0,2017
19,Packers,640,392,61.3,7.2,4629,25,4.0,93.7,208.0,32.5,57,16,75,53,391.0,2017
20,Panthers,563,378,67.1,7.2,4071,28,16.0,92.9,212.0,37.7,52,5,82,32,235.0,2017
21,Patriots,574,378,65.9,7.7,4405,29,11.0,97.8,206.0,35.9,54,8,63,21,147.0,2017
22,Raiders,556,382,68.7,7.3,4057,19,10.0,93.6,197.0,35.4,52,7,66,52,306.0,2017
23,Rams,568,368,64.8,8.3,4730,32,12.0,100.7,236.0,41.5,69,9,70,33,223.0,2017
24,Ravens,556,334,60.1,6.7,3708,18,9.0,84.0,184.0,33.1,43,6,74,32,150.0,2017
25,Redskins,509,311,61.1,6.5,3287,16,15.0,78.1,156.0,30.6,40,6,79,44,266.0,2017
26,Saints,519,381,73.4,8.0,4174,33,7.0,112.3,210.0,40.5,59,7,72,20,132.0,2017
27,Seahawks,427,280,65.6,8.1,3448,35,7.0,110.9,156.0,36.5,47,13,66,51,355.0,2017
28,Steelers,689,459,66.6,7.5,5174,35,17.0,95.5,251.0,36.4,62,16,97,24,166.0,2017
29,Texans,506,345,68.2,8.2,4165,26,9.0,102.9,202.0,39.9,51,8,73,62,384.0,2017
30,Titans,437,293,67.0,7.4,3255,16,12.0,89.8,156.0,35.7,37,6,66,47,280.0,2017
31,Vikings,606,425,70.1,7.1,4298,30,10.0,99.7,218.0,36.0,47,7,75,40,262.0,2017
0,49ers,532,331,62.2,8.0,4247,26,20.0,87.8,201.0,37.8,61,12,85,48,380.0,2018
1,Bears,512,344,67.2,7.3,3747,28,14.0,95.4,177.0,34.6,46,11,70,33,183.0,2018
2,Bengals,542,331,61.1,6.6,3569,27,13.0,87.0,182.0,33.6,53,1,49,37,279.0,2018
3,Bills,499,271,54.3,6.2,3082,13,23.0,62.6,137.0,27.5,43,8,75,41,288.0,2018
4,Broncos,588,367,62.4,6.7,3930,19,15.0,82.1,181.0,30.8,53,11,64,34,235.0,2018
5,Browns,574,353,61.5,7.4,4261,29,17.0,88.8,189.0,32.9,60,11,71,38,254.0,2018
6,Buccaneers,625,408,65.3,8.6,5358,36,26.0,94.1,265.0,42.4,71,14,75,41,233.0,2018
7,Cardinals,495,283,57.2,5.8,2884,15,18.0,69.0,137.0,27.7,31,4,75,52,361.0,2018
8,Chargers,512,348,68.0,8.4,4316,32,12.0,104.9,213.0,41.6,60,10,75,34,227.0,2018
9,Chiefs,583,385,66.0,8.8,5126,50,12.0,113.8,239.0,41.0,76,15,89,26,171.0,2018
10,Colts,644,432,67.1,7.1,4595,39,15.0,98.2,237.0,36.8,53,7,68,18,134.0,2018
11,Cowboys,527,356,67.6,7.4,3885,22,8.0,96.7,184.0,34.9,39,9,90,56,347.0,2018
12,Dolphins,455,292,64.2,7.3,3309,26,13.0,93.0,153.0,33.6,34,9,75,52,409.0,2018
13,Eagles,599,422,70.5,7.6,4524,29,11.0,100.7,221.0,36.9,52,9,83,40,249.0,2018
14,Falcons,617,428,69.4,8.0,4949,36,7.0,108.0,238.0,38.6,56,9,75,42,296.0,2018
15,Giants,583,382,65.5,7.6,4405,23,12.0,92.7,208.0,35.7,59,12,58,47,358.0,2018
16,Jaguars,536,329,61.4,6.4,3431,15,13.0,79.1,164.0,30.6,41,3,80,53,322.0,2018
17,Jets,524,299,57.1,6.5,3404,18,19.0,73.0,157.0,30.0,44,5,76,37,239.0,2018
18,Lions,574,375,65.3,6.7,3844,22,12.0,88.5,201.0,35.0,44,6,67,41,268.0,2018
19,Packers,640,392,61.3,7.2,4629,25,4.0,93.7,208.0,32.5,57,16,75,53,391.0,2018
20,Panthers,563,378,67.1,7.2,4071,28,16.0,92.9,212.0,37.7,52,5,82,32,235.0,2018
21,Patriots,574,378,65.9,7.7,4405,29,11.0,97.8,206.0,35.9,54,8,63,21,147.0,2018
22,Raiders,556,382,68.7,7.3,4057,19,10.0,93.6,197.0,35.4,52,7,66,52,306.0,2018
23,Rams,568,368,64.8,8.3,4730,32,12.0,100.7,236.0,41.5,69,9,70,33,223.0,2018
24,Ravens,556,334,60.1,6.7,3708,18,9.0,84.0,184.0,33.1,43,6,74,32,150.0,2018
25,Redskins,509,311,61.1,6.5,3287,16,15.0,78.1,156.0,30.6,40,6,79,44,266.0,2018
26,Saints,519,381,73.4,8.0,4174,33,7.0,112.3,210.0,40.5,59,7,72,20,132.0,2018
27,Seahawks,427,280,65.6,8.1,3448,35,7.0,110.9,156.0,36.5,47,13,66,51,355.0,2018
28,Steelers,689,459,66.6,7.5,5174,35,17.0,95.5,251.0,36.4,62,16,97,24,166.0,2018
29,Texans,506,345,68.2,8.2,4165,26,9.0,102.9,202.0,39.9,51,8,73,62,384.0,2018
30,Titans,437,293,67.0,7.4,3255,16,12.0,89.8,156.0,35.7,37,6,66,47,280.0,2018
31,Vikings,606,425,70.1,7.1,4298,30,10.0,99.7,218.0,36.0,47,7,75,40,262.0,2018
0,49ers,478,331,69.2,8.4,4029,28,13.0,103.1,195.0,40.8,62,8,75,36,237.0,2019
1,Bears,580,371,64.0,6.2,3573,20,12.0,83.9,178.0,30.7,39,2,53,45,282.0,2019
2,Bengals,616,356,57.8,6.5,3994,18,16.0,76.2,191.0,31.0,48,7,66,48,342.0,2019
3,Bills,513,299,58.3,6.8,3476,21,12.0,82.8,162.0,31.6,54,8,53,40,247.0,2019
4,Broncos,504,312,61.9,6.7,3401,16,10.0,84.1,162.0,32.1,46,10,75,41,286.0,2019
5,Browns539,318,59,7.1,3847.0,22,21,78.4,180.0,33.4,58.0,9,89,41,293,,2019
6,Buccaneers,630,382,60.6,8.1,5127,33,30.0,84.1,244.0,38.7,75,13,71,47,282.0,2019
7,Cardinals,554,355,64.1,6.9,3797,20,12.0,87.0,176.0,31.8,49,10,88,50,320.0,2019
8,Chargers,597,394,66.0,7.8,4648,24,20.0,89.0,220.0,36.9,57,12,84,34,222.0,2019
9,Chiefs,576,378,65.6,8.1,4690,30,5.0,104.4,211.0,36.6,59,18,83,25,192.0,2019
10,Colts,513,307,59.8,6.5,3314,22,10.0,85.0,165.0,32.2,38,3,50,32,206.0,2019
11,Cowboys,597,388,65.0,8.2,4902,30,11.0,99.5,229.0,38.4,68,16,62,23,151.0,2019
12,Dolphins,615,371,60.3,6.7,4117,22,18.0,80.0,210.0,34.1,49,7,51,58,313.0,2019
13,Eagles,613,391,63.8,6.6,4063,27,8.0,92.1,215.0,35.1,52,6,53,37,230.0,2019
14,Falcons,684,459,67.1,7.4,5049,29,15.0,93.8,258.0,37.7,52,5,93,50,335.0,2019
15,Giants,607,376,61.9,6.7,4070,30,17.0,86.4,187.0,30.8,54,11,75,43,339.0,2019
16,Jaguars,589,364,61.8,6.8,4023,24,8.0,90.0,183.0,31.1,53,6,70,42,263.0,2019
17,Jets,521,323,62.0,6.6,3443,19,16.0,80.6,162.0,31.1,44,6,92,52,332.0,2019
18,Lions,571,344,60.2,7.3,4187,28,15.0,88.2,196.0,34.3,60,13,75,43,287.0,2019
19,Packers,573,356,62.1,7.0,4017,26,4.0,95.3,190.0,33.2,52,12,74,36,284.0,2019
20,Panthers,633,382,60.3,6.5,4134,17,21.0,74.7,230.0,36.3,40,7,52,58,484.0,2019
21,Patriots,620,378,61.0,6.7,4153,25,9.0,88.2,197.0,31.8,62,6,59,28,192.0,2019
22,Raiders,523,367,70.2,7.9,4110,22,8.0,101.0,194.0,37.1,54,10,75,29,184.0,2019
23,Rams,632,397,62.8,7.4,4669,22,17.0,85.6,222.0,35.1,73,6,66,22,170.0,2019
24,Ravens,440,289,65.7,7.6,3350,37,8.0,109.0,171.0,38.9,44,8,83,28,125.0,2019
25,Redskins,479,298,62.2,6.7,3205,18,13.0,83.0,154.0,32.2,38,6,75,50,393.0,2019
26,Saints,581,418,71.9,7.6,4431,36,6.0,110.2,230.0,39.6,54,9,61,25,187.0,2019
27,Seahawks,517,341,66.0,7.9,4110,31,6.0,105.3,190.0,36.8,55,10,60,48,319.0,2019
28,Steelers,510,315,61.8,6.3,3214,18,19.0,76.1,147.0,28.8,37,8,79,32,233.0,2019
29,Texans,534,355,66.5,7.6,4083,27,14.0,95.3,203.0,38.0,51,10,54,49,300.0,2019
30,Titans,448,297,66.3,8.8,3956,29,8.0,108.3,177.0,39.5,58,15,91,56,374.0,2019
31,Vikings,466,319,68.5,8.0,3729,26,8.0,103.9,171.0,36.7,53,11,66,28,206.0,2019
0,49ers,570,371,65.1,7.6,4320,25,17.0,90.1,217.0,38.1,55,10,76,39,287.0,2020
1,Bears,614,402,65.5,6.4,3925,26,16.0,86.5,218.0,35.5,42,3,53,36,270.0,2020
2,Bengals,581,372,64.0,6.5,3793,19,11.0,85.7,201.0,34.6,35,5,72,48,345.0,2020
3,Bills,596,410,68.8,8.0,4786,40,11.0,107.6,240.0,40.3,66,10,56,27,166.0,2020
4,Broncos,556,317,57.0,6.6,3673,21,23.0,72.5,176.0,31.7,49,11,92,32,222.0,2020
5,Browns,501,315,62.9,7.4,3701,27,8.0,96.6,195.0,38.9,45,5,75,26,162.0,2020
6,Buccaneers,626,410,65.5,7.6,4776,42,12.0,102.8,238.0,38.0,67,12,50,22,150.0,2020
7,Cardinals,575,387,67.3,7.1,4102,27,13.0,94.1,211.0,36.7,45,14,80,29,186.0,2020
8,Chargers,627,413,65.9,7.3,4548,31,10.0,97.0,226.0,36.0,54,10,72,34,219.0,2020
9,Chiefs,630,420,66.7,7.9,5005,40,7.0,107.3,255.0,40.5,69,8,75,24,151.0,2020
10,Colts,552,371,67.2,7.6,4186,24,11.0,95.9,201.0,36.4,56,8,55,21,133.0,2020
11,Cowboys,639,413,64.6,7.1,4511,25,13.0,89.9,231.0,36.2,50,11,69,44,350.0,2020
12,Dolphins,559,370,66.2,7.0,3937,24,13.0,91.2,207.0,37.0,40,4,70,34,201.0,2020
13,Eagles,598,334,55.9,6.2,3728,22,20.0,72.9,177.0,29.6,43,9,81,65,401.0,2020
14,Falcons,628,408,65.0,7.4,4620,27,11.0,93.9,243.0,38.7,59,8,63,41,257.0,2020
15,Redskins,601,389,64.7,6.3,3796,16,16.0,80.1,184.0,30.6,40,6,68,50,331.0,2020
16,Giants,517,321,62.1,6.5,3336,12,11.0,79.6,178.0,34.4,36,5,53,50,310.0,2020
17,Jaguars,616,387,62.8,6.4,3955,25,16.0,83.9,205.0,33.3,45,5,73,44,256.0,2020
18,Jets,499,292,58.5,6.2,3115,16,14.0,75.9,146.0,29.3,39,6,69,43,319.0,2020
19,Lions,582,374,64.3,7.6,4397,27,13.0,93.3,220.0,37.8,58,8,73,42,293.0,2020
20,Packers,526,372,70.7,8.2,4299,48,5.0,121.5,216.0,41.1,57,14,78,21,193.0,2020
21,Panthers,550,373,67.8,7.5,4129,16,16.0,87.5,192.0,34.9,55,9,75,36,241.0,2020
22,Patriots,440,283,64.3,7.1,3124,12,14.0,81.1,157.0,35.7,38,3,50,37,234.0,2020
23,Raiders,551,369,67.0,8.0,4383,28,10.0,100.4,206.0,37.4,59,12,85,28,166.0,2020
24,Rams,590,392,66.4,7.1,4183,20,14.0,88.4,206.0,34.9,50,6,56,25,169.0,2020
25,Ravens,406,257,63.3,7.2,2919,27,11.0,95.7,142.0,35.0,38,5,70,32,180.0,2020
26,Saints,522,370,70.9,7.6,3945,28,8.0,104.1,199.0,38.1,44,9,52,29,187.0,2020
27,Seahawks,563,388,68.9,7.5,4245,40,13.0,105.0,216.0,38.4,45,11,62,48,304.0,2020
28,Steelers,656,428,65.2,6.3,4129,35,11.0,93.5,206.0,31.4,48,7,84,14,126.0,2020
29,Texans,546,383,70.1,8.9,4843,33,7.0,112.3,222.0,40.7,70,11,77,50,305.0,2020
30,Titans,485,316,65.2,7.9,3826,33,7.0,105.9,203.0,41.9,44,13,75,25,173.0,2020
31,Vikings,516,349,67.6,8.3,4265,35,13.0,105.0,212.0,41.1,58,7,71,39,256.0,2020
